split,query_id,citation,present_as_text_reference,parent_count_global,parent_in_same_query_gold,same_query_gold_parents,sample_global_parents,status
train,train_0001,Art. 10a Abs. 1 UVG,False,0,False,,,no_parent_edges_found
train,train_0002,Art. 975 ZGB,True,43,False,,1C_664/2024 E. 4.2.2;5A.6/2005 17.03.2005 E. 3;5A_1007/2020 E. 2.3.1;5A_134/2020 E. 1;5A_194/2013 E. 3.1;5A_194/2013 E. 4.1;5A_194/2013 E. 5;5A_195/2012 21.06.2012 E. 1;5A_222/2015 E. 2.3;5A_222/2015 E. C;5A_250/2018 E. 2.1;5A_250/2018 E. 2.2;5A_250/2018 E. 3.3;5A_250/2018 E. 3.5;5A_480/2016 E. 1.1;5A_480/2016 E. 1.2;5A_489/2010 06.12.2010 E. 3;5A_494/2020 E. 3.1;5A_520/2018 E. 2;5A_552/2018 E. 1,has_parents_but_none_in_same_query_gold
train,train_0002,Art. 973 ZGB,True,50,False,,1C_151/2010 21.06.2010 E. 2;1C_340/2016 E. 3.1;1C_585/2015 E. 2;2C_49/2014 E. 4.3;4A_393/2018 E. 2.4.4;4A_553/2015 10.03.2016 E. 5.3.2;4C.339/2004 12.01.2005 E. 4;5A_1007/2020 E. 2.1.2;5A_1043/2021 E. 3.2.2;5A_155/2012 29.05.2012 E. 4;5A_178/2017 E. 7.1;5A_28/2021 E. 3.4.3;5A_304/2015 E. 4.2;5A_361/2017 E. 2.4.6;5A_375/2010 25.11.2010 E. 3;5A_377/2017 E. 2.3.1;5A_412/2009 27.10.2009 E. 5;5A_449/2014 E. 2.2.1;5A_458/2019 E. 3.3;5A_473/2017 E. 3,has_parents_but_none_in_same_query_gold
train,train_0002,Art. 956a ZGB,True,9,False,,5A_1024/2020 E. 1;5A_12/2021 E. 1;5A_12/2021 E. 2;5A_237/2018 E. 2.2;5A_237/2018 E. 2.3;5A_518/2017 E. 1.1;5A_595/2024 E. A;Art. 6 Abs. 3 GBV;BGE 144 III 310 E. 2.2.2,has_parents_but_none_in_same_query_gold
train,train_0002,Art. 976a ZGB,True,2,False,,5A_726/2021 E. 3.2;Art. 69 Abs. 4 GBV,has_parents_but_none_in_same_query_gold
train,train_0002,Art. 60 OR,True,99,False,,1C_315/2018 10.04.2019 E. 2.3;1C_353/2007 30.10.2008 E. 7.3;2A.29/2000 12.05.2000 E. 3;2A.373/1998 21.01.2000 E. 3;2A.553/2002 22.08.2003 E. 4;2C.3/2005 10.01.2007 E. 5;2C_1098/2018 E. 2.3;2C_192/2015 E. 3.6;2C_229/2023 30.08.2023 E. 7.2;2C_245/2018 E. 2.1;2C_245/2018 E. 7.3;2C_357/2016 E. 2.3;2C_372/2018 E. 3.1;2C_414/2013 E. 6.4.1;2C_414/2013 E. 6.4.2;2C_622/2024 E. 5.3;2C_622/2024 E. 5.4;2C_622/2024 E. 5.5;2C_622/2024 E. 5.7.1;2C_622/2024 E. 5.7.5,has_parents_but_none_in_same_query_gold
train,train_0003,Art. 264m StGB,True,7,False,,1B_1/2023 E. 3.8;1B_271/2017 E. 6.5;1B_417/2017 E. 7;1B_465/2018 E. 3.5;6B_466/2015 E. 1.4.1;BGE 142 IV 329 E. 1.4.1;BGE 143 IV 316 E. 6.5,has_parents_but_none_in_same_query_gold
train,train_0005,Art. 50 BV,True,99,False,,1C_100/2020 E. 1.3;1C_101/2007 26.02.2008 E. 1;1C_11/2008 25.09.2008 E. 1;1C_11/2008 25.09.2008 E. C;1C_119/2023 E. 1.1;1C_128/2019 25.08.2020 E. 1.3;1C_183/2007 05.02.2008 E. 6;1C_183/2007 05.02.2008 E. B;1C_188/2020 E. 2;1C_202/2009 12.10.2009 E. 2;1C_221/2017 18.04.2018 E. 7.2;1C_235/2018 E. 1.4;1C_235/2018 E. 3;1C_24/2024 E. 5;1C_241/2022 E. 2.5;1C_269/2022 E. 3.2.4;1C_289/2020 E. 2.5;1C_30/2018 E. 3.1;1C_314/2018 E. 3.1;1C_326/2008 29.10.2008 E. 1,has_parents_but_none_in_same_query_gold
train,train_0006,Art. 106 StGB,True,89,True,Art. 42 Abs. 4 StGB,1B_103/2019 E. 2.2;1B_103/2019 E. 2.7;1B_103/2019 E. 2.8;1B_360/2019 E. 4.2;4A_368/2023 E. 4.1;6B_1018/2021 E. 3;6B_1023/2008 07.05.2009 E. 1.3;6B_1040/2008 31.03.2009 E. 2;6B_1040/2008 31.03.2009 E. 3;6B_1040/2008 31.03.2009 E. 4;6B_1042/2008 30.04.2009 E. 2;6B_109/2007 17.03.2008 E. 7;6B_109/2007 17.03.2008 E. 8;6B_1113/2023 E. 4.1;6B_1151/2015 E. 2.3;6B_1227/2023 E. 4.2.1;6B_1228/2021 E. 4.2;6B_1284/2020 E. B;6B_1305/2023 E. 7.3.2;6B_1309/2020 E. 1.3.4,parent_in_same_query_gold
train,train_0007,Art. 630 ZGB,True,13,False,,5A_145/2013 E. 4;5A_180/2022 E. 3.2;5A_180/2022 E. 3.4.2;5A_326/2016 E. 4.2.2;5A_587/2010 11.02.2011 E. 4;5A_610/2009 01.02.2010 E. 6;5A_69/2008 20.08.2008 E. 6;5C.158/2006 23.03.2007 E. 6.3;5C.60/2003 07.05.2003 E. 3;5C.76/2006 29.08.2006 E. 2;5P.258/2006 23.03.2007 E. 6;BGE 133 III 416 E. 6.3.1;BGE 133 III 416 E. 6.3.4,has_parents_but_none_in_same_query_gold
train,train_0009,Art. 337 OR,True,245,False,,1C_245/2008 02.03.2009 E. 5;1C_277/2007 30.06.2008 E. 6;1C_42/2007 29.11.2007 E. 3.5;1C_514/2023 E. 5.1;1C_514/2023 E. 7.1;2A.495/2006 30.04.2007 E. 4;2A.518/2003 10.02.2004 E. 5;2A.656/2006 15.10.2007 E. 5;2D_36/2017 E. 2.4;4A_101/2012 31.05.2012 E. 2;4A_109/2016 E. 4.1;4A_109/2016 E. 4.2;4A_109/2016 E. 4.3;4A_115/2022 E. 4.2;4A_115/2022 E. A;4A_132/2016 E. 3.2.2;4A_138/2022 E. 4;4A_140/2009 12.05.2009 E. 5;4A_148/2011 08.09.2011 E. 4;4A_151/2025 E. 3.1.1,has_parents_but_none_in_same_query_gold
train,train_0009,Art. 361 OR,True,38,False,,4A_112/2023 E. 4.1;4A_183/2012 11.09.2012 E. 4;4A_194/2013 E. 4.3;4A_196/2013 E. 4.3;4A_198/2013 E. 4.3;4A_200/2013 E. 4.3;4A_202/2013 E. 4.3;4A_204/2013 E. 4.3;4A_222/2024 E. 5.1.1;4A_31/2021 E. 3.2.1;4A_357/2022 E. 2.2.1;4A_42/2011 15.07.2011 E. 5;4A_45/2017 E. 6.2;4A_579/2017 E. 5.4.1;4A_619/2019 E. 3.1;4A_673/2016 E. 4;4A_72/2015 E. 3.2;4A_72/2018 E. 4.4.1;4C.18/2002 26.04.2002 E. 3;4C.184/2000 24.10.2000 E. 3,has_parents_but_none_in_same_query_gold
train,train_0010,Art. 11 StGB,True,159,False,,1B_191/2012 03.08.2012 E. A;1B_245/2016 E. 5;1B_322/2017 E. 4.2;1B_52/2015 E. 4.3;1C_263/2015 E. 1;1C_269/2015 E. 1;1C_306/2015 E. 2.3;1C_438/2016 E. 4.1;1C_441/2021 E. 3.3;1C_454/2022 E. 4.3.3;1C_493/2020 E. 4.3.2;1C_57/2018 E. 3;1P.219/2001 12.07.2001 E. 1;1P.219/2001 12.07.2001 E. 2;1P.527/2003 10.12.2003 E. 2;1P.550/2002 14.01.2003 E. 2;1P.758/2000 01.02.2001 E. 2;1P.758/2000 01.02.2001 E. 5;2A.149/2003 09.07.2003 E. 3;6B_1015/2019 E. 4.5.2,has_parents_but_none_in_same_query_gold
train,train_0010,Art. 158 StGB,True,250,False,,1A.101/2000 18.07.2000 E. 4;1A.105/2000 18.07.2000 E. 4;1A.109/2000 18.07.2000 E. 3;1A.110/2000 18.07.2000 E. 5;1A.125/2006 10.08.2006 E. 2;1A.153/2004 07.09.2004 E. 4;1A.153/2004 07.09.2004 E. A;1A.153/2004 07.09.2004 E. B;1A.161/2005 12.07.2005 E. 2;1A.175/2004 25.11.2004 E. 2;1A.178/2006 19.01.2007 E. 2;1A.188/2005 24.10.2005 E. 2;1A.194/2005 18.08.2005 E. 3;1A.197/2000 21.07.2000 E. 2;1A.197/2000 21.07.2000 E. I;1A.199/2004 07.01.2005 E. 7;1A.24/2004 11.08.2004 E. 7;1A.247/1999 24.01.2000 E. 3;1A.257/2003 28.01.2004 E. 6;1A.268/2005 17.11.2005 E. 5,has_parents_but_none_in_same_query_gold
train,train_0010,Art. 102 StGB,True,55,False,,1B_188/2011 01.06.2011 E. 1;1B_188/2011 01.06.2011 E. B;1B_249/2015 E. 3.3;1B_249/2015 E. 6;1B_505/2019 E. 3.4;1B_516/2011 17.11.2011 E. 2;2A.168/2006 08.03.2007 E. 3;2C_147/2007 23.01.2008 E. 6;2C_175/2024 E. 8.4.3;2C_192/2019 E. 3.2;2C_192/2019 E. 4.3;2C_192/2019 E. 5.4.1;2C_383/2020 E. 4.7.2;2C_484/2010 E. 3.2;2C_916/2014 E. 7.2;2C_950/2012 E. 6.2.1;4A_249/2024 E. 1.1;4A_249/2024 E. B;5A_25/2025 E. 1.3;5A_25/2025 E. 6,has_parents_but_none_in_same_query_gold
train,train_0010,Art. 706 OR,True,62,False,,4A_10/2012 02.10.2012 E. 3;4A_10/2012 02.10.2012 E. 3.2;4A_160/2016 E. 2.3.7;4A_166/2016 E. 3.3.7;4A_203/2017 E. 1;4A_260/2018 E. 3.2.2;4A_288/2011 13.02.2012 E. 4;4A_288/2011 13.02.2012 E. B;4A_288/2011 13.02.2012 E. C;4A_295/2021 E. 4.4;4A_321/2008 05.08.2010 E. 6;4A_331/2008 15.09.2008 E. 4;4A_340/2021 E. 6.2;4A_340/2021 E. 6.5.2;4A_351/2008 05.08.2010 E. 4;4A_363/2013 E. 3.3.1;4A_364/2017 E. 5.2.3;4A_380/2022 E. 9.3;4A_380/2022 E. B;4A_384/2022 E. 1.3.1,has_parents_but_none_in_same_query_gold
train,train_0010,Art. 717 OR,True,91,False,,2A.252/2002 04.11.2002 E. 2;2C_1067/2017 E. 3.4.2;2C_110/2017 E. 3.5;2C_265/2009 01.09.2009 E. 3;2C_272/2011 05.12.2011 E. 3.3;2C_708/2012 E. 4.3;2C_88/2011 03.10.2011 E. 2;2C_989/2019 E. 1.1;4A_129/2013 E. 4.2;4A_130/2023 E. 3.5;4A_134/2007 31.07.2007 E. 3;4A_15/2013 E. 7.2.2;4A_151/2014 E. 4.1.2;4A_180/2017 E. 5.2;4A_219/2015 E. 3.2;4A_219/2015 E. 4.1;4A_231/2011 20.09.2011 E. 5;4A_248/2009 27.10.2009 E. 4;4A_250/2025 E. 5.2.2;4A_250/2025 E. 5.4.2,has_parents_but_none_in_same_query_gold
train,train_0010,Art. 643 OR,True,6,False,,2C_196/2017 E. 4.3.1;4A_64/2024 E. 3.3.7;4C.164/2001 13.12.2001 E. 4;5A_353/2019 E. 3.6;BGE 128 III 137 E. 4b;BGE 145 II 49 E. 4.3.1,has_parents_but_none_in_same_query_gold
train,train_0011,Art. 65 StGB,True,86,False,,1A.134/2001 11.12.2001 E. 5;1A.194/2005 18.08.2005 E. 3;1B_136/2013 22.04.2013 E. 3;1B_370/2020 E. 2.2;1B_4/2010 21.01.2010 E. 3;1B_548/2017 E. 3.1;1P.615/2001 15.10.2001 E. 4;1P.617/2001 15.10.2001 E. 4;1P.627/2002 04.03.2003 E. 3;1P.690/2004 14.12.2004 E. 2;1P.857/2005 13.01.2006 E. 4;5A_407/2019 E. 8.2;6B_1027/2021 E. 2.3;6B_1098/2018 E. 1.7;6B_1107/2021 E. 3.4;6B_160/2010 01.06.2010 E. 1;6B_171/2016 E. 2.1;6B_171/2016 E. 2.3;6B_171/2016 E. 2.8;6B_237/2019 E. 2.4,has_parents_but_none_in_same_query_gold
train,train_0012,Art. 50 FINMAG,True,1,False,,2C_192/2019 E. 4.3,has_parents_but_none_in_same_query_gold
train,train_0012,Art. 156 FinfraG,False,0,False,,,no_parent_edges_found
train,train_0013,Art. 8 DSG,True,125,False,,1A.212/2003 30.08.2004 E. 11;1A.212/2003 30.08.2004 E. 13;1A.225/2002 27.05.2003 E. 1;1A.241/2003 03.03.2004 E. 1;1A.241/2003 03.03.2004 E. 3;1A.314/2000 05.03.2001 E. 7;1C_270/2011 29.08.2011 E. 4;1C_285/2009 08.09.2010 E. 3;1C_285/2009 08.09.2010 E. 6;1C_289/2009 02.11.2011 E. 3;1C_289/2009 02.11.2011 E. 7;1C_377/2019 E. 3.2;1C_377/2019 E. 4.3;1C_377/2019 E. 9.2;1C_425/2020 E. 2;1C_425/2020 E. 2.1;1C_425/2020 E. 2.3;1C_425/2020 E. 3.4.2;1C_425/2020 E. 4.3;1C_425/2020 E. A,has_parents_but_none_in_same_query_gold
train,train_0013,Art. 8 Abs. 5 DSG,True,9,False,,4A_125/2020 E. 3.4.2;4A_125/2020 E. 3.4.3;4A_125/2020 E. 3.4.5;4A_215/2014 E. B;4A_588/2018 E. 4.2;4A_588/2018 E. A;BGE 147 III 139 E. 3.4.2;BGE 147 III 139 E. 3.4.3;BGE 147 III 139 E. 3.4.5,has_parents_but_none_in_same_query_gold
train,train_0013,Art. 9 Abs. 5 DSG,True,2,False,,13Y_1/2022 E. 4.3;1C_597/2020 E. 5.1,has_parents_but_none_in_same_query_gold
train,train_0014,Art. 13 BV,True,2239,False,,1A.104/1999 05.04.2000 E. 6;1A.214/2005 23.01.2006 E. 5;1A.23/2005 04.07.2005 E. 5;1B_101/2008 28.10.2008 E. 2;1B_101/2008 28.10.2008 E. 3;1B_103/2021 E. 3.2;1B_115/2016 E. 2.4.1;1B_116/2016 E. 2.4.1;1B_131/2015 E. 3;1B_134/2011 14.07.2011 E. 4;1B_146/2016 E. 2.1;1B_175/2013 E. 1.3;1B_175/2013 E. 4.2.3;1B_191/2018 E. 1.3;1B_191/2018 E. 2;1B_193/2017 E. 3.5.1;1B_206/2007 07.01.2008 E. 6;1B_229/2017 E. 1.5;1B_231/2013 E. 3.3;1B_231/2015 E. 2.3,has_parents_but_none_in_same_query_gold
train,train_0014,Art. 36 BV,True,1471,False,,1A.104/1999 05.04.2000 E. 6;1A.129/2002 09.04.2003 E. 3;1A.151/2001 16.07.2002 E. 5;1A.159/2005 20.02.2006 E. 2;1A.162/2002 10.12.2002 E. 3;1A.198/2002 21.08.2003 E. 3;1A.212/2006 31.05.2007 E. 4;1A.219/2005 28.02.2006 E. 2;1A.219/2005 28.02.2006 E. 3;1A.220/2006 16.03.2007 E. 4;1A.240/2002 13.05.2003 E. 2;1A.244/2000 08.11.2001 E. 8;1A.65/2002 30.07.2002 E. 8;1A.73/1999 07.06.2000 E. 2;1B_10/2008 30.01.2008 E. 5;1B_102/2011 22.03.2011 E. 2;1B_103/2014 E. 2.2;1B_103/2018 E. 2.3;1B_11/2022 E. 3.2;1B_11/2022 E. 3.4,has_parents_but_none_in_same_query_gold
train,train_0015,Art. 83 AIG,True,19,True,Art. 41 Abs. 2 AIG,2C_116/2019 E. 2.2;2C_163/2020 E. 4.2;2C_392/2023 E. 3.3;2C_45/2021 E. 1.2;2C_487/2020 E. 5.2.4;2C_490/2019 E. 5.1;2C_670/2023 E. 2.2;2C_670/2023 E. 3.1;2C_685/2021 E. 2.3;2C_695/2022 E. 6;2C_891/2021 E. 1.4;6B_1024/2019 E. 1.3.5;6B_1471/2021 E. 2.4.3;6B_494/2025 E. 5.4;6B_743/2025 E. 6;Art. 1 Abs. 2 KVV;Art. 36 Abs. 6 VZAE;Art. 41 Abs. 2 AIG;Art. 65 Abs. 3 AIG,parent_in_same_query_gold
train,train_0016,Art. 4 StromVV,True,11,False,,2C_269/2012 27.10.2012 E. 3.4;2C_297/2019 E. 7.2;2C_488/2020 29.03.2023 E. 3.1;2C_518/2012 23.11.2012 E. 2;2C_681/2015 20.07.2016 E. 4.2.1;2C_681/2015 20.07.2016 E. 5.2.7;2C_739/2010 06.07.2011 E. C;BGE 138 I 454 E. 3.6.3;BGE 142 II 451 E. 4.2.1;BGE 142 II 451 E. 5.2.7.1;BGE 149 II 187 E. 3.1,has_parents_but_none_in_same_query_gold
train,train_0016,Art. 15 StromVG,True,25,False,,1C_433/2022 E. 5.1;2C_201/2021 E. 3.5;2C_201/2021 E. 3.7;2C_21/2024 E. B;2C_23/2024 E. 3.2;2C_23/2024 E. 3.5.1;2C_23/2024 E. A;2C_25/2011 03.07.2012 E. 6;2C_25/2011 03.07.2012 E. 9;2C_269/2012 27.10.2012 E. 3.4;2C_297/2019 E. 4.4.1;2C_297/2019 E. 5.4.1;2C_399/2017 E. 4.2;2C_399/2017 E. 9.2.2;2C_518/2012 23.11.2012 E. 2;2C_549/2013 E. 2.3;2C_632/2016 E. 4.1.1;Art. 17 Abs. 5 StromVG;Art. 20a Abs. 5 StromVG;Art. 22 Abs. 5 WResV,has_parents_but_none_in_same_query_gold
train,train_0018,Art. 9 SebG,True,1,False,,Art. 25 Abs. 1 SebG,has_parents_but_none_in_same_query_gold
train,train_0018,Art. 32 VGG,True,6,False,,1C_332/2018 E. 2.1;2A.629/2006 20.09.2007 E. 4;2C_1042/2016 E. 6;2C_1043/2016 E. 6;2C_1044/2016 E. 6;2C_320/2024 E. 1.2.5,has_parents_but_none_in_same_query_gold
train,train_0020,Art. 3 AsylG,True,32,True,Art. 54 AsylG,1A.267/2005 14.12.2005 E. 3;1C_195/2012 15.10.2012 E. 7;1C_218/2014 E. 3.1;1C_314/2014 E. 6.1;1C_314/2014 E. 6.2;1C_354/2017 E. 3.1;1C_390/2012 E. 2;2A.280/1999 09.08.2000 E. 3;2A.548/2003 26.11.2003 E. 2;2C_214/2013 E. 3.2;2C_278/2021 E. 2.3;2C_315/2018 E. 2.2.3;2C_588/2019 E. 5.1;2C_766/2019 E. 7.1;5A_824/2014 E. 2;6B_1471/2021 E. 3.3.3;6B_2/2008 13.10.2008 E. 3;6B_2/2023 E. 1.4.3;6S.353/2005 08.12.2005 E. 3.4;8C_1031/2009 22.12.2010 E. 2,parent_in_same_query_gold
train,train_0020,Art. 55 AsylG,True,1,False,,Art. 24c Abs. 3 AsylG,has_parents_but_none_in_same_query_gold
train,train_0022,Art. 26 ArGV 3,True,6,False,,6B_181/2018 E. 4.3;6B_536/2009 12.11.2009 E. 2;6B_536/2009 12.11.2009 E. 3.3;6B_536/2009 12.11.2009 E. 3.4;9C_785/2010 10.06.2011 E. 2;BGE 145 IV 42 E. 4.3,has_parents_but_none_in_same_query_gold
train,train_0023,Art. 426 ZGB,True,103,False,,1B_364/2012 11.09.2012 E. 1;4A_106/2008 15.05.2008 E. 6;4A_221/2025 E. 2.3.1;5A_1003/2017 E. 1.2;5A_1003/2017 E. 3.1;5A_1063/2019 E. 1;5A_12/2015 E. A;5A_122/2019 E. 2;5A_147/2007 06.06.2007 E. 3;5A_147/2007 06.06.2007 E. B;5A_147/2015 E. 1;5A_162/2020 E. 2.3;5A_162/2020 E. 3.4;5A_175/2020 E. 6.4;5A_189/2013 11.04.2013 E. 2;5A_19/2012 24.05.2012 E. 6;5A_208/2011 24.06.2011 E. 2;5A_221/2015 E. A;5A_228/2016 E. 4.3.2;5A_233/2021 E. 3.1,has_parents_but_none_in_same_query_gold
train,train_0024,Art. 221 StPO,True,365,False,,1B_1/2023 E. 6.2;1B_100/2018 E. 3.1;1B_101/2018 E. 2.2;1B_101/2021 E. 2;1B_102/2011 22.03.2011 E. 2;1B_104/2016 E. 2;1B_104/2018 E. 2.1;1B_106/2021 E. 2.2;1B_106/2022 E. 3;1B_114/2017 E. 2.1;1B_116/2019 E. 2.2;1B_118/2023 E. 2;1B_12/2013 01.02.2013 E. 7;1B_123/2014 E. 5;1B_124/2023 E. 2;1B_124/2023 E. 3;1B_125/2020 E. 2;1B_126/2011 06.04.2011 E. 2;1B_129/2015 E. 2;1B_129/2015 E. 3.1,has_parents_but_none_in_same_query_gold
train,train_0026,Art. 10 URG,True,22,False,,2C_244/2022 E. 10.8.2;2C_561/2022 E. 7.3.3;2C_685/2016 13.12.2017 E. 5.1;4A_203/2015 E. 3.4.1;4A_295/2014 E. 3.4.1;4A_295/2014 E. 3.4.2;4A_295/2014 E. 3.4.3;4A_295/2014 E. 3.6.4;4A_404/2007 13.02.2008 E. 1;4A_404/2007 13.02.2008 E. B;4A_423/2011 26.09.2011 E. 5;4A_78/2011 02.05.2011 E. 3;4C.101/2005 02.06.2005 E. B;4C.73/2007 26.06.2007 E. 4;6P.9/2006 05.07.2006 E. 8;Art. 22b Abs. 2 URG;BGE 126 III 129 E. 6c;BGE 133 III 473 E. 4.4;BGE 140 III 616 E. 3.4.2;BGE 140 III 616 E. 3.4.3,has_parents_but_none_in_same_query_gold
train,train_0026,Art. 11 URG,True,9,False,,4A_423/2011 26.09.2011 E. 5;4C.393/2004 22.06.2005 E. 1;4C.393/2004 22.06.2005 E. 4;Art. 18 URG;Art. 24b Abs. 2 URG;BGE 131 III 480 E. 1.4;BGE 131 III 480 E. 4;BGE 131 III 480 E. 4.1;BGE 131 III 480 E. 4.2,has_parents_but_none_in_same_query_gold
train,train_0026,Art. 25 URG,True,12,False,,2C_260/2023 E. 6.2;4C.393/2004 22.06.2005 E. 1;4C.393/2004 22.06.2005 E. 2;4C.393/2004 22.06.2005 E. 3;4C.393/2004 22.06.2005 E. 4;Art. 68 URG;BGE 131 III 480 E. 1.4;BGE 131 III 480 E. 2.1;BGE 131 III 480 E. 2.2;BGE 131 III 480 E. 3.1;BGE 131 III 480 E. 3.2;BGE 131 III 480 E. 4.2,has_parents_but_none_in_same_query_gold
train,train_0026,Art. 19 URG,True,51,False,,2C_580/2012 13.11.2012 E. 2;2C_685/2016 13.12.2017 E. 5.3.2;4A_203/2015 E. 3;4A_203/2015 E. 3.1;4A_203/2015 E. 3.4.1;4A_295/2014 E. 3;4A_295/2014 E. 3.2;4A_295/2014 E. 3.4.1;4A_295/2014 E. 3.4.3;4A_295/2014 E. 3.4.4;4A_295/2014 E. 3.5.2;4A_295/2014 E. 3.5.3;4A_295/2014 E. 3.6.2;4A_295/2014 E. 3.6.3;4A_295/2014 E. 3.6.4;4A_295/2014 E. 3.6.5;4A_433/2018 E. 2.2.2;4A_433/2018 E. 2.3.2;4A_522/2007 15.02.2008 E. 2;4C.73/2007 26.06.2007 E. 2,has_parents_but_none_in_same_query_gold
train,train_0026,Art. 12 URG,True,3,False,,BGE 124 III 321 E. 2a;BGE 124 III 489 E. 1;BGE 126 III 129 E. 6a,has_parents_but_none_in_same_query_gold
train,train_0026,Art. 28 URG,True,3,False,,4C.393/2004 22.06.2005 E. 1;Art. 68 URG;BGE 131 III 480 E. 1.3,has_parents_but_none_in_same_query_gold
train,train_0026,Art. 28 ZGB,True,491,False,,1B_143/2011 01.06.2011 E. 4;1B_21/2012 27.03.2012 E. 2;1B_22/2012 11.05.2012 E. 2;1B_245/2015 E. 5.2;1B_294/2014 E. 3;1B_320/2015 E. 4.6;1B_562/2011 02.02.2012 E. 4;1B_562/2011 02.02.2012 E. 6;1B_643/2022 06.04.2023 E. 2;1B_652/2011 03.04.2012 E. 2;1B_75/2017 E. 4.1.2;1B_94/2019 E. 2.2;1C_175/2021 E. 5.3.1;1C_230/2011 31.05.2012 E. 10.6;1C_230/2011 31.05.2012 E. 12;1C_230/2011 31.05.2012 E. 8;1C_275/2012 21.09.2012 E. 1;1C_277/2023 E. 2.4;1C_382/2007 24.04.2008 E. 2;1C_382/2007 24.04.2008 E. 3,has_parents_but_none_in_same_query_gold
train,train_0026,Art. 3 DSG,True,31,False,,1A.225/2002 27.05.2003 E. 1;1C_214/2016 E. 4.4;1C_214/2016 E. 6.4;1C_230/2011 31.05.2012 E. 6;1C_285/2009 08.09.2010 E. 3;1C_394/2016 E. 4.2;1C_425/2020 E. 3.4.2;1C_50/2015 E. 5.2.1;1C_74/2015 E. 3.2;1C_93/2021 E. 4.3.3;2A.692/2006 01.02.2007 E. 4;2C_1065/2014 E. 6.1;2C_726/2018 E. 3.4;4A_125/2020 E. 3.1;4A_125/2020 E. 3.3;4A_125/2020 E. 3.4.1;4A_365/2017 E. 5.2.2;5C.166/2000 20.07.2001 E. 3;BGE 124 III 170 E. 3b;BGE 127 III 481 E. 3bb,has_parents_but_none_in_same_query_gold
train,train_0026,Art. 4 Abs. 4 DSG,True,27,False,,1C_230/2011 31.05.2012 E. 9;1C_415/2020 E. 2.1;2C_171/2016 E. 4.1;2C_825/2019 E. 4.4;2C_825/2019 E. 4.5;2C_874/2020 E. 6.4.4;4A_588/2018 E. 4.2;6B_1133/2021 E. 2.2;6B_1133/2021 E. 2.4.1;6B_1188/2018 E. 3.1;6B_1188/2018 E. 3.2;6B_1188/2018 E. 4;6B_1404/2019 E. 1.2;6B_1404/2019 E. 1.3.2;6B_1404/2019 E. 1.4;6B_1468/2019 E. 1.3.2;6B_345/2024 E. 2.1.3;6B_68/2023 E. 2.1.2;6B_810/2020 E. 2.6.2;7B_797/2023 E. 3.2,has_parents_but_none_in_same_query_gold
train,train_0026,Art. 14 DSG,True,3,False,,1B_99/2020 E. 2.3;8C_736/2018 E. 3.3.1;Art. 51 Abs. 4 DSG,has_parents_but_none_in_same_query_gold
train,train_0026,Art. 4 Abs. 3 DSG,True,34,False,,1A.225/2002 27.05.2003 E. 4;1C_230/2011 31.05.2012 E. 9;1C_394/2016 E. 4.10;1C_428/2016 E. 1.2;2A.355/1999 01.05.2000 E. 5;2A.424/2000 13.02.2001 E. 2;2A.96/2000 25.07.2001 E. 6;2C_1039/2018 18.03.2021 E. 6.4.1;2C_1039/2018 18.03.2021 E. 6.4.2;2C_1039/2018 18.03.2021 E. 6.4.3;2C_1039/2018 18.03.2021 E. 7.4.1;2C_1039/2018 18.03.2021 E. 7.4.2;2C_1040/2018 18.03.2021 E. 6.4.1;2C_1040/2018 18.03.2021 E. 6.4.2;2C_1040/2018 18.03.2021 E. 6.4.3;2C_1040/2018 18.03.2021 E. 7.4.1;2C_1040/2018 18.03.2021 E. 7.4.2;2C_171/2016 E. 4.1;2C_776/2013 E. 5.2.2;2C_825/2019 E. 5.3.6,has_parents_but_none_in_same_query_gold
train,train_0026,Art. 34 DSG,True,3,False,,1B_472/2012 23.01.2013 E. A;6B_125/2023 E. 2.2;6B_798/2019 E. 4.1,has_parents_but_none_in_same_query_gold
train,train_0027,Art. 62b RVOG,True,6,False,,1A.73/2002 06.10.2003 E. 3;1C_480/2010 23.02.2011 E. 3;1C_58/2010 22.12.2010 E. 2.3;1C_58/2010 22.12.2010 E. 2.3.1;1C_58/2010 22.12.2010 E. 2.3.2;1C_78/2012 10.10.2012 E. 4,has_parents_but_none_in_same_query_gold
train,train_0028,Art. 28 ZGB,True,491,False,,1B_143/2011 01.06.2011 E. 4;1B_21/2012 27.03.2012 E. 2;1B_22/2012 11.05.2012 E. 2;1B_245/2015 E. 5.2;1B_294/2014 E. 3;1B_320/2015 E. 4.6;1B_562/2011 02.02.2012 E. 4;1B_562/2011 02.02.2012 E. 6;1B_643/2022 06.04.2023 E. 2;1B_652/2011 03.04.2012 E. 2;1B_75/2017 E. 4.1.2;1B_94/2019 E. 2.2;1C_175/2021 E. 5.3.1;1C_230/2011 31.05.2012 E. 10.6;1C_230/2011 31.05.2012 E. 12;1C_230/2011 31.05.2012 E. 8;1C_275/2012 21.09.2012 E. 1;1C_277/2023 E. 2.4;1C_382/2007 24.04.2008 E. 2;1C_382/2007 24.04.2008 E. 3,has_parents_but_none_in_same_query_gold
train,train_0030,Art. 9 GwG,True,50,False,,1A.87/2002 11.06.2002 E. A;1B_193/2018 E. 2.2;1B_195/2018 E. 2.2;1B_243/2021 E. 3.4;1B_433/2017 E. 1.2;1B_433/2017 E. 1.3;1B_433/2017 E. 1.5;1B_433/2017 E. 1.8;1B_433/2017 E. 4.8;1B_433/2017 E. 4.9;1B_433/2017 E. A;1B_437/2018 E. 1.2;1B_437/2018 E. 1.3;1B_437/2018 E. 1.5;1B_437/2018 E. A;1B_437/2018 E. B;1B_453/2018 E. A;1B_487/2018 E. A;1B_49/2021 E. 5.4;1B_604/2021 E. 5.2,has_parents_but_none_in_same_query_gold
train,train_0030,Art. 11 StGB,True,159,False,,1B_191/2012 03.08.2012 E. A;1B_245/2016 E. 5;1B_322/2017 E. 4.2;1B_52/2015 E. 4.3;1C_263/2015 E. 1;1C_269/2015 E. 1;1C_306/2015 E. 2.3;1C_438/2016 E. 4.1;1C_441/2021 E. 3.3;1C_454/2022 E. 4.3.3;1C_493/2020 E. 4.3.2;1C_57/2018 E. 3;1P.219/2001 12.07.2001 E. 1;1P.219/2001 12.07.2001 E. 2;1P.527/2003 10.12.2003 E. 2;1P.550/2002 14.01.2003 E. 2;1P.758/2000 01.02.2001 E. 2;1P.758/2000 01.02.2001 E. 5;2A.149/2003 09.07.2003 E. 3;6B_1015/2019 E. 4.5.2,has_parents_but_none_in_same_query_gold
train,train_0030,Art. 37 GwG,True,12,False,,1B_243/2021 E. A;1B_433/2017 E. 4.10;1B_433/2017 E. 5.2;1B_453/2018 E. 4;1B_453/2018 E. 4.1;1B_461/2021 E. A;1B_49/2021 E. A;1B_604/2021 E. B;1B_604/2021 E. D;1B_92/2023 E. 3;2C_192/2019 E. 4.3;2C_192/2019 E. 5.4.1,has_parents_but_none_in_same_query_gold
train,train_0032,Art. 308 ZPO,True,30,False,,1C_505/2020 E. 9.3.2;4A_169/2021 E. 6;4A_169/2021 E. 6.3.2;4A_169/2021 E. 6.4;4A_178/2016 E. 1;4A_209/2015 E. 1;4A_249/2018 E. 2.3;4A_340/2019 E. B;4A_409/2024 E. 3.1.1;4A_409/2024 E. 3.2.1;4A_577/2011 04.10.2011 E. 1;5A_294/2015 E. 3.1;5A_396/2012 05.09.2012 E. 3;5A_425/2020 15.12.2022 E. 2.6.2;5A_438/2022 E. 2.1;5A_44/2013 E. 2;5A_518/2007 13.12.2007 E. 5;5A_531/2014 E. 3.1.2;5A_582/2013 E. 3.2.1;5A_782/2020 E. 5.2,has_parents_but_none_in_same_query_gold
train,train_0033,Art. 40 PatG,True,7,False,,4A_443/2012 E. 2.3.2;4A_443/2012 E. 2.3.3;4A_443/2012 E. 2.3.5;4A_443/2012 E. 3;BGE 139 III 110 E. 2.3.2;BGE 139 III 110 E. 2.3.3;BGE 139 III 110 E. 2.3.5,has_parents_but_none_in_same_query_gold
train,train_0035,Art. 960e OR,True,6,False,,2C_1059/2019 E. 3.1.2;2C_1059/2019 E. 4.1.1;2C_282/2022 E. 4.2;BGE 147 II 209 E. 3.1.2;BGE 147 II 209 E. 4.1.1;BGE 147 II 209 E. 4.2.1,has_parents_but_none_in_same_query_gold
train,train_0036,Art. 8a SchKG,True,112,False,,1B_593/2022 E. 4.1;1B_593/2022 E. 4.2;4A_414/2014 E. 2.6.1;4A_414/2014 E. 2.6.2;4A_438/2015 E. 3;4A_440/2014 E. 2;4A_440/2014 E. 4.2;4A_440/2015 E. 2;4A_618/2013 E. 1.3;5A_122/2015 E. 2.3;5A_164/2021 E. 1.1;5A_164/2021 E. 3.3.3;5A_164/2021 E. 4.1.2;5A_164/2021 E. 4.5;5A_172/2016 E. 3.1;5A_201/2013 29.04.2013 E. 2;5A_201/2013 29.04.2013 E. 3;5A_244/2009 09.07.2009 E. 1;5A_244/2009 09.07.2009 E. 2;5A_244/2009 09.07.2009 E. 3,has_parents_but_none_in_same_query_gold
train,train_0036,Art. 271 SchKG,True,35,False,,1P.189/2000 21.06.2000 E. 4;5A_1006/2014 E. 2;5A_103/2022 E. 3.4.3;5A_2/2013 06.03.2013 E. 3;5A_306/2010 09.08.2010 E. 6;5A_366/2011 24.06.2011 E. 2;5A_409/2010 11.10.2010 E. 3;5A_438/2008 09.10.2008 E. 2;5A_487/2023 E. 2.5.2;5A_487/2023 E. 2.6.3;5A_61/2024 E. 3.2;5A_61/2024 E. 3.3.2;5A_622/2012 19.12.2012 E. 3;5A_672/2021 E. 8.5.2;5A_712/2010 02.02.2011 E. 3;5A_727/2021 E. 3;5A_75/2015 E. 3;5A_794/2022 E. 2.3.3;5A_797/2023 E. 4.4.3;5A_899/2016 E. 2.1.2,has_parents_but_none_in_same_query_gold
train,train_0036,Art. 82 SchKG,True,218,False,,2C.1/2001 03.07.2003 E. 2;2C.4/1999 03.07.2003 E. 2.3.1;2C.4/2000 03.07.2003 E. 2;2C.5/1999 03.07.2003 E. 2;2C_781/2020 E. 5.2;4A_153/2011 24.11.2011 E. 3;4A_171/2024 E. 3.1;4A_171/2024 E. 3.4;4A_237/2007 28.09.2007 E. 5.1;4A_279/2023 E. 2.3;4A_426/2013 E. 3.5.2;4A_436/2024 E. 4.1;4A_616/2020 E. 4.3.4;4A_625/2011 24.11.2011 E. A;4A_626/2023 E. 5.1;4A_637/2011 24.11.2011 E. A;4A_642/2023 E. 2.1;4A_8/2020 E. 4.6.1;4A_8/2020 E. 4.6.4;4C.96/2005 20.06.2005 E. 2,has_parents_but_none_in_same_query_gold
train,train_0036,Art. 257 ZPO,True,297,False,,4A_1/2021 E. B;4A_100/2016 E. 2.2.2;4A_100/2016 E. B;4A_103/2022 E. 1;4A_103/2022 E. 3.1;4A_104/2021 E. 2.3;4A_104/2021 E. B;4A_111/2022 E. 1;4A_115/2015 E. 1;4A_12/2023 E. 7.3;4A_123/2016 E. 1;4A_127/2014 E. 2.2;4A_127/2018 E. 2.3;4A_127/2018 E. 2.4;4A_14/2017 E. 4.1;4A_14/2017 E. 4.4;4A_152/2015 08.06.2015 E. 1.2;4A_152/2015 08.06.2015 E. 4;4A_152/2015 08.06.2015 E. A;4A_152/2015 08.06.2015 E. B,has_parents_but_none_in_same_query_gold
train,train_0036,Art. 257 Abs. 1 ZPO,True,112,False,,4A_100/2016 E. 2.2.4;4A_100/2016 E. B;4A_12/2023 E. 3;4A_12/2023 E. 4;4A_127/2014 E. 2;4A_127/2014 E. 3.1;4A_127/2018 E. 2.3;4A_14/2017 E. 4.2;4A_175/2020 E. 4.2;4A_184/2015 E. 3.2;4A_184/2015 E. 4.1;4A_184/2015 E. 4.2.1;4A_185/2017 E. 3;4A_185/2019 E. 3;4A_186/2025 E. 4.2;4A_186/2025 E. 4.4;4A_2/2016 E. 2.1;4A_211/2024 E. 3.1.1;4A_223/2021 E. 3.2;4A_239/2025 E. 2.1,has_parents_but_none_in_same_query_gold
train,train_0037,Art. 337c OR,True,66,False,,1C_68/2007 14.09.2007 E. 2;1C_68/2007 14.09.2007 E. A;4A_115/2022 E. B;4A_115/2022 E. C;4A_126/2021 E. 4.4;4A_140/2009 12.05.2009 E. 5;4A_151/2025 E. 3.2;4A_168/2018 E. 4.1;4A_168/2018 E. 4.5;4A_177/2017 E. 2;4A_177/2017 E. 2.4;4A_293/2015 10.12.2015 E. 8.1;4A_356/2022 E. A;4A_472/2018 E. 5.2.3;4A_556/2012 09.04.2013 E. 3;4A_556/2012 09.04.2013 E. 5;4A_556/2012 09.04.2013 E. 6;4A_563/2017 E. 3.2;4A_569/2010 14.02.2011 E. B;4A_699/2016 E. 2.1,has_parents_but_none_in_same_query_gold
train,train_0039,Art. 679 ZGB,True,131,False,,1A.18/2001 29.10.2001 E. 5;1A.220/2002 10.02.2003 E. 3;1C_145/2008 03.07.2008 E. 3;1C_231/2012 E. 3.1.3;1C_469/2017 E. 5.1;1C_485/2017 E. 4.3;1C_671/2017 E. 2;1C_671/2017 E. 5.2;1C_9/2024 E. 3.1;1E.3/2002 25.09.2002 E. 2;1E.3/2005 10.05.2005 E. 3;1E.8/2003 27.07.2004 E. 5;2A.268/1999 17.03.2000 E. A;2C_508/2024 E. 5.3;2C_885/2021 E. 2.3.4;2C_885/2021 E. 2.3.5;4A_119/2007 09.10.2007 E. 2;4A_156/2016 E. 2;4A_156/2016 E. 2.3;4A_156/2016 E. 3,has_parents_but_none_in_same_query_gold
train,train_0040,Art. 7 SVG,True,1,False,,Art. 10 Abs. 1 VTS,has_parents_but_none_in_same_query_gold
train,train_0041,Art. 49 OR,True,227,False,,1A.135/2002 29.10.2002 E. 2;1A.136/2002 29.10.2002 E. 2;1A.163/2000 08.11.2000 E. 4;1A.166/2002 16.12.2002 E. 4;1A.181/2005 19.01.2006 E. 2.2;1A.196/2000 07.12.2000 E. 2;1A.196/2000 07.12.2000 E. 3;1A.208/2002 12.06.2003 E. 3;1A.228/2004 03.08.2005 E. 10;1A.235/2000 21.02.2001 E. 3;1A.251/1999 30.03.2000 E. 3;1A.290/2003 22.03.2004 E. 2;1A.45/2005 02.06.2005 E. 3;1A.83/2002 22.07.2002 E. 2;1B_122/2010 13.08.2010 E. 2;1B_21/2012 27.03.2012 E. 3;1B_335/2021 E. 3.4;1B_460/2022 E. 2.3.2;1B_671/2021 E. 3.1;1B_80/2019 E. 3.3,has_parents_but_none_in_same_query_gold
train,train_0042,Art. 21 JStG,True,1,True,Art. 11 Abs. 1 JStG,Art. 11 Abs. 1 JStG,parent_in_same_query_gold
train,train_0043,Art. 56 Abs. 1 DBG,False,0,False,,,no_parent_edges_found
train,train_0044,Art. 15 FIDLEG,True,2,False,,Art. 16 Abs. 1 FIDLEG;Art. 18 Abs. 1 FIDLEV,has_parents_but_none_in_same_query_gold
train,train_0044,Art. 973c OR,True,6,False,,2C_1002/2014 E. 6.3;2C_488/2017 E. 2.3.8;2C_488/2017 E. 2.3.9;2C_488/2017 E. 2.4.6;2C_660/2020 E. 5.4.2;Art. 622 Abs. 1 OR,has_parents_but_none_in_same_query_gold
train,train_0044,Art. 973d OR,True,3,True,Art. 3 FIDLEG,Art. 2 FinfraG;Art. 3 FIDLEG;Art. 622 Abs. 1 OR,parent_in_same_query_gold
train,train_0044,Art. 19 FINIV,False,0,False,,,no_parent_edges_found
train,train_0044,Art. 6 BankV,True,3,False,,2C_345/2015 E. 5.2.4;2C_345/2015 E. 6.5;6B_1304/2017 E. 3.3,has_parents_but_none_in_same_query_gold
train,train_0044,Art. 58 FIDLEG,True,3,True,Art. 8 Abs. 3 FIDLEG,Art. 58 Abs. 3 FIDLEG;Art. 62 Abs. 2 FIDLEG;Art. 8 Abs. 3 FIDLEG,parent_in_same_query_gold
train,train_0044,Art. 5 Abs. 1 FIDLEG,False,0,False,,,no_parent_edges_found
train,train_0044,Art. 17 FIDLEV,False,0,False,,,no_parent_edges_found
train,train_0044,Art. 400 OR,True,98,False,,1P.558/2006 03.11.2006 E. 5;2C_1000/2020 E. 4.3.4;2C_356/2021 E. 7.1;2C_683/2022 E. 6.2.2;4A_10/2020 E. 4.2;4A_125/2020 E. 1.7.1;4A_127/2012 30.10.2012 E. 5;4A_13/2012 E. 3;4A_13/2012 E. 3.4;4A_13/2012 E. 4.1.3;4A_13/2012 E. 4.3.1;4A_13/2012 E. 4.3.2;4A_13/2012 E. 4.4.1;4A_13/2012 E. 4.4.2;4A_144/2012 11.09.2012 E. 3;4A_155/2011 10.01.2012 E. 5;4A_160/2025 E. 3;4A_160/2025 E. B;4A_266/2010 29.08.2011 E. 2;4A_284/2013 E. 4.2.4,has_parents_but_none_in_same_query_gold
train,train_0044,Art. 26 FIDLEG,True,1,False,,Art. 89 FIDLEG,has_parents_but_none_in_same_query_gold
train,train_0044,Art. 27 FIDLEV,False,0,False,,,no_parent_edges_found
train,train_0044,Art. 398 OR,True,118,False,,1C_448/2008 13.03.2009 E. 4;1P.711/1999 26.01.2000 E. 4;2C_699/2012 22.10.2012 E. 4;4A_112/2021 E. A;4A_137/2015 E. 5.2;4A_141/2022 E. 4.3.1;4A_141/2022 E. 4.3.3;4A_157/2014 E. 3;4A_179/2025 E. 3;4A_179/2025 E. 3.1;4A_179/2025 E. 3.2;4A_214/2009 29.06.2009 E. 1;4A_216/2016 E. 3.3;4A_217/2023 E. 4.2;4A_221/2013 E. 3.2;4A_223/2007 30.08.2007 E. 6;4A_256/2010 26.07.2010 E. 2;4A_258/2020 E. 3.2.1;4A_266/2010 29.08.2011 E. 2;4A_267/2007 24.10.2007 E. 5,has_parents_but_none_in_same_query_gold
train,train_0045,Art. 13 DSG,True,45,False,,1C_230/2011 31.05.2012 E. 10;1C_230/2011 31.05.2012 E. 7;1C_285/2009 08.09.2010 E. 2;1C_285/2009 08.09.2010 E. 5;1C_285/2009 08.09.2010 E. 5.2;1C_285/2009 08.09.2010 E. 6;2C_37/2018 E. 6.1;2C_37/2018 E. 7;2C_776/2013 E. 5.2.2;2C_776/2013 E. 7.2.2;4A_576/2015 E. 2;4A_576/2015 E. 2.1;4A_576/2015 E. 2.2.1;4A_576/2015 E. 2.2.3;4A_588/2018 E. 4.3.1;6B_1133/2021 E. 2.3.2;6B_1133/2021 E. 2.4.2;6B_1133/2021 E. 2.4.3;6B_1188/2018 E. 3.3;6B_1362/2020 E. 14.4.2,has_parents_but_none_in_same_query_gold
train,train_0048,Art. 90 ZPO,True,38,False,,4A_15/2017 E. 3;4A_15/2017 E. 3.3.1;4A_150/2016 E. 4.2.1;4A_150/2016 E. 4.2.2;4A_150/2016 E. 4.2.3;4A_163/2022 E. 3.3;4A_182/2019 E. 2;4A_182/2019 E. 3.3;4A_182/2019 E. 3.6.1;4A_188/2015 E. 3;4A_203/2019 E. 2.1.2;4A_211/2022 E. 3;4A_38/2020 E. 3.1;4A_442/2017 E. 2.2;4A_442/2017 E. 2.3.2;4A_625/2015 E. 2.4;4A_658/2012 15.04.2013 E. 2;4A_8/2020 E. 3.4;4A_8/2020 E. 3.5.2;4A_83/2022 E. 4.3,has_parents_but_none_in_same_query_gold
train,train_0048,Art. 93 ZPO,True,11,False,,4A_150/2016 E. 4.2.2;4A_150/2016 E. 4.2.3;4A_373/2012 20.11.2012 E. 4;4A_375/2012 20.11.2012 E. 4;4A_727/2016 E. 2;5A_86/2021 E. 5.3;BGE 139 III 24 E. 4.1;BGE 139 III 24 E. 4.2;BGE 142 III 788 E. 4.2.2;BGE 142 III 788 E. 4.2.3;BGE 142 III 788 E. 4.2.3b,has_parents_but_none_in_same_query_gold
train,train_0050,Art. 24 BV,True,82,False,,1B_675/2011 14.12.2011 E. 3;1B_677/2011 14.12.2011 E. 3;1C_328/2018 E. 5;1C_37/2013 E. 9;1C_370/2013 E.;1C_437/2016 E. 6.1;1P.339/2001 12.09.2001 E. 2;2A.273/2003 07.04.2004 E. 3.3;2C_1228/2012 E. 6.1;2C_147/2014 E. 5.3;2C_228/2018 E. 5.4;2C_273/2023 E. 5.3;2C_273/2023 E. 5.7;2C_306/2008 12.11.2008 E. 3;2C_335/2013 E. 3.4;2C_335/2013 E. 3.5;2C_335/2013 E. 4.1;2C_335/2013 E. A;2C_353/2008 27.03.2009 E. 2.2;2C_364/2010 23.09.2010 E. 2.2,has_parents_but_none_in_same_query_gold
train,train_0050,Art. 27 BV,True,1031,False,,1A.11/2005 06.07.2005 E. 4.1;1A.124/2003 23.09.2003 E. 6;1A.14/2006 18.08.2006 E. 1.3;1A.14/2006 18.08.2006 E. B;1A.15/2006 10.08.2006 E. 3;1A.151/2001 16.07.2002 E. 5;1A.153/2004 07.09.2004 E. 5;1A.153/2004 07.09.2004 E. C;1A.253/2005 17.02.2006 E. 2.6;1A.71/2004 08.03.2005 E. 3;1A.71/2004 08.03.2005 E. 9;1A.71/2004 08.03.2005 E. 9.2;1A.71/2004 08.03.2005 E. D;1B_120/2018 29.05.2018 E. 1.4;1B_153/2009 10.09.2009 E. 1;1B_153/2009 10.09.2009 E. 2;1B_193/2017 E. 3.7;1B_193/2017 E. C;1B_229/2017 E. 1.5;1B_231/2013 E. 3.3,has_parents_but_none_in_same_query_gold
train,train_0051,Art. 13 BV,True,2239,False,,1A.104/1999 05.04.2000 E. 6;1A.214/2005 23.01.2006 E. 5;1A.23/2005 04.07.2005 E. 5;1B_101/2008 28.10.2008 E. 2;1B_101/2008 28.10.2008 E. 3;1B_103/2021 E. 3.2;1B_115/2016 E. 2.4.1;1B_116/2016 E. 2.4.1;1B_131/2015 E. 3;1B_134/2011 14.07.2011 E. 4;1B_146/2016 E. 2.1;1B_175/2013 E. 1.3;1B_175/2013 E. 4.2.3;1B_191/2018 E. 1.3;1B_191/2018 E. 2;1B_193/2017 E. 3.5.1;1B_206/2007 07.01.2008 E. 6;1B_229/2017 E. 1.5;1B_231/2013 E. 3.3;1B_231/2015 E. 2.3,has_parents_but_none_in_same_query_gold
train,train_0053,Art. 25 URG,True,12,False,,2C_260/2023 E. 6.2;4C.393/2004 22.06.2005 E. 1;4C.393/2004 22.06.2005 E. 2;4C.393/2004 22.06.2005 E. 3;4C.393/2004 22.06.2005 E. 4;Art. 68 URG;BGE 131 III 480 E. 1.4;BGE 131 III 480 E. 2.1;BGE 131 III 480 E. 2.2;BGE 131 III 480 E. 3.1;BGE 131 III 480 E. 3.2;BGE 131 III 480 E. 4.2,has_parents_but_none_in_same_query_gold
train,train_0053,Art. 3 URG,True,2,False,,4C.121/2003 14.07.2003 E. 3;BGE 121 III 118 E. 2,has_parents_but_none_in_same_query_gold
train,train_0056,Art. 969 ZGB,True,8,False,,5A.22/2000 29.03.2001 E. 2;5A_194/2013 E. 4.3;5A_222/2015 E. 2.2;5A_250/2018 E. 4;5A_611/2024 E. A;5A_707/2007 08.02.2008 E. 5;Art. 38 GBV;BGE 127 III 195 E. 2b,has_parents_but_none_in_same_query_gold
train,train_0057,Art. 144 StGB,True,89,False,,1B_121/2019 E. 3.3;1B_184/2012 27.08.2012 E. 4;1B_195/2016 E. A;1B_244/2017 E. 2.2;1B_248/2011 29.11.2011 E. 3;1B_254/2014 E. 3.1;1B_283/2016 E. 5.4;1B_293/2023 E. 2;1B_347/2022 E. 4.4;1B_365/2014 12.01.2015 E. 3;1B_418/2018 E. 2.7;1B_422/2018 E. 2.7;1B_432/2011 20.09.2012 E. 3;1B_432/2011 20.09.2012 E. 4;1B_435/2011 13.09.2011 E. 3;1B_553/2017 E. 3.4;1B_556/2019 E. 2.1;1B_579/2011 01.11.2011 E. 3;1B_80/2009 07.04.2009 E. 2;1B_95/2015 E. A,has_parents_but_none_in_same_query_gold
train,train_0058,Art. 48a StGB,True,44,False,,1B_199/2018 E. 5.3;1C_170/2013 17.05.2013 E. 3;2C_188/2009 07.07.2009 E. 2;2C_945/2019 E. 4;6B_1128/2016 E. 1.4.1;6B_1128/2016 E. 1.5.1;6B_1235/2013 E. 5;6B_1235/2018 E. 6.3;6B_1248/2017 21.02.2019 E. 7.1;6B_172/2011 23.12.2011 E. 3.3;6B_176/2020 E. 2.1;6B_176/2020 E. 2.2;6B_207/2013 E. 1.3.2;6B_238/2009 08.03.2010 E. 5;6B_274/2021 E. 1.4.4;6B_387/2020 E. 1.1;6B_401/2007 08.11.2007 E. 6;6B_434/2014 E. 1.1;6B_45/2014 E. 1.4.1;6B_454/2015 E. 5.4,has_parents_but_none_in_same_query_gold
train,train_0058,Art. 131 StPO,True,26,False,,1B_159/2022 E. 4.5.3;1B_245/2020 E. 2.2;1B_413/2020 E. 4.5;1B_428/2022 E. 1;1B_483/2021 E. 2;1B_655/2021 E. 2.2;1B_92/2014 E. 1;1B_94/2022 E. 4.3;6B_1024/2017 E. 1.2.3;6B_1067/2023 E. 2.1;6B_1069/2015 E. 1.2;6B_1069/2015 E. 1.3;6B_178/2017 25.10.2017 E. 2.2.1;6B_178/2017 25.10.2017 E. 2.6;6B_178/2017 25.10.2017 E. 2.7;6B_228/2025 E. 2.4.1;6B_230/2025 E. 2.1.1;6B_452/2023 E. 1.4.1;6B_506/2024 E. 1.2.1;6B_563/2021 E. 2.3.1,has_parents_but_none_in_same_query_gold
train,train_0059,Art. 176 DBG,True,22,False,,1B_11/2011 01.04.2011 E. 5;1B_417/2010 01.04.2011 E. 5;1B_418/2010 01.04.2011 E. 5;1B_419/2010 01.04.2011 E. 5;1S.42/2005 28.03.2006 E. 4;1S.5/2005 26.09.2005 E. 6;1S.8/2006 12.12.2006 E. 4;1S.9/2005 06.10.2005 E. 6;2A.168/2006 08.03.2007 E. 3;2C_1052/2020 E. 3.2.2;2C_1052/2020 E. 3.2.8;2C_1052/2020 E. 4.1;2C_290/2011 12.09.2011 E. 6;2C_357/2007 05.03.2008 E. 3;2C_85/2015 E. 3.2;2C_87/2018 E. 3.5;6B_1053/2017 E. 3.1;7B_515/2024 E. A;Art. 190 Abs. 2 DBG;Art. 194 Abs. 1 DBG,has_parents_but_none_in_same_query_gold
train,train_0059,Art. 177 DBG,True,12,True,Art. 181 Abs. 3 DBG,2A.258/2005 19.10.2005 E. 2;2A.258/2005 19.10.2005 E. 3;2C_447/2010 04.11.2010 E. 3;2C_770/2016 26.09.2016 E. 1.2.3;2C_821/2010 04.04.2011 E. 4;7B_1352/2024 16.09.2025 E. A;7B_515/2024 E. A;7B_949/2024 16.09.2025 E. A;7B_973/2024 E. A;Art. 180 DBG;Art. 181 Abs. 2 DBG;Art. 181 Abs. 3 DBG,parent_in_same_query_gold
train,train_0060,Art. 64 IPRG,True,27,False,,5A_216/2025 E. 3.1;5A_235/2012 31.08.2012 E. 5;5A_481/2017 E. 2.1;5A_768/2021 E. 1;5A_768/2021 E. 3.4.1;5A_824/2011 26.03.2012 E. 3;5A_841/2017 E. 4.3;5A_841/2017 E. 4.4;5A_897/2014 E. 3.4;5C.207/2001 07.11.2001 E. 2;5C.212/2004 11.02.2005 E. 2;5C.50/2000 15.05.2000 E. 2;5C.71/2004 23.06.2004 E. 2;5P.330/2003 11.03.2004 E. 2;9C_751/2009 24.11.2009 E. 5;Art. 51 IPRG;BGE 124 III 176 E. 3;BGE 124 III 176 E. 4a;BGE 126 III 298 E. 2;BGE 130 III 336 E. 2,has_parents_but_none_in_same_query_gold
train,train_0060,Art. 1 LugÜ,False,0,False,,,no_parent_edges_found
train,train_0060,Art. 2 Abs. 1 LugÜ,False,0,False,,,no_parent_edges_found
train,train_0065,Art. 57 BV,True,15,False,,1C_176/2013 07.01.2014 E. 10.2.1;1C_176/2013 07.01.2014 E. 10.5.2;1C_269/2021 E. 3.1.1;1C_63/2023 E. 3.5.1;1C_653/2012 E. 5.1;2C_69/2021 E. 3.3.3;2C_69/2021 E. 4.3;2C_69/2021 E. 4.4;2C_875/2016 E. 2.1;5A_931/2014 E. 3;BGE 140 I 2 E. 10.2.1;BGE 140 I 2 E. 10.5.2;BGE 140 I 353 E. 5.1;BGE 148 II 218 E. 4.3;BGE 148 II 218 E. 4.4,has_parents_but_none_in_same_query_gold
train,train_0066,Art. 976a ZGB,True,2,False,,5A_726/2021 E. 3.2;Art. 69 Abs. 4 GBV,has_parents_but_none_in_same_query_gold
train,train_0067,Art. 78 AIG,True,9,False,,2C_136/2023 12.06.2023 E. 3.1;2C_35/2021 E. 4.1;2C_438/2022 E. 4.2.3;2C_490/2019 E. 5.3;2C_712/2022 E. 3.1;2C_768/2020 E. 6.1;2C_94/2025 E. 1.3;2C_961/2020 E. 2.3.2;Art. 79 Abs. 1 AIG,has_parents_but_none_in_same_query_gold
train,train_0068,Art. 647 Abs. 1 ZG,False,0,False,,,no_parent_edges_found
train,train_0069,Art. 144 StGB,True,89,False,,1B_121/2019 E. 3.3;1B_184/2012 27.08.2012 E. 4;1B_195/2016 E. A;1B_244/2017 E. 2.2;1B_248/2011 29.11.2011 E. 3;1B_254/2014 E. 3.1;1B_283/2016 E. 5.4;1B_293/2023 E. 2;1B_347/2022 E. 4.4;1B_365/2014 12.01.2015 E. 3;1B_418/2018 E. 2.7;1B_422/2018 E. 2.7;1B_432/2011 20.09.2012 E. 3;1B_432/2011 20.09.2012 E. 4;1B_435/2011 13.09.2011 E. 3;1B_553/2017 E. 3.4;1B_556/2019 E. 2.1;1B_579/2011 01.11.2011 E. 3;1B_80/2009 07.04.2009 E. 2;1B_95/2015 E. A,has_parents_but_none_in_same_query_gold
train,train_0069,Art. 32 JStPO,True,4,False,,6B_655/2016 E. 1.5.2;6B_968/2021 E. 2.3.1;Art. 3 Abs. 2 JStPO;Art. 9 Abs. 1 JStPO,has_parents_but_none_in_same_query_gold
train,train_0069,Art. 15 JStG,True,65,False,,1B_231/2012 14.05.2012 E. 2;1B_273/2018 E. 4.3.4;1B_292/2022 E. 2.1;1B_32/2011 15.02.2011 E. 2;1B_437/2011 14.09.2011 E. 4;1B_437/2011 14.09.2011 E. 5;1B_504/2011 06.12.2011 E. 6;1P.7/2007 07.08.2007 E. 5;2C_431/2016 E. 3.2;6B_115/2015 E. 3.1;6B_115/2015 E. 3.2;6B_115/2015 E. 3.4;6B_115/2015 E. 4.3;6B_115/2015 E. 4.5;6B_1159/2018 E. 4.4;6B_1159/2018 E. 4.5.2;6B_131/2018 E. 1.3.3;6B_273/2021 E. 1.3.3;6B_273/2021 E. 1.5.2;6B_273/2021 E. 1.6.2,has_parents_but_none_in_same_query_gold
train,train_0069,Art. 22 JStG,True,4,False,,1B_233/2013 E. 1;6B_402/2022 E. 4.2.2;6B_593/2019 E. 3.3;Art. 21 Abs. 1 JStG,has_parents_but_none_in_same_query_gold
train,train_0069,Art. 23 JStG,True,6,False,,1B_233/2013 E. 1;6B_402/2022 E. 4.2.2;6B_593/2019 E. 3.3;6B_677/2008 23.02.2009 E. A;6B_741/2013 E. B;Art. 12f Abs. 1 V-StGB-MStG-JStG,has_parents_but_none_in_same_query_gold
train,train_0071,Art. 26 HMG,True,28,False,,2A.48/2006 03.11.2006 E. 4.1;2A.48/2006 03.11.2006 E. 6.2;2A.48/2006 03.11.2006 E. 6.3;2C_477/2012 E. 3.2;2C_477/2012 E. 5.2.1;2C_53/2009 23.09.2011 E. 4;2C_839/2008 01.04.2009 E. 2;2C_853/2014 E. 2.2;6B_1354/2017 E. 1.2;6B_1354/2017 E. 1.3;6B_1354/2017 E. 1.4;6B_1354/2017 E. C;6B_646/2007 24.04.2008 E. 4;6B_727/2020 E. 2.4.1;6B_727/2020 E. 2.4.2;9C_397/2009 16.10.2009 E. 4;9C_730/2017 07.08.2018 E. 5.3;Art. 48 Abs. 2 HMG;BGE 133 I 58 E. 4.1.2;BGE 133 I 58 E. 6.2.3,has_parents_but_none_in_same_query_gold
train,train_0076,Art. 62 BV,True,87,False,,1C_191/2014 E. 3.1;1C_191/2014 E. 3.4;1C_665/2015 E. 2.2;1P.277/2000 26.10.2000 E. 3;2C_10/2016 E. 2.1;2C_1005/2018 E. 4.2;2C_1143/2013 E. 2.3.2;2C_1143/2018 E. 2.1;2C_121/2015 11.12.2015 E. 4.1;2C_136/2020 05.11.2021 E. 3.8;2C_187/2007 16.08.2007 E. 2.3;2C_206/2016 E. 2.1;2C_206/2016 E. 2.2;2C_227/2023 E. 4.7;2C_33/2021 E. 3.5;2C_346/2022 E. 4.2;2C_346/2022 E. 6;2C_379/2024 E. 3.1;2C_402/2022 E. 3.3.1;2C_405/2016 E. 4.1,has_parents_but_none_in_same_query_gold
train,train_0077,Art. 201 OR,True,19,False,,4A_223/2015 E. A;4A_321/2012 14.01.2013 E. 4;4A_340/2020 E. 2.3;4A_445/2019 E. 2.1;4A_534/2008 24.03.2009 E. 7;4A_592/2013 E. 5.2.2;4A_647/2015 11.08.2016 E. 8.3.3;4C.150/2000 10.10.2000 E. 4;4C.152/2003 29.08.2003 E. 3;4C.154/2000 10.10.2000 E. 4;4C.280/2000 14.12.2000 E. 2;4C.300/2006 19.02.2007 E. 2.4;4C.395/2001 28.05.2002 E. 2;4D_71/2017 E. 6.2;4P.312/2004 09.03.2005 E. 2;5A_206/2013 13.05.2013 E. 3;BGE 121 III 453 E. 4b;BGE 133 III 335 E. 2.4.1;BGE 133 III 335 E. 70,has_parents_but_none_in_same_query_gold
train,train_0077,Art. 31 OR,True,85,False,,1P.303/2004 23.09.2004 E. 3;2A.650/2006 30.05.2007 E. 2;4A_106/2012 25.06.2012 E. 2;4A_112/2013 E. 3;4A_166/2021 E. 4.3.2;4A_203/2017 E. 1;4A_297/2019 E. 5.3;4A_306/2018 E. 5.3.2;4A_340/2011 13.09.2011 E. 3;4A_343/2009 05.01.2010 E. A;4A_35/2020 E. B;4A_393/2018 E. 2.4.4;4A_398/2018 25.02.2019 E. 4.1;4A_398/2018 25.02.2019 E. 5.3;4A_464/2019 E. 3.2;4A_507/2023 E. 6.1;4A_524/2012 18.04.2013 E. 4;4A_533/2013 E. 5;4A_56/2008 08.10.2009 E. 8;4A_562/2010 03.05.2011 E. 4,has_parents_but_none_in_same_query_gold
train,train_0077,Art. 24 OR,True,60,False,,2C_438/2011 27.05.2011 E. 2;2P.138/2004 19.10.2004 E. 7;4A_141/2017 E. 3.4.4;4A_233/2016 E. 5.2;4A_254/2020 E. 4.4.2;4A_331/2007 19.12.2007 E. 4;4A_335/2021 E. 6.1.2;4A_343/2009 05.01.2010 E. A;4A_35/2020 E. 3.2.2;4A_398/2018 25.02.2019 E. 4;4A_417/2007 14.02.2008 E. 2;4A_417/2007 14.02.2008 E. 3;4A_42/2021 E. 3.2;4A_461/2016 E. 4.3.1;4A_461/2016 E. 4.3.2;4A_92/2021 E. 3.3.2;4A_97/2016 E. 2.1;4A_97/2016 E. 2.4;4A_97/2016 E. 2.6.3;4A_97/2016 E. 2.6.4,has_parents_but_none_in_same_query_gold
train,train_0077,Art. 187 OR,True,2,False,,2A.219/2003 11.02.2004 E. 2.1;2A.223/2004 28.09.2004 E. 1,has_parents_but_none_in_same_query_gold
train,train_0077,Art. 197 OR,True,30,False,,2C_835/2013 E. 3.2.1;4A_17/2023 E. 7.2;4A_18/2023 E. 5.2;4A_220/2013 E. 4.3.1;4A_220/2013 E. 4.3.2;4A_321/2012 14.01.2013 E. 4;4A_38/2021 E. 3.1;4A_401/2011 18.01.2012 E. 3;4A_417/2007 14.02.2008 E. 4;4A_417/2007 14.02.2008 E. 5;4A_445/2019 E. 2.1;4A_454/2019 E. 2;4A_514/2020 E. 3;4A_514/2020 E. 6.2.1;4A_538/2013 E. 4.1;4A_538/2013 E. 4.2;4C.172/2003 20.04.2004 E. 4;4C.200/2006 20.09.2006 E. 1;4C.200/2006 20.09.2006 E. 2;4C.242/2004 06.10.2004 E. 4,has_parents_but_none_in_same_query_gold
train,train_0077,Art. 205 OR,True,5,False,,2A.732/2004 10.08.2005 E. 2;4C.11/2001 04.04.2001 E. 4;4C.33/2004 08.02.2006 E. 2;5P.360/2001 14.12.2001 E. 4;BGE 124 III 456 E. 20bb,has_parents_but_none_in_same_query_gold
train,train_0083,Art. 24c RPG,True,469,True,Art. 41 Abs. 1 RPV,1A.10/2004 18.10.2004 E. 2;1A.10/2004 18.10.2004 E. 3;1A.110/2001 04.12.2001 E. 5.3;1A.110/2001 04.12.2001 E. 5.4;1A.110/2001 04.12.2001 E. 8.1;1A.110/2001 04.12.2001 E. D;1A.119/2004 06.07.2004 E. 1;1A.120/2006 12.02.2007 E. 3;1A.134/2002 17.07.2003 E. 4;1A.134/2002 17.07.2003 E. 5;1A.151/2002 22.01.2003 E. 3;1A.16/2006 26.07.2006 E. 1;1A.161/2002 03.04.2003 E. 4;1A.161/2002 03.04.2003 E. 5;1A.161/2002 03.04.2003 E. 7;1A.17/2004 19.05.2004 E. 2;1A.175/2000 30.10.2000 E. 1;1A.175/2000 30.10.2000 E. 3;1A.176/2002 28.07.2003 E. 1;1A.176/2002 28.07.2003 E. 3,parent_in_same_query_gold
train,train_0086,Art. 47 EleG,False,0,False,,,no_parent_edges_found
train,train_0087,Art. 20 USG,True,16,False,,1A.102/2003 07.10.2003 E. 4;1A.135/2000 01.05.2001 E. 4;1A.146/2000 01.05.2001 E. 4;1A.23/2005 04.07.2005 E. 5;1A.6/2002 15.02.2002 E. 4;1C_162/2015 15.07.2016 E. 5;1C_182/2019 E. 3.2;1C_182/2019 E. 3.3;1C_182/2019 E. 6.4;1C_506/2014 E. 4.6;1C_589/2014 E. 7;5C.31/2000 27.03.2000 E. 3;Art. 19 USG;BGE 124 II 293 E. 2;BGE 126 III 223 E. 3c;BGE 141 II 483 E. 4.6,has_parents_but_none_in_same_query_gold
train,train_0087,Art. 16 LSV,True,9,False,,1A.101/2002 24.04.2003 E. 1;1A.122/2004 30.05.2005 E. 1;1A.187/2004 21.04.2005 E. 1;1A.204/1999 03.05.2000 E. 4;1C_74/2012 19.06.2012 E. 4;1C_74/2012 19.06.2012 E. 5;Art. 45 Abs. 3 LSV;BGE 126 II 300 E. 4bb;BGE 138 II 379 E. 5.6,has_parents_but_none_in_same_query_gold
train,train_0089,Art. 37 IRSG,True,8,False,,1A.203/2001 07.02.2002 E. 3;1A.79/2003 19.05.2003 E. 3;1C_149/2010 12.04.2010 E. B;1C_214/2019 E. 1.3;1C_214/2019 E. 2.3;1C_214/2019 E. 2.6;1C_644/2015 E. 9;1C_644/2015 E. 9.2,has_parents_but_none_in_same_query_gold
train,train_0089,Art. 140 StGB,True,73,False,,1A.163/2006 23.01.2007 E. 2;1A.55/2000 30.06.2000 E. 3;1B_283/2016 E. 5.4;1B_443/2016 E. 4.1;1B_461/2020 E. 5.2;1B_531/2020 E. 4.4;1B_579/2011 01.11.2011 E. 3.3;1P.615/2001 15.10.2001 E. 4;1P.617/2001 15.10.2001 E. 4;1P.678/2006 24.10.2006 E. A;2C_226/2013 E. 3.2;2C_226/2013 E. 3.3;2C_652/2020 E. 6.2;2C_718/2013 E. 3.2.4;6B_1016/2015 E. 3.3.2;6B_1082/2013 E. 2.3.2;6B_1095/2009 24.09.2010 E. 2;6B_1135/2022 E. 6.3.2;6B_1137/2020 E. 1.5.1;6B_1149/2020 E. 2.4.1,has_parents_but_none_in_same_query_gold
train,train_0089,Art. 94 IRSG,True,10,True,Art. 8 Abs. 2 IRSV,1A.145/2002 13.11.2002 E. 2;1C_222/2020 E. 3.2;1C_624/2022 E. 6.5;1C_624/2022 E. 6.7;6B_1284/2021 E. 4.3.2;6B_1284/2021 E. 4.4.1;6B_1284/2021 E. 5.3.2;Art. 8 Abs. 2 IRSV;BGE 149 IV 376 E. 6.5;BGE 149 IV 376 E. 6.7,parent_in_same_query_gold
train,train_0091,Art. 89 BV,True,14,False,,1A.104/2001 15.03.2002 E. 5;1C_129/2025 E. 4.5;1C_240/2017 E. 4.1;1C_241/2017 E. 5.1;1C_270/2008 06.02.2009 E. 3;1C_36/2011 08.02.2012 E. 5;2C_269/2012 27.10.2012 E. 3.4;2C_8/2016 E. 4.3;2C_8/2016 E. 6.2.2;Art. 76 Abs. 1 131.221;BGE 138 I 454 E. 3.6.1;BGE 138 I 454 E. 5.4;BGE 143 II 87 E. 4.1;BGE 143 II 87 E. 4.3,has_parents_but_none_in_same_query_gold
train,train_0092,Art. 27 IPRG,True,47,False,,2A.655/2004 11.04.2005 E. 2;2C_1000/2012 21.02.2013 E. 4;2C_209/2010 04.10.2010 E. 3;2C_568/2024 E. 6.3.1;4A_203/2014 E. 3.1;4A_203/2014 E. 4.3;4A_390/2024 E. 3.2;4A_461/2019 E. 4.2;4A_8/2008 05.06.2008 E. 3;4P.97/2006 20.07.2007 E. 3;5A.20/2005 21.12.2005 E. 3;5A_138/2020 E. 3;5A_185/2013 12.03.2013 E. 1;5A_199/2014 E. 2;5A_225/2008 23.04.2008 E. 1;5A_415/2011 21.09.2011 E. 2;5A_458/2023 E. 4;5A_519/2008 E. 5.1;5A_528/2020 E. 5;5A_544/2007 04.02.2008 E. 3,has_parents_but_none_in_same_query_gold
train,train_0094,Art. 15 RPG,True,288,True,Art. 8a Abs. 1 RPG,1A.115/2003 23.02.2004 E. 2;1A.115/2003 23.02.2004 E. 3;1A.129/2002 09.04.2003 E. 3;1A.135/1999 08.03.2000 E. 1;1A.138/1999 17.01.2000 E. 4;1A.155/1999 22.05.2000 E. 2;1A.16/2006 26.07.2006 E. 1;1A.193/2001 06.05.2002 E. 3;1A.198/2005 02.06.2006 E. 3;1A.219/2006 02.04.2007 E. 5;1A.23/2006 03.11.2006 E. 3;1A.236/2005 18.04.2006 E. 4.2;1A.245/2000 29.06.2001 E. 3;1A.263/2004 24.10.2005 E. 2;1A.269/2006 28.02.2007 E. 3;1A.271/2005 26.04.2006 E. 3;1A.275/2006 23.07.2007 E. 3;1A.31/2003 18.08.2003 E. 1;1A.313/2005 01.09.2006 E. 3;1A.41/2002 26.11.2002 E. 3,parent_in_same_query_gold
train,train_0094,Art. 3 RPG,True,167,False,,1A.103/2001 05.03.2002 E. 3.3;1A.103/2001 05.03.2002 E. 5;1A.115/2003 23.02.2004 E. 2;1A.122/2004 30.05.2005 E. 2;1A.122/2004 30.05.2005 E. 3;1A.140/2005 04.04.2006 E. 3;1A.140/2005 04.04.2006 E. 5;1A.146/2003 14.06.2004 E. 3.1;1A.149/2005 09.02.2006 E. 2;1A.154/2002 22.01.2003 E. 5;1A.155/1999 22.05.2000 E. 2;1A.16/2006 26.07.2006 E. 3;1A.162/2002 10.12.2002 E. 5;1A.167/2002 14.01.2003 E. 3;1A.18/2002 03.09.2002 E. 2;1A.183/2001 18.09.2002 E. 6;1A.186/1999 04.05.2000 E. 5;1A.194/2006 14.03.2007 E. 4;1A.244/2000 08.11.2001 E. 4;1A.245/2000 29.06.2001 E. 3,has_parents_but_none_in_same_query_gold
train,train_0094,Art. 1 RPG,True,146,False,,1A.10/2004 18.10.2004 E. 3;1A.103/2001 05.03.2002 E. 3.3;1A.103/2001 05.03.2002 E. 5;1A.115/2003 23.02.2004 E. 2;1A.122/2004 30.05.2005 E. 2;1A.122/2004 30.05.2005 E. 3;1A.134/2002 17.07.2003 E. 2;1A.140/2005 04.04.2006 E. 3;1A.140/2005 04.04.2006 E. 5;1A.146/2003 14.06.2004 E. 3.1;1A.154/2002 22.01.2003 E. 5;1A.155/1999 22.05.2000 E. 2;1A.16/2006 26.07.2006 E. 3;1A.162/2002 10.12.2002 E. 5;1A.18/2002 03.09.2002 E. 2;1A.183/2001 18.09.2002 E. 6;1A.186/1999 04.05.2000 E. 5;1A.219/2005 28.02.2006 E. 5;1A.22/2002 26.06.2002 E. 3;1A.237/2006 07.09.2007 E. 4,has_parents_but_none_in_same_query_gold
train,train_0095,Art. 14 VStG,True,25,False,,2A.457/2002 19.03.2003 E. 3;2C_17/2010 29.07.2010 E. 3;2C_188/2010 24.01.2011 E. 4;2C_188/2010 24.01.2011 E. 5;2C_689/2011 23.11.2012 E. 3;2C_868/2010 19.04.2011 E. 2;4C.145/2005 06.07.2005 E. 2;4C.145/2005 06.07.2005 E. 3;4C.145/2005 06.07.2005 E. A;9C_334/2025 E. 4.2.2;Art. 61 Abs. 2 VStG;Art. 62 Abs. 2 VStG;BGE 131 III 546 E. 2;BGE 131 III 546 E. 2.1;BGE 131 III 546 E. 2.2;BGE 131 III 546 E. 2.4;BGE 131 III 546 E. 4.5;BGE 131 III 546 E. 4.6;BGE 136 II 525 E. 2.2;BGE 136 II 525 E. 3.1,has_parents_but_none_in_same_query_gold
train,train_0097,Art. 754 OR,True,175,False,,1P.133/2004 13.08.2004 E. 2;1P.133/2004 13.08.2004 E. 3;1P.133/2004 13.08.2004 E. 4;2C_245/2018 E. 6.5;2C_272/2011 05.12.2011 E. 4.2;2C_465/2011 10.02.2012 E. 3;4A_128/2021 E. 2.2;4A_130/2021 E. 2.2;4A_147/2014 E. 6.2;4A_147/2014 E. 6.3;4A_15/2013 E. 4.1;4A_15/2013 E. 5.2;4A_15/2013 E. 8.1;4A_177/2011 02.09.2011 E. 3;4A_177/2011 02.09.2011 E. 4;4A_177/2011 02.09.2011 E. 9;4A_219/2015 E. 4;4A_219/2015 E. 4.1;4A_219/2015 E. 4.2.5;4A_231/2011 20.09.2011 E. 4,has_parents_but_none_in_same_query_gold
train,train_0098,Art. 46 Abs. 1 KVV,True,5,False,,K 111/00 23.01.2001 E. 2;K 141/01 18.06.2003 E. 3;K 141/01 18.06.2003 E. 4;K 75/02 08.07.2003 E. 2;K 76/02 08.07.2003 E. 2,has_parents_but_none_in_same_query_gold
train,train_0101,Art. 9 IPRG,True,26,False,,4A_119/2012 06.08.2012 E. 3;4A_143/2007 06.07.2007 E. 3;4A_248/2024 E. 5.2.5;4A_248/2024 E. 5.2.8;5A_225/2008 23.04.2008 E. 1;5A_235/2012 31.08.2012 E. 3;5A_235/2012 31.08.2012 E. A;5A_296/2015 E. 5.2;5A_449/2007 25.10.2007 E. 6;5A_588/2014 E. 4.2;5A_599/2011 15.03.2012 E. 2;5A_599/2011 15.03.2012 E. A;5A_759/2008 29.12.2008 E. 3;5A_770/2010 04.11.2010 E. 1;5C.310/2006 23.05.2007 E. 2;5C.310/2006 23.05.2007 E. B;5C.50/2000 15.05.2000 E. 2;5C.56/2002 18.02.2003 E. 4;5P.505/2006 23.05.2007 E. 3;5P.505/2006 23.05.2007 E. B,has_parents_but_none_in_same_query_gold
train,train_0102,Art. 3 DSG,True,31,False,,1A.225/2002 27.05.2003 E. 1;1C_214/2016 E. 4.4;1C_214/2016 E. 6.4;1C_230/2011 31.05.2012 E. 6;1C_285/2009 08.09.2010 E. 3;1C_394/2016 E. 4.2;1C_425/2020 E. 3.4.2;1C_50/2015 E. 5.2.1;1C_74/2015 E. 3.2;1C_93/2021 E. 4.3.3;2A.692/2006 01.02.2007 E. 4;2C_1065/2014 E. 6.1;2C_726/2018 E. 3.4;4A_125/2020 E. 3.1;4A_125/2020 E. 3.3;4A_125/2020 E. 3.4.1;4A_365/2017 E. 5.2.2;5C.166/2000 20.07.2001 E. 3;BGE 124 III 170 E. 3b;BGE 127 III 481 E. 3bb,has_parents_but_none_in_same_query_gold
train,train_0105,Art. 239 StGB,True,13,False,,1B_387/2021 E. 4.2;4A_235/2009 13.10.2009 E. 4;4A_364/2011 07.02.2012 E. 4;6B_1173/2023 E. 3.4.4;6B_1173/2023 E. 4.1;6B_1173/2023 E. 4.3.1;6B_1173/2023 E. 4.3.3;6B_1173/2023 E. 5.4;6B_217/2012 20.07.2012 E. 3;6B_935/2019 E. 2.2;7B_363/2025 E. A;7B_79/2025 E. A;BGE 138 III 276 E. 4,has_parents_but_none_in_same_query_gold
train,train_0109,Art. 33a FINMAG,True,2,False,,2C_315/2020 E. 4.2.1;Art. 41 Abs. 1 FIDLEV,has_parents_but_none_in_same_query_gold
train,train_0109,Art. 33 FINMAG,True,62,False,,1B_249/2015 E. 8.7;1C_214/2016 E. 4.1;2C_1055/2014 E. 4.2;2C_122/2014 E. 2.4;2C_122/2014 E. 3.1;2C_163/2014 E. 2.4;2C_163/2014 E. 4.3;2C_176/2014 E. 2.4;2C_176/2014 E. 3.1;2C_177/2019 E. 5;2C_177/2019 E. 5.1;2C_192/2019 E. 2.2;2C_192/2019 E. 2.3;2C_192/2019 E. 3.1;2C_192/2019 E. 3.2;2C_192/2019 E. 3.3;2C_192/2019 E. 4.5;2C_192/2019 E. 5.4;2C_192/2019 E. 5.4.2;2C_305/2016 E. 2.3.1,has_parents_but_none_in_same_query_gold
train,train_0109,Art. 34 FINMAG,True,62,False,,2C_1055/2014 E. 4.2;2C_1055/2014 E. 4.3;2C_122/2014 E. 6.1;2C_136/2019 E. 2;2C_136/2019 E. 4.3;2C_136/2019 E. 4.4;2C_164/2023 E. 7.7;2C_177/2019 E. 5.1;2C_220/2020 E. 3.2;2C_220/2020 E. 4;2C_220/2020 E. 4.1;2C_220/2020 E. 4.5;2C_30/2011 12.01.2012 E. 1.2;2C_30/2011 12.01.2012 E. 5.2;2C_30/2011 12.01.2012 E. 6;2C_305/2016 E. 2.3;2C_318/2020 E. 1.2.2;2C_318/2020 E. 4.1.1;2C_318/2020 E. 4.1.2;2C_318/2020 E. 4.3.1,has_parents_but_none_in_same_query_gold
train,train_0109,Art. 35 FINMAG,True,19,False,,2C_119/2013 E. 4.1;2C_119/2013 E. 4.3;2C_119/2013 E. 4.3.1;2C_119/2013 E. 4.3.2;2C_119/2013 E. 4.3.3;2C_315/2020 E. 8.1;2C_315/2020 E. A;2C_317/2020 E. A;2C_318/2020 E. A;2C_422/2018 E. 2.1;2C_422/2018 E. 2.2;2C_422/2018 E. 2.3;2C_422/2018 E. 3.1;Art. 9 Abs. 2 GwV-FINMA;BGE 139 II 279 E. 4.1;BGE 139 II 279 E. 4.3;BGE 139 II 279 E. 4.3.1;BGE 139 II 279 E. 4.3.2;BGE 139 II 279 E. 4.3.3,has_parents_but_none_in_same_query_gold
train,train_0111,Art. 24 BV,True,82,False,,1B_675/2011 14.12.2011 E. 3;1B_677/2011 14.12.2011 E. 3;1C_328/2018 E. 5;1C_37/2013 E. 9;1C_370/2013 E.;1C_437/2016 E. 6.1;1P.339/2001 12.09.2001 E. 2;2A.273/2003 07.04.2004 E. 3.3;2C_1228/2012 E. 6.1;2C_147/2014 E. 5.3;2C_228/2018 E. 5.4;2C_273/2023 E. 5.3;2C_273/2023 E. 5.7;2C_306/2008 12.11.2008 E. 3;2C_335/2013 E. 3.4;2C_335/2013 E. 3.5;2C_335/2013 E. 4.1;2C_335/2013 E. A;2C_353/2008 27.03.2009 E. 2.2;2C_364/2010 23.09.2010 E. 2.2,has_parents_but_none_in_same_query_gold
train,train_0111,Art. 27 BV,True,1031,False,,1A.11/2005 06.07.2005 E. 4.1;1A.124/2003 23.09.2003 E. 6;1A.14/2006 18.08.2006 E. 1.3;1A.14/2006 18.08.2006 E. B;1A.15/2006 10.08.2006 E. 3;1A.151/2001 16.07.2002 E. 5;1A.153/2004 07.09.2004 E. 5;1A.153/2004 07.09.2004 E. C;1A.253/2005 17.02.2006 E. 2.6;1A.71/2004 08.03.2005 E. 3;1A.71/2004 08.03.2005 E. 9;1A.71/2004 08.03.2005 E. 9.2;1A.71/2004 08.03.2005 E. D;1B_120/2018 29.05.2018 E. 1.4;1B_153/2009 10.09.2009 E. 1;1B_153/2009 10.09.2009 E. 2;1B_193/2017 E. 3.7;1B_193/2017 E. C;1B_229/2017 E. 1.5;1B_231/2013 E. 3.3,has_parents_but_none_in_same_query_gold
train,train_0111,Art. 8 BV,True,2034,False,,12T_5/2017 E. 2;1A.1/2007 18.04.2007 E. 3;1A.130/2005 11.10.2005 E. B;1A.153/2004 07.09.2004 E. C;1A.159/2005 20.02.2006 E. 3.2;1A.162/2002 10.12.2002 E. 3;1A.166/2005 14.07.2005 E. 4;1A.187/2001 19.04.2002 E. 2;1A.193/2006 04.06.2007 E. 7;1A.198/2001 27.08.2002 E. 1;1A.214/2002 12.09.2003 E. 7;1A.214/2002 12.09.2003 E. 7.2;1A.225/2002 27.05.2003 E. D;1A.247/2005 25.10.2005 E. 8;1A.283/2004 05.08.2005 E. 3;1A.301/2000 28.05.2001 E. 3;1A.37/2004 13.07.2004 E. 5;1A.61/2006 11.12.2006 E. 8;1A.8/2004 17.12.2004 E. 4;1A.91/2003 06.06.2003 E. 1,has_parents_but_none_in_same_query_gold
train,train_0113,Art. 10 BV,True,308,False,,1A.104/1999 05.04.2000 E. 5;1A.208/2004 19.01.2005 E. 2;1A.23/2005 04.07.2005 E. 5;1A.280/2004 27.10.2005 E. 2;1B_141/2007 24.07.2007 E. 3;1B_153/2013 17.05.2013 E. 2;1B_169/2022 E. 4;1B_195/2008 24.07.2008 E. C;1B_229/2017 E. 1.5;1B_24/2021 E. 6.1;1B_251/2021 E. 4;1B_251/2021 E. 6;1B_281/2016 E. C;1B_32/2011 15.02.2011 E. 2;1B_34/2017 E. 2;1B_377/2022 E. 8.2.3;1B_378/2013 E. 3.3;1B_416/2019 E. 2.2;1B_416/2019 E. 2.3;1B_416/2019 E. 2.4,has_parents_but_none_in_same_query_gold
train,train_0113,Art. 19 Abs. 3 GUMG,False,0,False,,,no_parent_edges_found
train,train_0115,Art. 754 OR,True,175,False,,1P.133/2004 13.08.2004 E. 2;1P.133/2004 13.08.2004 E. 3;1P.133/2004 13.08.2004 E. 4;2C_245/2018 E. 6.5;2C_272/2011 05.12.2011 E. 4.2;2C_465/2011 10.02.2012 E. 3;4A_128/2021 E. 2.2;4A_130/2021 E. 2.2;4A_147/2014 E. 6.2;4A_147/2014 E. 6.3;4A_15/2013 E. 4.1;4A_15/2013 E. 5.2;4A_15/2013 E. 8.1;4A_177/2011 02.09.2011 E. 3;4A_177/2011 02.09.2011 E. 4;4A_177/2011 02.09.2011 E. 9;4A_219/2015 E. 4;4A_219/2015 E. 4.1;4A_219/2015 E. 4.2.5;4A_231/2011 20.09.2011 E. 4,has_parents_but_none_in_same_query_gold
train,train_0115,Art. 757 OR,True,34,True,BGE 131 III 306 E. 3.1.1;BGE 132 III 342 E. 2.3.1;BGE 132 III 342 E. 4.1,4A_15/2013 E. B;4A_218/2020 E. 6;4A_218/2020 E. A;4A_231/2011 20.09.2011 E. 2;4A_267/2008 08.12.2008 E. 1;4A_267/2008 08.12.2008 E. 2;4A_267/2008 08.12.2008 E. 3;4A_306/2009 08.02.2010 E. 7.1;4A_384/2016 E. 2.1.2;4A_384/2016 E. 2.3;4A_425/2015 10.12.2015 E. 4.4;4A_446/2009 08.12.2009 E. 2;4A_507/2007 22.02.2008 E. 3;4A_509/2007 28.01.2008 E. 2;4A_97/2013 E. 2;4C.111/2004 09.11.2004 E. 3;4C.263/2004 23.05.2005 E. 1;4C.312/2005 10.01.2006 E. 2;4C.312/2005 10.01.2006 E. 4;4C.363/2006 13.03.2007 E. 4,parent_in_same_query_gold
train,train_0115,Art. 41 OR,True,556,True,BGE 131 III 306 E. 3.1.1;BGE 131 III 306 E. 3.1.2,1A.128/2001 18.01.2002 E. 3;1A.203/2004 16.03.2005 E. 4;1A.228/2004 03.08.2005 E. 9;1A.230/2006 05.06.2007 E. 3;1A.270/1999 19.05.2000 E. 2;1B_39/2012 10.05.2012 E. 3.1;1B_41/2011 24.03.2011 E. 2.1;1B_460/2022 E. 2.3.2;1B_80/2019 E. 3.3;1C_406/2008 05.02.2009 E. 1.2;1C_502/2015 E. 5.3.4;1C_908/2013 E. 2.3;1P.119/2000 09.10.2000 E. 2;1P.126/2005 27.04.2005 E. 3;1P.14/2000 31.01.2000 E. 1;1P.164/2002 25.06.2002 E. 1;1P.176/2005 28.06.2005 E. 4;1P.18/2007 30.07.2007 E. 3.3;1P.188/2005 14.07.2005 E. 3;1P.189/2003 15.12.2003 E. 1,parent_in_same_query_gold
train,train_0116,Art. 343 StPO,True,78,False,,1B_121/2014 E. 2.2.2;1B_213/2011 26.07.2011 E. 1;1B_399/2011 17.08.2011 E. 2;1B_457/2018 E. 4.2;1B_457/2018 E. 4.3;1B_552/2021 E. 1.5.1;6B_1054/2023 E. 1.2.1;6B_1071/2013 E. 3.2;6B_1148/2023 E. 5.1;6B_1164/2023 E. 6.1;6B_1178/2016 E. 2.3;6B_1213/2020 E. 1.4.3;6B_1251/2014 E. 1.1;6B_1251/2014 E. 1.4;6B_1294/2015 E. 4.4;6B_1310/2023 E. 1.2;6B_137/2022 E. 2.3.7;6B_1372/2021 E. 1.3.2;6B_1377/2022 E. 2.1;6B_1377/2022 E. 2.4.3,has_parents_but_none_in_same_query_gold
train,train_0116,Art. 147 StPO,True,203,False,,1B_121/2021 E. 1.2.3;1B_16/2019 E. 1.3;1B_264/2012 10.10.2012 E. 5;1B_29/2018 E. 2.6;1B_326/2022 E. C;1B_330/2017 E. 2.1;1B_369/2014 E. 1.2;1B_375/2017 07.02.2018 E. 4.4;1B_375/2017 07.02.2018 E. 4.6;1B_395/2021 E. 4.2.4;1B_415/2019 E. 1.3;1B_431/2015 E. 2.1;1B_46/2017 E. 2.3;1B_462/2011 21.11.2012 E. 3;1B_481/2018 E. 1;1B_485/2021 E. 2.4.1;1B_52/2018 E. 3.3;1B_520/2017 E. 1.2;1B_520/2017 E. 2;1B_520/2017 E. 3.3,has_parents_but_none_in_same_query_gold
train,train_0118,Art. 45 BankV,False,0,False,,,no_parent_edges_found
train,train_0123,Art. 37h BankG,True,4,False,,Art. 13 BIV-FINMA;Art. 15 Abs. 2 BIV-FINMA;Art. 18 Abs. 1 LiqV;Art. 20 Abs. 2 InsV-FINMA,has_parents_but_none_in_same_query_gold
train,train_0124,Art. 328 OR,True,117,False,,1C_130/2024 E. 3;1C_245/2008 02.03.2009 E. 4;1C_340/2023 E. 4.1.1;1C_340/2023 E. 4.1.2;1C_354/2008 04.05.2009 E. 2;1C_42/2007 29.11.2007 E. 3.6;1P.470/2002 20.11.2002 E. 2;1P.470/2002 20.11.2002 E. 3;2A.312/2004 22.04.2005 E. 5;2A.6/2001 09.04.2001 E. 2;2C_518/2022 E. 1.2.6;2C_543/2014 E. 4.3;2P.93/2005 30.09.2005 E. 1;4A_169/2013 E. 4.2;4A_187/2010 06.09.2010 E. B;4A_189/2015 E. 3;4A_189/2015 E. 3.2;4A_189/2015 E. B;4A_209/2017 E. 3.3;4A_217/2018 E. 3.2,has_parents_but_none_in_same_query_gold
train,train_0124,Art. 26 ArGV 3,True,6,False,,6B_181/2018 E. 4.3;6B_536/2009 12.11.2009 E. 2;6B_536/2009 12.11.2009 E. 3.3;6B_536/2009 12.11.2009 E. 3.4;9C_785/2010 10.06.2011 E. 2;BGE 145 IV 42 E. 4.3,has_parents_but_none_in_same_query_gold
train,train_0124,Art. 28 ZGB,True,491,False,,1B_143/2011 01.06.2011 E. 4;1B_21/2012 27.03.2012 E. 2;1B_22/2012 11.05.2012 E. 2;1B_245/2015 E. 5.2;1B_294/2014 E. 3;1B_320/2015 E. 4.6;1B_562/2011 02.02.2012 E. 4;1B_562/2011 02.02.2012 E. 6;1B_643/2022 06.04.2023 E. 2;1B_652/2011 03.04.2012 E. 2;1B_75/2017 E. 4.1.2;1B_94/2019 E. 2.2;1C_175/2021 E. 5.3.1;1C_230/2011 31.05.2012 E. 10.6;1C_230/2011 31.05.2012 E. 12;1C_230/2011 31.05.2012 E. 8;1C_275/2012 21.09.2012 E. 1;1C_277/2023 E. 2.4;1C_382/2007 24.04.2008 E. 2;1C_382/2007 24.04.2008 E. 3,has_parents_but_none_in_same_query_gold
train,train_0126,Art. 324 OR,True,60,False,,1C_159/2008 08.12.2008 E. 4;1C_77/2007 27.08.2007 E. 6;4A_179/2010 04.10.2010 E. 1;4A_291/2008 02.12.2008 E. 3;4A_356/2022 E. 3.1.1;4A_356/2022 E. 3.1.2;4A_358/2021 E. 2.2.2;4A_509/2009 07.01.2010 E. 2;4A_53/2023 E. 3.3;4A_53/2023 E. 4;4A_53/2023 E. 4.2;4A_53/2023 E. 5.1;4A_53/2023 E. 5.10;4A_53/2023 E. 5.2;4A_53/2023 E. 5.3;4A_53/2023 E. 5.4;4A_53/2023 E. 5.7;4A_53/2023 E. 5.8;4A_556/2012 09.04.2013 E. 6;4C.207/2001 03.01.2002 E. 1,has_parents_but_none_in_same_query_gold
train,train_0127,Art. 6 TwwV,False,0,False,,,no_parent_edges_found
train,train_0129,Art. 3 DSG,True,31,False,,1A.225/2002 27.05.2003 E. 1;1C_214/2016 E. 4.4;1C_214/2016 E. 6.4;1C_230/2011 31.05.2012 E. 6;1C_285/2009 08.09.2010 E. 3;1C_394/2016 E. 4.2;1C_425/2020 E. 3.4.2;1C_50/2015 E. 5.2.1;1C_74/2015 E. 3.2;1C_93/2021 E. 4.3.3;2A.692/2006 01.02.2007 E. 4;2C_1065/2014 E. 6.1;2C_726/2018 E. 3.4;4A_125/2020 E. 3.1;4A_125/2020 E. 3.3;4A_125/2020 E. 3.4.1;4A_365/2017 E. 5.2.2;5C.166/2000 20.07.2001 E. 3;BGE 124 III 170 E. 3b;BGE 127 III 481 E. 3bb,has_parents_but_none_in_same_query_gold
train,train_0129,Art. 4 Abs. 4 DSG,True,27,False,,1C_230/2011 31.05.2012 E. 9;1C_415/2020 E. 2.1;2C_171/2016 E. 4.1;2C_825/2019 E. 4.4;2C_825/2019 E. 4.5;2C_874/2020 E. 6.4.4;4A_588/2018 E. 4.2;6B_1133/2021 E. 2.2;6B_1133/2021 E. 2.4.1;6B_1188/2018 E. 3.1;6B_1188/2018 E. 3.2;6B_1188/2018 E. 4;6B_1404/2019 E. 1.2;6B_1404/2019 E. 1.3.2;6B_1404/2019 E. 1.4;6B_1468/2019 E. 1.3.2;6B_345/2024 E. 2.1.3;6B_68/2023 E. 2.1.2;6B_810/2020 E. 2.6.2;7B_797/2023 E. 3.2,has_parents_but_none_in_same_query_gold
train,train_0129,Art. 14 DSG,True,3,False,,1B_99/2020 E. 2.3;8C_736/2018 E. 3.3.1;Art. 51 Abs. 4 DSG,has_parents_but_none_in_same_query_gold
train,train_0129,Art. 14 Abs. 4 DSG,False,0,False,,,no_parent_edges_found
train,train_0129,Art. 11a Abs. 3 DSG,False,0,False,,,no_parent_edges_found
train,train_0130,Art. 59 StGB,True,1463,True,Art. 19 Abs. 2 StPO;Art. 64 Abs. 1 StGB;Art. 82 Abs. 1 StPO,1A.36/2004 24.05.2004 E. 4;1A.70/2003 08.09.2003 E. 5;1B_10/2010 02.02.2010 E.;1B_10/2010 02.02.2010 E. 1;1B_10/2010 02.02.2010 E. 4;1B_10/2010 02.02.2010 E. B;1B_100/2009 20.05.2009 E. 3.2;1B_102/2010 28.04.2010 E. 2.3;1B_102/2010 28.04.2010 E. B;1B_109/2008 06.05.2008 E. 1;1B_110/2023 E. 4.1;1B_113/2018 E. 1;1B_116/2014 E. 1.1;1B_117/2014 E. 2.2.2;1B_117/2019 E. 1;1B_121/2020 E. A;1B_125/2023 E. 3.3;1B_125/2023 E. 4.1;1B_126/2013 E. 1.1;1B_131/2014 E. 1,parent_in_same_query_gold
train,train_0130,Art. 64 StGB,True,316,False,,1A.134/2001 11.12.2001 E. 5;1B_10/2010 02.02.2010 E. 2;1B_110/2008 26.05.2008 E. 2;1B_124/2017 E. A;1B_151/2010 02.06.2010 E. 4;1B_247/2023 E. 1.1;1B_257/2017 E. 1;1B_270/2017 E. C;1B_283/2016 E. 5.4;1B_283/2016 E. A;1B_29/2021 E. 1;1B_332/2018 E. 4.2;1B_332/2018 E. A;1B_353/2021 E. 4.3;1B_36/2021 E. 3;1B_370/2020 E. 2.2;1B_4/2010 21.01.2010 E. B;1B_443/2016 E. 4.1;1B_486/2018 E. A;1B_528/2020 E. 3.4,has_parents_but_none_in_same_query_gold
train,train_0130,Art. 65 StGB,True,86,False,,1A.134/2001 11.12.2001 E. 5;1A.194/2005 18.08.2005 E. 3;1B_136/2013 22.04.2013 E. 3;1B_370/2020 E. 2.2;1B_4/2010 21.01.2010 E. 3;1B_548/2017 E. 3.1;1P.615/2001 15.10.2001 E. 4;1P.617/2001 15.10.2001 E. 4;1P.627/2002 04.03.2003 E. 3;1P.690/2004 14.12.2004 E. 2;1P.857/2005 13.01.2006 E. 4;5A_407/2019 E. 8.2;6B_1027/2021 E. 2.3;6B_1098/2018 E. 1.7;6B_1107/2021 E. 3.4;6B_160/2010 01.06.2010 E. 1;6B_171/2016 E. 2.1;6B_171/2016 E. 2.3;6B_171/2016 E. 2.8;6B_237/2019 E. 2.4,has_parents_but_none_in_same_query_gold
train,train_0130,Art. 76 StGB,True,7,False,,1B_34/2022 E. 3.5;1B_4/2008 29.01.2008 E. 2;1B_69/2016 E. 3.2;6B_708/2015 E. 2.4.4;6B_957/2018 E. B;7B_112/2024 E. 4.3;BGE 142 IV 1 E. 2.4.4,has_parents_but_none_in_same_query_gold
train,train_0135,Art. 25 USG,True,92,False,,1A.132/1999 25.01.2000 E. 2;1A.159/2005 20.02.2006 E. 2;1A.167/2004 28.02.2005 E. 4.2;1A.180/2006 09.08.2007 E. 5;1A.180/2006 09.08.2007 E. 5.6;1A.195/2006 17.07.2007 E. 2;1A.213/2000 21.03.2001 E. 2;1A.240/2002 13.05.2003 E. 2;1A.276/2000 13.08.2001 E. 3;1A.276/2004 12.07.2005 E. 5;1A.282/2000 15.05.2001 E. 2;1A.282/2000 15.05.2001 E. 5;1A.282/2000 15.05.2001 E. 7;1A.283/2004 05.08.2005 E. 3;1A.39/2004 11.10.2004 E. 2;1A.58/2002 02.09.2002 E. 2;1A.6/2002 15.02.2002 E. 4;1A.6/2005 15.08.2005 E. 4;1A.73/1999 07.06.2000 E. 2;1A.73/2001 04.03.2002 E. 2,has_parents_but_none_in_same_query_gold
train,train_0137,Art. 26 OR,True,33,False,,1A.64/2005 25.05.2005 E. 3;4A_106/2020 E. 5.3;4A_192/2016 E. 6.2;4A_29/2022 E. 2.1;4A_29/2022 E. 2.5;4A_29/2022 E. 2.6.2;4A_343/2009 05.01.2010 E. 3;4A_398/2018 25.02.2019 E. 4.2;4A_461/2016 E. 3.4;4A_461/2016 E. 4.2;4A_461/2016 E. 4.3.1;4A_525/2009 15.03.2010 E. 3;4A_533/2013 E. 4.4;4A_87/2018 E. 5.4;4A_92/2021 E. 3.1;4A_97/2016 E. 2.5;4C.12/2002 14.05.2002 E. 4;4C.248/2006 03.10.2006 E. 2;4C.250/2006 03.10.2006 E. 2;4C.352/2002 21.02.2003 E. 6,has_parents_but_none_in_same_query_gold
train,train_0137,Art. 7 OR,True,1,False,,H 206/99 17.02.2000 E. 2,has_parents_but_none_in_same_query_gold
train,train_0137,Art. 1 OR,True,203,False,,1C_402/2008 25.05.2009 E. 5;1C_613/2015 10.08.2016 E. 3.3;1P.299/2005 14.12.2005 E. 1;2C_109/2017 E. 3.1;2C_539/2023 E. 5.3.3;2C_689/2022 E. 6.4;2C_734/2016 20.10.2016 E. 4.4.3;2C_734/2016 20.10.2016 E. 4.5.5;2C_828/2013 E. 5.4;2C_828/2013 E. 5.5.4;2C_857/2014 E. 5.4;4A_109/2008 16.04.2008 E. 4;4A_115/2020 E. 5.4;4A_125/2017 E. 4.2;4A_126/2021 E. 3.4;4A_127/2013 E. 6;4A_131/2017 E. 4.1;4A_131/2024 E. 3;4A_131/2024 E. 3.3.2;4A_152/2009 29.06.2009 E. 4,has_parents_but_none_in_same_query_gold
train,train_0137,Art. 24 OR,True,60,False,,2C_438/2011 27.05.2011 E. 2;2P.138/2004 19.10.2004 E. 7;4A_141/2017 E. 3.4.4;4A_233/2016 E. 5.2;4A_254/2020 E. 4.4.2;4A_331/2007 19.12.2007 E. 4;4A_335/2021 E. 6.1.2;4A_343/2009 05.01.2010 E. A;4A_35/2020 E. 3.2.2;4A_398/2018 25.02.2019 E. 4;4A_417/2007 14.02.2008 E. 2;4A_417/2007 14.02.2008 E. 3;4A_42/2021 E. 3.2;4A_461/2016 E. 4.3.1;4A_461/2016 E. 4.3.2;4A_92/2021 E. 3.3.2;4A_97/2016 E. 2.1;4A_97/2016 E. 2.4;4A_97/2016 E. 2.6.3;4A_97/2016 E. 2.6.4,has_parents_but_none_in_same_query_gold
train,train_0137,Art. 25 OR,True,8,False,,4A_141/2017 E. 3.2;4A_141/2017 E. 3.3;4A_461/2016 E. 4.2;4C.194/2006 05.09.2006 E. 3;4C.202/2006 29.09.2006 E. 3;4C.208/2005 23.09.2005 E. D;6B_97/2019 E. 1.2.3;BGE 132 III 737 E. 3.1,has_parents_but_none_in_same_query_gold
train,train_0138,Art. 12 NHG,True,171,False,,1A.10/2006 14.12.2006 E. 3.3;1A.109/2006 05.10.2006 E. 1;1A.115/2001 08.10.2001 E. 2;1A.115/2001 08.10.2001 E. 3;1A.115/2001 08.10.2001 E. 4;1A.115/2001 08.10.2001 E. B;1A.141/2001 20.03.2002 E. 2;1A.151/2002 22.01.2003 E. 1;1A.168/2005 01.06.2006 E. 1;1A.170/2003 27.08.2004 E. 1;1A.237/2006 07.09.2007 E. 2;1A.301/2000 28.05.2001 E. 2;1A.50/2007 11.03.2008 E. 1;1A.59/1995 28.04.2000 E. 1;1A.65/2002 30.07.2002 E. 2;1A.73/1995 28.04.2000 E. 1;1C_109/2018 06.02.2019 E. 2.2;1C_133/2020 E. 1.3;1C_134/2014 E. 3.1;1C_134/2014 E. 5.1,has_parents_but_none_in_same_query_gold
train,train_0138,Art. 78 BV,True,22,False,,1A.115/2001 08.10.2001 E. 2;1A.157/2006 09.02.2007 E. 3;1A.173/2000 05.11.2001 E. 3;1C_100/2017 E. 2.6;1C_104/2017 E. 7.8;1C_188/2007 01.04.2009 E. 2;1C_31/2023 E. 4.1;1C_312/2017 E. 4.2;1C_375/2019 E. 3.3;1C_375/2019 E. 4.2;1C_375/2020 E. 3.4.1;1C_376/2020 E. 5;1C_488/2015 E. 4.3;1C_523/2024 E. 5;1C_523/2024 E. 6.4;1C_553/2020 E. 5.4;1C_649/2012 22.05.2013 E. 4;9C_677/2021 E. 3.1;BGE 128 II 1 E. 19.13d;BGE 135 II 209 E. 2.1,has_parents_but_none_in_same_query_gold
train,train_0143,Art. 68 AIG,True,26,False,,1C_141/2022 E. 4.2;2C_171/2024 E. 5.4.1;2C_577/2024 E. 5.2.2;2C_577/2024 E. 5.3;2C_577/2024 E. 6.4;2C_588/2019 E. 3.2;2C_766/2019 E. 4.4;6B_1258/2020 E. 4.2.5;6B_747/2019 E. 2.2.3;Art. 109 Abs. 7 AsylG;Art. 24 Abs. 1 AsylV 2;Art. 31 Abs. 3 AIG;Art. 37 Abs. 6 AsylG;Art. 45a Abs. 2 AsylG;Art. 50 Abs. 1 StReV;Art. 61 Abs. 1 AIG;Art. 61 Abs. 1 AsylG;Art. 65 AsylG;Art. 68a Abs. 1 AIG;Art. 75 Abs. 1 AIG,has_parents_but_none_in_same_query_gold
train,train_0143,Art. 78 AIG,True,9,False,,2C_136/2023 12.06.2023 E. 3.1;2C_35/2021 E. 4.1;2C_438/2022 E. 4.2.3;2C_490/2019 E. 5.3;2C_712/2022 E. 3.1;2C_768/2020 E. 6.1;2C_94/2025 E. 1.3;2C_961/2020 E. 2.3.2;Art. 79 Abs. 1 AIG,has_parents_but_none_in_same_query_gold
train,train_0144,Art. 158 StGB,True,250,False,,1A.101/2000 18.07.2000 E. 4;1A.105/2000 18.07.2000 E. 4;1A.109/2000 18.07.2000 E. 3;1A.110/2000 18.07.2000 E. 5;1A.125/2006 10.08.2006 E. 2;1A.153/2004 07.09.2004 E. 4;1A.153/2004 07.09.2004 E. A;1A.153/2004 07.09.2004 E. B;1A.161/2005 12.07.2005 E. 2;1A.175/2004 25.11.2004 E. 2;1A.178/2006 19.01.2007 E. 2;1A.188/2005 24.10.2005 E. 2;1A.194/2005 18.08.2005 E. 3;1A.197/2000 21.07.2000 E. 2;1A.197/2000 21.07.2000 E. I;1A.199/2004 07.01.2005 E. 7;1A.24/2004 11.08.2004 E. 7;1A.247/1999 24.01.2000 E. 3;1A.257/2003 28.01.2004 E. 6;1A.268/2005 17.11.2005 E. 5,has_parents_but_none_in_same_query_gold
train,train_0145,Art. 143 FinfraG,True,4,False,,2C_315/2020 E. 8.1;2C_317/2020 E. 8.1;Art. 145 FinfraG;Art. 31 Abs. 2 FinfraV,has_parents_but_none_in_same_query_gold
train,train_0145,Art. 155 FinfraG,False,0,False,,,no_parent_edges_found
train,train_0146,Art. 781 ZGB,True,18,False,,1E.5/2001 16.10.2001 E. 3;5A_171/2008 13.05.2008 E. 2;5A_235/2011 08.08.2011 E. 2;5A_259/2019 E. 5.1;5A_259/2019 E. 5.3.2;5A_341/2019 E. 3.4;5A_507/2010 15.12.2010 E. 6;5A_550/2011 24.10.2011 E. 4;5A_550/2011 24.10.2011 E. 5;5A_560/2009 07.10.2009 E. 1;5A_884/2012 E. 4.2;5C.111/2006 25.08.2006 E. 8;5C.270/2000 12.04.2001 E. 2;5C.270/2000 12.04.2001 E. 3;6B_913/2014 E. 2;BGE 132 III 651 E. 8;BGE 137 III 444 E. 2.1;BGE 147 III 1 E. 3.4,has_parents_but_none_in_same_query_gold
train,train_0148,Art. 83 AIG,True,19,False,,2C_116/2019 E. 2.2;2C_163/2020 E. 4.2;2C_392/2023 E. 3.3;2C_45/2021 E. 1.2;2C_487/2020 E. 5.2.4;2C_490/2019 E. 5.1;2C_670/2023 E. 2.2;2C_670/2023 E. 3.1;2C_685/2021 E. 2.3;2C_695/2022 E. 6;2C_891/2021 E. 1.4;6B_1024/2019 E. 1.3.5;6B_1471/2021 E. 2.4.3;6B_494/2025 E. 5.4;6B_743/2025 E. 6;Art. 1 Abs. 2 KVV;Art. 36 Abs. 6 VZAE;Art. 41 Abs. 2 AIG;Art. 65 Abs. 3 AIG,has_parents_but_none_in_same_query_gold
train,train_0148,Art. 5 AsylG,True,35,False,,2A.51/2006 08.05.2006 E. 2;2A.51/2006 08.05.2006 E. 4.3;2A.51/2006 08.05.2006 E. C;2A.548/2003 26.11.2003 E. 2;2C_108/2018 E. 3.2;2C_108/2018 E. 5.4.4;2C_14/2017 E. 2.2;2C_203/2016 E. 2.3;2C_455/2009 05.08.2009 E. 2;2C_588/2019 E. 3;2C_588/2019 E. 3.2;2C_588/2019 E. 5;2C_588/2019 E. 5.2;2C_588/2019 E. 5.5.2;2C_710/2008 16.02.2009 E. 2.2;2C_712/2016 E. 1.2;2C_766/2019 E. 4.6;2C_766/2019 E. 7;2C_833/2011 06.06.2012 E. 2;2C_833/2011 06.06.2012 E. 3.2,has_parents_but_none_in_same_query_gold
train,train_0149,Art. 2 Abs. 1 LugÜ,False,0,False,,,no_parent_edges_found
train,train_0150,Art. 49 Abs. 1 VVEA,False,0,False,,,no_parent_edges_found
train,train_0150,Art. 31c USG,True,15,False,,1A.11/2005 06.07.2005 E. 4.1;1A.71/2004 08.03.2005 E. 9.2;1C_177/2021 E. 3.2.4;1C_177/2021 E. 3.3;2C_239/2011 21.02.2012 E. 3;2C_239/2011 21.02.2012 E. 4;Art. 31b Abs. 1 USG;BGE 126 II 26 E. 3b;BGE 126 II 26 E. 3c;BGE 126 II 26 E. 3e;BGE 131 II 271 E. 9.2.1;BGE 138 II 111 E. 3.1;BGE 138 II 111 E. 4.3.1;BGE 148 II 387 E. 3.2.4;BGE 148 II 387 E. 3.3,has_parents_but_none_in_same_query_gold
train,train_0151,Art. 9 SebG,True,1,False,,Art. 25 Abs. 1 SebG,has_parents_but_none_in_same_query_gold
train,train_0155,Art. 17 ZPO,True,20,False,,4A_112/2020 E. 3.2.4;4A_120/2022 E. 4.1;4A_131/2017 E. B;4A_242/2016 E. 2.4;4A_299/2022 E. 4.2;4A_4/2015 E. 2;4A_50/2019 E. 3.2.2;4A_568/2017 E. 2.2;4A_568/2017 E. 3;4A_58/2024 E. 3;4A_58/2024 E. 4;4A_628/2011 30.05.2012 E. 2;4A_66/2012 29.05.2012 E. 3;4D_75/2015 E. 4.1;4D_75/2015 E. 4.3;BGE 138 III 471 E. 3.1;BGE 138 III 471 E. 5.2.2;BGE 138 III 471 E. 5.26.2;BGE 142 III 623 E. 2.4;BGE 149 III 71 E. 4.1,has_parents_but_none_in_same_query_gold
train,train_0158,Art. 25a RPG,True,264,False,,1A.10/2006 14.12.2006 E. 3;1A.10/2006 14.12.2006 E. 3.3;1A.108/2004 17.11.2004 E. 3;1A.136/2003 04.11.2004 E. 1;1A.139/2006 27.09.2006 E. 4;1A.14/2006 18.08.2006 E. 3;1A.166/2006 24.01.2007 E. 2;1A.175/2003 27.11.2003 E. 1;1A.175/2003 27.11.2003 E. 2;1A.18/2004 15.03.2005 E. 5;1A.183/2001 18.09.2002 E. 1;1A.183/2001 18.09.2002 E. 4;1A.183/2001 18.09.2002 E. 4.5;1A.189/2000 21.03.2001 E. 3;1A.230/2000 28.08.2001 E. 2;1A.230/2000 28.08.2001 E. 3;1A.234/1999 01.05.2000 E. 5;1A.29/2003 09.07.2003 E. 2;1A.300/2000 27.04.2001 E. 3;1A.305/2000 09.07.2001 E. 2,has_parents_but_none_in_same_query_gold
train,train_0160,Art. 34 BV,True,345,False,,1C_100/2016 E. C;1C_103/2010 26.08.2010 E. 2;1C_105/2019 E. 10;1C_105/2019 E. 5;1C_105/2020 07.10.2020 E. 2.1;1C_105/2020 07.10.2020 E. 3.2;1C_108/2024 E. 1.1;1C_108/2024 E. 2;1C_108/2024 E. 3.1;1C_108/2024 E. 4.2;1C_109/2014 E. 2.4;1C_109/2014 E. 7.4;1C_127/2010 20.12.2010 E. 3.2;1C_127/2010 20.12.2010 E. 4.1;1C_127/2010 20.12.2010 E. 4.3;1C_127/2010 20.12.2010 E. 7.2;1C_127/2010 20.12.2010 E. C;1C_127/2013 E. 9.2;1C_147/2021 E. 1.3.2;1C_147/2021 E. 3,has_parents_but_none_in_same_query_gold
train,train_0162,Art. 3 AIG,False,0,False,,,no_parent_edges_found
train,train_0163,Art. 15 ArG,True,3,False,,2C_703/2015 E. 2.2;4A_343/2010 06.10.2010 E. 4;8C_348/2013 E. 5.1,has_parents_but_none_in_same_query_gold
train,train_0165,Art. 6 ZPO,True,175,False,,1C_415/2010 02.02.2011 E. 3;4A_111/2014 E. 1;4A_118/2010 19.04.2010 E. 3;4A_125/2017 E. 1.1;4A_128/2018 E. 1;4A_130/2022 E. 1.1;4A_141/2017 E. 2.2.1;4A_141/2017 E. 2.2.2;4A_147/2014 E. 1;4A_148/2011 08.09.2011 E. 1;4A_150/2016 E. 2.2;4A_150/2016 E. 4.1;4A_151/2014 E. 3.1;4A_17/2023 E. 1;4A_178/2016 E. 1;4A_18/2023 E. 1;4A_182/2019 E. 4.6;4A_184/2012 18.09.2012 E. 4;4A_184/2015 E. 1;4A_189/2024 E. 1,has_parents_but_none_in_same_query_gold
train,train_0166,Art. 11 VVEA,False,0,False,,,no_parent_edges_found
train,train_0167,Art. 16a JStG,True,3,False,,Art. 16 Abs. 2 363;Art. 19 Abs. 4 JStG;Art. 294 Abs. 2 StGB,has_parents_but_none_in_same_query_gold
train,train_0168,Art. 60 OR,True,99,False,,1C_315/2018 10.04.2019 E. 2.3;1C_353/2007 30.10.2008 E. 7.3;2A.29/2000 12.05.2000 E. 3;2A.373/1998 21.01.2000 E. 3;2A.553/2002 22.08.2003 E. 4;2C.3/2005 10.01.2007 E. 5;2C_1098/2018 E. 2.3;2C_192/2015 E. 3.6;2C_229/2023 30.08.2023 E. 7.2;2C_245/2018 E. 2.1;2C_245/2018 E. 7.3;2C_357/2016 E. 2.3;2C_372/2018 E. 3.1;2C_414/2013 E. 6.4.1;2C_414/2013 E. 6.4.2;2C_622/2024 E. 5.3;2C_622/2024 E. 5.4;2C_622/2024 E. 5.5;2C_622/2024 E. 5.7.1;2C_622/2024 E. 5.7.5,has_parents_but_none_in_same_query_gold
train,train_0168,Art. 969 ZGB,True,8,False,,5A.22/2000 29.03.2001 E. 2;5A_194/2013 E. 4.3;5A_222/2015 E. 2.2;5A_250/2018 E. 4;5A_611/2024 E. A;5A_707/2007 08.02.2008 E. 5;Art. 38 GBV;BGE 127 III 195 E. 2b,has_parents_but_none_in_same_query_gold
train,train_0168,Art. 964 ZGB,True,9,False,,4C.34/2000 24.04.2001 E. 5;5A.14/2001 29.01.2002 E. 3;5A_341/2019 E. 5.4;5A_341/2019 E. 5.6.2;5A_520/2018 E. 4.1.1;5A_635/2019 E. 3.2;BGE 127 III 300 E. 5aa;BGE 147 III 1 E. 5.4;BGE 147 III 1 E. 5.6.2,has_parents_but_none_in_same_query_gold
train,train_0170,Art. 712i ZGB,True,25,True,Art. 76 Abs. 2 GBV,5A_102/2007 29.06.2007 E. 1;5A_102/2007 29.06.2007 E. 2;5A_102/2007 29.06.2007 E. 2.2;5A_163/2020 E. 1;5A_176/2024 E. 1;5A_357/2022 E. 1.1;5A_357/2022 E. 6.1;5A_357/2022 E. 6.2.1;5A_357/2022 E. 6.4.4;5A_402/2021 E. 1.2.1;5A_402/2021 E. C;5A_504/2022 E. 1;5A_577/2008 23.10.2008 E. 2;5A_577/2008 23.10.2008 E. B;5C.232/2003 02.03.2004 E. 3;5D_43/2017 E. 1;5D_47/2020 E. 1;Art. 76 Abs. 2 GBV;BGE 130 III 306 E. 3.2;BGE 150 III 113 E. 11.2020.25,parent_in_same_query_gold
train,train_0172,Art. 147 StGB,True,62,False,,1A.1/2004 02.02.2004 E. 3;1A.199/2005 09.11.2005 E. 3;1B_193/2015 E. 3.2;1B_588/2011 23.02.2012 E. 4;1S.2/2007 24.01.2007 E. 3;6B_1085/2023 E. 3.2.4;6B_24/2018 E. 2.1;6B_24/2018 E. 2.3.1;6B_24/2018 E. 3.3.2;6B_427/2024 E. 2.4.3;6B_436/2014 E. 1.2.1;6B_491/2009 26.10.2009 E. 2;6B_491/2009 26.10.2009 E. 5;6B_491/2009 26.10.2009 E. 7;6B_497/2014 E. 4.1;6B_497/2014 E. 4.3;6B_544/2017 E. 2.2.1;6B_544/2017 E. 2.2.2;6B_549/2023 E. 2.1;6B_549/2023 E. 2.4,has_parents_but_none_in_same_query_gold
train,train_0174,Art. 28 ZGB,True,491,False,,1B_143/2011 01.06.2011 E. 4;1B_21/2012 27.03.2012 E. 2;1B_22/2012 11.05.2012 E. 2;1B_245/2015 E. 5.2;1B_294/2014 E. 3;1B_320/2015 E. 4.6;1B_562/2011 02.02.2012 E. 4;1B_562/2011 02.02.2012 E. 6;1B_643/2022 06.04.2023 E. 2;1B_652/2011 03.04.2012 E. 2;1B_75/2017 E. 4.1.2;1B_94/2019 E. 2.2;1C_175/2021 E. 5.3.1;1C_230/2011 31.05.2012 E. 10.6;1C_230/2011 31.05.2012 E. 12;1C_230/2011 31.05.2012 E. 8;1C_275/2012 21.09.2012 E. 1;1C_277/2023 E. 2.4;1C_382/2007 24.04.2008 E. 2;1C_382/2007 24.04.2008 E. 3,has_parents_but_none_in_same_query_gold
train,train_0174,Art. 12 DSG,True,21,False,,1C_230/2011 31.05.2012 E. 7;1C_285/2009 08.09.2010 E. 5;1C_285/2009 08.09.2010 E. 5.2;6B_1133/2021 E. 2.3.2;6B_1188/2018 E. 3.3;6B_1362/2020 E. 14.4.2;6B_1468/2019 E. 1.3.2;6B_181/2018 E. 4.3;6B_301/2022 E. 2.2.3;6B_536/2009 12.11.2009 E. 3.6;6B_810/2020 E. 2.6.2;6B_887/2016 E. 5.2;9C_785/2010 10.06.2011 E. 2;BGE 136 II 508 E. 5.1;BGE 136 II 508 E. 5.2.1;BGE 136 II 508 E. 5.2.4;BGE 136 II 508 E. 5.2.5;BGE 138 II 346 E. 7.1;BGE 145 IV 42 E. 4.3;BGE 146 IV 226 E. 3.3,has_parents_but_none_in_same_query_gold
train,train_0175,Art. 10 BV,True,308,False,,1A.104/1999 05.04.2000 E. 5;1A.208/2004 19.01.2005 E. 2;1A.23/2005 04.07.2005 E. 5;1A.280/2004 27.10.2005 E. 2;1B_141/2007 24.07.2007 E. 3;1B_153/2013 17.05.2013 E. 2;1B_169/2022 E. 4;1B_195/2008 24.07.2008 E. C;1B_229/2017 E. 1.5;1B_24/2021 E. 6.1;1B_251/2021 E. 4;1B_251/2021 E. 6;1B_281/2016 E. C;1B_32/2011 15.02.2011 E. 2;1B_34/2017 E. 2;1B_377/2022 E. 8.2.3;1B_378/2013 E. 3.3;1B_416/2019 E. 2.2;1B_416/2019 E. 2.3;1B_416/2019 E. 2.4,has_parents_but_none_in_same_query_gold
train,train_0175,Art. 13 BV,True,2239,False,,1A.104/1999 05.04.2000 E. 6;1A.214/2005 23.01.2006 E. 5;1A.23/2005 04.07.2005 E. 5;1B_101/2008 28.10.2008 E. 2;1B_101/2008 28.10.2008 E. 3;1B_103/2021 E. 3.2;1B_115/2016 E. 2.4.1;1B_116/2016 E. 2.4.1;1B_131/2015 E. 3;1B_134/2011 14.07.2011 E. 4;1B_146/2016 E. 2.1;1B_175/2013 E. 1.3;1B_175/2013 E. 4.2.3;1B_191/2018 E. 1.3;1B_191/2018 E. 2;1B_193/2017 E. 3.5.1;1B_206/2007 07.01.2008 E. 6;1B_229/2017 E. 1.5;1B_231/2013 E. 3.3;1B_231/2015 E. 2.3,has_parents_but_none_in_same_query_gold
train,train_0177,Art. 754 OR,True,175,False,,1P.133/2004 13.08.2004 E. 2;1P.133/2004 13.08.2004 E. 3;1P.133/2004 13.08.2004 E. 4;2C_245/2018 E. 6.5;2C_272/2011 05.12.2011 E. 4.2;2C_465/2011 10.02.2012 E. 3;4A_128/2021 E. 2.2;4A_130/2021 E. 2.2;4A_147/2014 E. 6.2;4A_147/2014 E. 6.3;4A_15/2013 E. 4.1;4A_15/2013 E. 5.2;4A_15/2013 E. 8.1;4A_177/2011 02.09.2011 E. 3;4A_177/2011 02.09.2011 E. 4;4A_177/2011 02.09.2011 E. 9;4A_219/2015 E. 4;4A_219/2015 E. 4.1;4A_219/2015 E. 4.2.5;4A_231/2011 20.09.2011 E. 4,has_parents_but_none_in_same_query_gold
train,train_0181,Art. 4 StromVV,True,11,False,,2C_269/2012 27.10.2012 E. 3.4;2C_297/2019 E. 7.2;2C_488/2020 29.03.2023 E. 3.1;2C_518/2012 23.11.2012 E. 2;2C_681/2015 20.07.2016 E. 4.2.1;2C_681/2015 20.07.2016 E. 5.2.7;2C_739/2010 06.07.2011 E. C;BGE 138 I 454 E. 3.6.3;BGE 142 II 451 E. 4.2.1;BGE 142 II 451 E. 5.2.7.1;BGE 149 II 187 E. 3.1,has_parents_but_none_in_same_query_gold
train,train_0182,Art. 24a RPG,True,111,False,,1A.161/2002 03.04.2003 E. 4;1A.176/2002 28.07.2003 E. 3;1A.176/2002 28.07.2003 E. 4;1A.214/2002 12.09.2003 E. 1;1A.214/2002 12.09.2003 E. 4;1A.214/2002 12.09.2003 E. 5;1A.214/2002 12.09.2003 E. 7.2;1A.23/2007 31.07.2007 E. B;1A.241/2000 19.07.2001 E. 4;1A.241/2000 19.07.2001 E. 5;1A.241/2000 19.07.2001 E. 6;1A.274/2006 06.08.2007 E. 3;1A.290/2004 07.04.2005 E. 2;1A.301/2000 28.05.2001 E. 6;1A.312/2005 27.09.2006 E. 6;1A.78/2004 16.07.2004 E. 4;1C_12/2022 E. 7.2;1C_127/2008 04.12.2008 E. 2;1C_127/2008 04.12.2008 E. 2.3;1C_127/2008 04.12.2008 E. 2.4,has_parents_but_none_in_same_query_gold
train,train_0184,Art. 55 OR,True,90,False,,2C_472/2015 14.09.2016 E. 3.4.1;2C_529/2022 E. 4.7;2C_534/2016 E. 3.4;2C_534/2016 E. 3.5;2C_584/2020 E. 3.2;2C_747/2009 08.04.2010 E. 5;2C_817/2020 E. 3.4;2P.224/2005 18.04.2006 E. 3;4A_106/2009 01.10.2009 E. 6;4A_17/2023 E. 4;4A_17/2023 E. 7.3.3;4A_17/2023 E. 7.4;4A_17/2023 E. B;4A_18/2023 E. 3;4A_18/2023 E. 5.3.3;4A_18/2023 E. 5.4;4A_18/2023 E. B;4A_187/2007 09.05.2008 E. 2;4A_187/2007 09.05.2008 E. 3;4A_187/2007 09.05.2008 E. B,has_parents_but_none_in_same_query_gold
train,train_0184,Art. 4 PrHG,True,12,False,,4A_255/2010 29.06.2010 E. 2;4A_255/2010 29.06.2010 E. 3;4A_255/2010 29.06.2010 E. 4;4A_365/2014 05.01.2015 E. 10;4A_365/2014 05.01.2015 E. 7;4A_365/2014 05.01.2015 E. 8;4A_365/2014 05.01.2015 E. 9.2;4A_635/2020 E. 4.2;4C.139/2005 29.03.2006 E. 2;4C.307/2005 25.01.2006 E. 3;BGE 139 II 534 E. 19.6;BGE 139 II 534 E. 4.4,has_parents_but_none_in_same_query_gold
train,train_0186,Art. 9 GwG,True,50,False,,1A.87/2002 11.06.2002 E. A;1B_193/2018 E. 2.2;1B_195/2018 E. 2.2;1B_243/2021 E. 3.4;1B_433/2017 E. 1.2;1B_433/2017 E. 1.3;1B_433/2017 E. 1.5;1B_433/2017 E. 1.8;1B_433/2017 E. 4.8;1B_433/2017 E. 4.9;1B_433/2017 E. A;1B_437/2018 E. 1.2;1B_437/2018 E. 1.3;1B_437/2018 E. 1.5;1B_437/2018 E. A;1B_437/2018 E. B;1B_453/2018 E. A;1B_487/2018 E. A;1B_49/2021 E. 5.4;1B_604/2021 E. 5.2,has_parents_but_none_in_same_query_gold
train,train_0186,Art. 6 VStrR,True,29,False,,1C_520/2022 E. 4.2.1;2C_192/2019 E. 4.3;2C_192/2019 E. 5.4.1;6B_108/2022 E. 2.2;6B_1273/2020 E. 3.5.2;6B_389/2012 06.11.2012 E. A;6B_444/2021 E. 2.3.2;6B_444/2021 E. 3.2;6B_466/2011 16.03.2012 E. 2;6B_596/2019 E. 2.2;6B_679/2009 05.11.2009 E. 3;6B_79/2011 05.08.2011 E. A;6B_816/2009 28.01.2010 E. 2.2;6B_817/2009 28.01.2010 E. 3.2;6P.183/2001 16.03.2002 E. 3;6P.9/2006 05.07.2006 E. 9;6S.357/2002 18.12.2002 E. 1;6S.488/2005 31.08.2006 E. 1;6S.677/2001 16.03.2002 E. 2;Art. 133 Abs. 2 BGS,has_parents_but_none_in_same_query_gold
train,train_0188,Art. 202 ZPO,True,19,False,,4A_147/2012 02.07.2012 E. B;4A_191/2019 E. 3.2.1;4A_191/2019 E. 3.2.2;4A_191/2019 E. 3.2.3;4A_191/2019 E. 4.1;4A_191/2019 E. 4.2.1;4A_191/2019 E. 4.2.2;4A_437/2021 E. 2.2.3;4A_44/2019 E. 3.5.1;4A_44/2019 E. 3.5.4;5A_471/2020 E. 4.4.2;BGE 145 III 428 E. 3.5.1;BGE 146 III 47 E. 3.2.1;BGE 146 III 47 E. 3.2.2;BGE 146 III 47 E. 3.2.3;BGE 146 III 47 E. 4.1;BGE 146 III 47 E. 4.2.1;BGE 146 III 47 E. 4.2.2;BGE 148 III 314 E. 2.2.3,has_parents_but_none_in_same_query_gold
train,train_0190,Art. 22 JStG,True,4,False,,1B_233/2013 E. 1;6B_402/2022 E. 4.2.2;6B_593/2019 E. 3.3;Art. 21 Abs. 1 JStG,has_parents_but_none_in_same_query_gold
train,train_0190,Art. 23 JStG,True,6,False,,1B_233/2013 E. 1;6B_402/2022 E. 4.2.2;6B_593/2019 E. 3.3;6B_677/2008 23.02.2009 E. A;6B_741/2013 E. B;Art. 12f Abs. 1 V-StGB-MStG-JStG,has_parents_but_none_in_same_query_gold
train,train_0190,Art. 24 JStG,True,2,False,,6B_402/2022 E. 4.2.2;6B_593/2019 E. 3.3,has_parents_but_none_in_same_query_gold
train,train_0190,Art. 25 JStG,True,9,False,,6B_538/2008 07.01.2009 E. 2;6B_538/2008 07.01.2009 E. 3;6B_641/2012 06.02.2013 E. 1;Art. 12f Abs. 1 V-StGB-MStG-JStG;Art. 16 Abs. 2 363;Art. 19 StReG;Art. 30 Abs. 2 StReG;Art. 38 Abs. 3 StReG;BGE 135 IV 87 E. 3.1,has_parents_but_none_in_same_query_gold
train,train_0191,Art. 340a OR,True,22,False,,4A_210/2018 E. 3.4;4A_210/2018 E. 3.5.1;4A_210/2018 E. 3.5.2;4A_210/2018 E. 3.6;4A_426/2023 E. 3.4.3;4A_5/2025 E. 4.4.4;4A_5/2025 E. 5.3.2;4A_62/2011 20.05.2011 E. 4.1;4A_62/2011 20.05.2011 E. A;4C.258/2003 09.01.2004 E. 2;4C.276/2003 20.02.2004 E. 2;4C.338/2001 05.04.2002 E. 1;4C.338/2001 05.04.2002 E. 2;4C.43/2007 14.03.2007 E. 5;4C.44/2002 09.07.2002 E. 2;Art. 362 Abs. 49 OR;BGE 130 III 213 E. 2.2.1;BGE 130 III 353 E. 2;BGE 145 III 365 E. 3.4;BGE 145 III 365 E. 3.5.1,has_parents_but_none_in_same_query_gold
train,train_0193,Art. 1 Abs. 2 LugÜ,False,0,False,,,no_parent_edges_found
train,train_0193,Art. 2 Abs. 1 LugÜ,False,0,False,,,no_parent_edges_found
train,train_0195,Art. 175 DBG,True,71,True,Art. 186 Abs. 1 DBG,1B_11/2011 01.04.2011 E. 5;1B_417/2010 01.04.2011 E. 5;1B_418/2010 01.04.2011 E. 5;1B_419/2010 01.04.2011 E. 5;1S.42/2005 28.03.2006 E. 4;1S.5/2005 26.09.2005 E. 6;1S.8/2006 12.12.2006 E. 4;1S.9/2005 06.10.2005 E. 6;2A.14/2007 29.05.2007 E. 2;2A.168/2006 08.03.2007 E. 3;2A.168/2006 08.03.2007 E. 4;2A.502/2005 02.02.2006 E. 3;2A.583/2004 21.04.2005 E. 3;2A.706/2006 01.03.2007 E. 3;2C_1018/2015 02.11.2017 E. 9.2;2C_1018/2015 02.11.2017 E. 9.4.3;2C_1075/2016 05.12.2016 E. 4;2C_1107/2012 E. 4.2;2C_1109/2012 E. 4.2;2C_1110/2012 17.06.2013 E. 4.2,parent_in_same_query_gold
train,train_0195,Art. 177 DBG,True,12,True,Art. 181 Abs. 3 DBG,2A.258/2005 19.10.2005 E. 2;2A.258/2005 19.10.2005 E. 3;2C_447/2010 04.11.2010 E. 3;2C_770/2016 26.09.2016 E. 1.2.3;2C_821/2010 04.04.2011 E. 4;7B_1352/2024 16.09.2025 E. A;7B_515/2024 E. A;7B_949/2024 16.09.2025 E. A;7B_973/2024 E. A;Art. 180 DBG;Art. 181 Abs. 2 DBG;Art. 181 Abs. 3 DBG,parent_in_same_query_gold
train,train_0195,Art. 176 DBG,True,22,False,,1B_11/2011 01.04.2011 E. 5;1B_417/2010 01.04.2011 E. 5;1B_418/2010 01.04.2011 E. 5;1B_419/2010 01.04.2011 E. 5;1S.42/2005 28.03.2006 E. 4;1S.5/2005 26.09.2005 E. 6;1S.8/2006 12.12.2006 E. 4;1S.9/2005 06.10.2005 E. 6;2A.168/2006 08.03.2007 E. 3;2C_1052/2020 E. 3.2.2;2C_1052/2020 E. 3.2.8;2C_1052/2020 E. 4.1;2C_290/2011 12.09.2011 E. 6;2C_357/2007 05.03.2008 E. 3;2C_85/2015 E. 3.2;2C_87/2018 E. 3.5;6B_1053/2017 E. 3.1;7B_515/2024 E. A;Art. 190 Abs. 2 DBG;Art. 194 Abs. 1 DBG,has_parents_but_none_in_same_query_gold
train,train_0195,Art. 102 StGB,True,55,False,,1B_188/2011 01.06.2011 E. 1;1B_188/2011 01.06.2011 E. B;1B_249/2015 E. 3.3;1B_249/2015 E. 6;1B_505/2019 E. 3.4;1B_516/2011 17.11.2011 E. 2;2A.168/2006 08.03.2007 E. 3;2C_147/2007 23.01.2008 E. 6;2C_175/2024 E. 8.4.3;2C_192/2019 E. 3.2;2C_192/2019 E. 4.3;2C_192/2019 E. 5.4.1;2C_383/2020 E. 4.7.2;2C_484/2010 E. 3.2;2C_916/2014 E. 7.2;2C_950/2012 E. 6.2.1;4A_249/2024 E. 1.1;4A_249/2024 E. B;5A_25/2025 E. 1.3;5A_25/2025 E. 6,has_parents_but_none_in_same_query_gold
train,train_0196,Art. 16 UVG,True,110,False,,4A_413/2021 E. 7;8C_173/2008 20.08.2008 E. 2;8C_175/2007 06.10.2008 E. 2;8C_181/2009 30.09.2009 E. 2;8C_247/2014 E. 2;8C_265/2009 05.10.2009 E. 2;8C_269/2025 E. 3.1;8C_29/2012 15.02.2012 E. 3;8C_301/2013 E. 4.2;8C_354/2007 04.08.2008 E. 2;8C_380/2013 E. 3;8C_43/2021 E. 2.2;8C_430/2018 E. 3;8C_431/2009 06.10.2009 E. 2;8C_447/2017 E. 2.2;8C_467/2010 23.11.2010 E. 3;8C_523/2024 E. 1.2;8C_575/2024 E. 3.1;8C_578/2010 27.10.2010 E. 3;8C_604/2021 E. 3.2,has_parents_but_none_in_same_query_gold
train,train_0197,Art. 59 StGB,True,1463,True,Art. 56 Abs. 1 StGB,1A.36/2004 24.05.2004 E. 4;1A.70/2003 08.09.2003 E. 5;1B_10/2010 02.02.2010 E.;1B_10/2010 02.02.2010 E. 1;1B_10/2010 02.02.2010 E. 4;1B_10/2010 02.02.2010 E. B;1B_100/2009 20.05.2009 E. 3.2;1B_102/2010 28.04.2010 E. 2.3;1B_102/2010 28.04.2010 E. B;1B_109/2008 06.05.2008 E. 1;1B_110/2023 E. 4.1;1B_113/2018 E. 1;1B_116/2014 E. 1.1;1B_117/2014 E. 2.2.2;1B_117/2019 E. 1;1B_121/2020 E. A;1B_125/2023 E. 3.3;1B_125/2023 E. 4.1;1B_126/2013 E. 1.1;1B_131/2014 E. 1,parent_in_same_query_gold
train,train_0197,Art. 64 StGB,True,316,False,,1A.134/2001 11.12.2001 E. 5;1B_10/2010 02.02.2010 E. 2;1B_110/2008 26.05.2008 E. 2;1B_124/2017 E. A;1B_151/2010 02.06.2010 E. 4;1B_247/2023 E. 1.1;1B_257/2017 E. 1;1B_270/2017 E. C;1B_283/2016 E. 5.4;1B_283/2016 E. A;1B_29/2021 E. 1;1B_332/2018 E. 4.2;1B_332/2018 E. A;1B_353/2021 E. 4.3;1B_36/2021 E. 3;1B_370/2020 E. 2.2;1B_4/2010 21.01.2010 E. B;1B_443/2016 E. 4.1;1B_486/2018 E. A;1B_528/2020 E. 3.4,has_parents_but_none_in_same_query_gold
train,train_0197,Art. 19 StGB,True,122,False,,1B_199/2018 E. 5.2;1B_199/2018 E. 5.3;1B_322/2017 E. 2.2;1B_322/2017 E. 4.3;1C_326/2014 E. 3.2.1;1C_721/2024 E. 4.2.3;1P.258/2003 19.08.2003 E. 1;2A.460/2003 11.08.2004 E. 3;2C_523/2021 E. 6.1;2C_523/2021 E. A;6B_1029/2019 E. 1.3.1;6B_105/2010 13.04.2010 E. 1;6B_1050/2020 E. 3.3;6B_1050/2020 E. 3.4;6B_1067/2020 E. 1.7;6B_1073/2020 E. 1.2;6B_1073/2020 E. 1.4.6;6B_1087/2020 E. 3.4.1;6B_1115/2022 E. 2.2.4;6B_1135/2023 E. 3.4.1,has_parents_but_none_in_same_query_gold
train,train_0197,Art. 36 BV,True,1471,False,,1A.104/1999 05.04.2000 E. 6;1A.129/2002 09.04.2003 E. 3;1A.151/2001 16.07.2002 E. 5;1A.159/2005 20.02.2006 E. 2;1A.162/2002 10.12.2002 E. 3;1A.198/2002 21.08.2003 E. 3;1A.212/2006 31.05.2007 E. 4;1A.219/2005 28.02.2006 E. 2;1A.219/2005 28.02.2006 E. 3;1A.220/2006 16.03.2007 E. 4;1A.240/2002 13.05.2003 E. 2;1A.244/2000 08.11.2001 E. 8;1A.65/2002 30.07.2002 E. 8;1A.73/1999 07.06.2000 E. 2;1B_10/2008 30.01.2008 E. 5;1B_102/2011 22.03.2011 E. 2;1B_103/2014 E. 2.2;1B_103/2018 E. 2.3;1B_11/2022 E. 3.2;1B_11/2022 E. 3.4,has_parents_but_none_in_same_query_gold
train,train_0201,Art. 47 VwVG,True,2,False,,4A_275/2021 11.01.2022 E. 3.2.2;BGE 148 III 172 E. 3.2.2,has_parents_but_none_in_same_query_gold
train,train_0202,Art. 679 ZGB,True,131,False,,1A.18/2001 29.10.2001 E. 5;1A.220/2002 10.02.2003 E. 3;1C_145/2008 03.07.2008 E. 3;1C_231/2012 E. 3.1.3;1C_469/2017 E. 5.1;1C_485/2017 E. 4.3;1C_671/2017 E. 2;1C_671/2017 E. 5.2;1C_9/2024 E. 3.1;1E.3/2002 25.09.2002 E. 2;1E.3/2005 10.05.2005 E. 3;1E.8/2003 27.07.2004 E. 5;2A.268/1999 17.03.2000 E. A;2C_508/2024 E. 5.3;2C_885/2021 E. 2.3.4;2C_885/2021 E. 2.3.5;4A_119/2007 09.10.2007 E. 2;4A_156/2016 E. 2;4A_156/2016 E. 2.3;4A_156/2016 E. 3,has_parents_but_none_in_same_query_gold
train,train_0204,Art. 14 VStG,True,25,False,,2A.457/2002 19.03.2003 E. 3;2C_17/2010 29.07.2010 E. 3;2C_188/2010 24.01.2011 E. 4;2C_188/2010 24.01.2011 E. 5;2C_689/2011 23.11.2012 E. 3;2C_868/2010 19.04.2011 E. 2;4C.145/2005 06.07.2005 E. 2;4C.145/2005 06.07.2005 E. 3;4C.145/2005 06.07.2005 E. A;9C_334/2025 E. 4.2.2;Art. 61 Abs. 2 VStG;Art. 62 Abs. 2 VStG;BGE 131 III 546 E. 2;BGE 131 III 546 E. 2.1;BGE 131 III 546 E. 2.2;BGE 131 III 546 E. 2.4;BGE 131 III 546 E. 4.5;BGE 131 III 546 E. 4.6;BGE 136 II 525 E. 2.2;BGE 136 II 525 E. 3.1,has_parents_but_none_in_same_query_gold
train,train_0204,Art. 23 VStG,True,79,False,,2A.288/2003 07.05.2004 E. 4;2A.299/2004 13.12.2004 E. 2;2A.299/2004 13.12.2004 E. 3;2A.299/2004 13.12.2004 E. 4.2;2A.299/2004 13.12.2004 E. B;2A.300/2004 13.12.2004 E. 2;2A.300/2004 13.12.2004 E. 3;2A.300/2004 13.12.2004 E. 4.2;2A.300/2004 13.12.2004 E. B;2C_104/2018 E. 3.1;2C_104/2018 E. 3.3.3;2C_104/2018 E. 3.3.4;2C_1069/2018 E. 3.1;2C_1069/2018 E. 4.1;2C_107/2020 E. 2.2;2C_107/2020 E. 3;2C_107/2020 E. 3.2;2C_107/2020 E. 3.3.3;2C_1083/2014 E. 2.1;2C_1083/2014 E. 2.2.1,has_parents_but_none_in_same_query_gold
train,train_0204,Art. 18b DBG,True,13,False,,2C_274/2008 25.09.2009 E. A;2C_30/2008 25.09.2009 E. A;2C_469/2015 E. 2.2.6;2C_49/2008 25.09.2009 E. 3;2C_599/2012 E. 2.3;2C_62/2008 25.09.2009 E. A;2C_750/2013 09.10.2014 E. 2.4.3;9C_270/2021 E. 3.4;9C_270/2021 E. 4.3;9C_809/2019 E. 3.3.1;Art. 18 Abs. 2 DBG;BGE 136 I 65 E. 3.1;BGE 147 V 114 E. 3.3.1.3,has_parents_but_none_in_same_query_gold
train,train_0205,Art. 118 OR,True,3,False,,5A_145/2013 E. 4;5A_272/2011 07.09.2011 E. 3;9C_267/2023 E. 6.1.2,has_parents_but_none_in_same_query_gold
train,train_0206,Art. 34 Abs. 2 RPV,True,17,False,,1A.126/2005 02.08.2005 E. 2;1A.226/2003 27.05.2004 E. 2;1C_110/2010 26.10.2010 E. 3;1C_110/2010 26.10.2010 E. F;1C_321/2023 E. 3.4.1;1C_321/2023 E. 3.4.2;1C_376/2009 30.07.2010 E. 3;1C_482/2014 E. 4.1;1C_49/2017 26.09.2017 E. 2.4;1C_520/2019 E. 3.1;1C_567/2015 E. 2;1C_578/2019 E. 4.1;1C_647/2012 E. 8;1C_647/2012 E. 9;1C_71/2015 E. 5.2;1C_774/2013 16.07.2014 E. 4.3;BGE 143 II 588 E. 70.1,has_parents_but_none_in_same_query_gold
train,train_0206,Art. 16a RPG,True,137,False,,1A.110/2001 04.12.2001 E. 4.3;1A.130/2000 16.11.2000 E. 4;1A.134/2002 17.07.2003 E. 2;1A.184/2006 15.02.2007 E. 2;1A.184/2006 15.02.2007 E. 3;1A.184/2006 15.02.2007 E. 5;1A.19/2001 22.08.2001 E. 3;1A.226/2003 27.05.2004 E. 2;1A.226/2003 27.05.2004 E. 3;1A.226/2003 27.05.2004 E. 4;1A.226/2003 27.05.2004 E. 6;1A.237/2006 07.09.2007 E. 4;1A.237/2006 07.09.2007 E. 7;1A.312/2005 27.09.2006 E. 3;1A.312/2005 27.09.2006 E. 3.3;1A.40/2005 07.09.2005 E. 4;1A.64/2006 07.11.2006 E. 2;1A.64/2006 07.11.2006 E. 5;1A.78/2006 01.12.2006 E. 2;1A.78/2006 01.12.2006 E. 3.1,has_parents_but_none_in_same_query_gold
train,train_0206,Art. 24b RPG,True,40,False,,1A.110/2001 04.12.2001 E. 5.2;1A.126/2005 02.08.2005 E. 1;1A.126/2005 02.08.2005 E. 3;1A.130/2000 16.11.2000 E. 6;1A.186/1999 04.05.2000 E. 4;1A.22/2002 26.06.2002 E. 1;1A.22/2002 26.06.2002 E. 3;1A.22/2002 26.06.2002 E. 4;1A.22/2002 26.06.2002 E. B;1A.241/2000 19.07.2001 E. 4;1A.312/2005 27.09.2006 E. 6;1A.37/2004 13.07.2004 E. 1;1A.37/2004 13.07.2004 E. 2;1A.37/2004 13.07.2004 E. A;1C_101/2009 11.12.2009 E. 2;1C_207/2021 E. 4;1C_238/2021 E. 8;1C_312/2023 E. 3;1C_376/2009 30.07.2010 E.;1C_376/2009 30.07.2010 E. 2,has_parents_but_none_in_same_query_gold
train,train_0206,Art. 24a RPG,True,111,False,,1A.161/2002 03.04.2003 E. 4;1A.176/2002 28.07.2003 E. 3;1A.176/2002 28.07.2003 E. 4;1A.214/2002 12.09.2003 E. 1;1A.214/2002 12.09.2003 E. 4;1A.214/2002 12.09.2003 E. 5;1A.214/2002 12.09.2003 E. 7.2;1A.23/2007 31.07.2007 E. B;1A.241/2000 19.07.2001 E. 4;1A.241/2000 19.07.2001 E. 5;1A.241/2000 19.07.2001 E. 6;1A.274/2006 06.08.2007 E. 3;1A.290/2004 07.04.2005 E. 2;1A.301/2000 28.05.2001 E. 6;1A.312/2005 27.09.2006 E. 6;1A.78/2004 16.07.2004 E. 4;1C_12/2022 E. 7.2;1C_127/2008 04.12.2008 E. 2;1C_127/2008 04.12.2008 E. 2.3;1C_127/2008 04.12.2008 E. 2.4,has_parents_but_none_in_same_query_gold
train,train_0206,Art. 22 RPG,True,275,False,,1A.10/2004 18.10.2004 E. 3;1A.110/2001 04.12.2001 E. 3.1;1A.110/2001 04.12.2001 E. 4.5;1A.12/2006 05.01.2007 E. 4;1A.123/2005 10.11.2005 E. 2;1A.130/2000 16.11.2000 E. 1;1A.134/2002 17.07.2003 E. 3;1A.141/2003 16.12.2003 E. 1;1A.141/2003 16.12.2003 E. 3;1A.146/2003 14.06.2004 E. 5;1A.154/2002 22.01.2003 E. 4;1A.154/2002 22.01.2003 E. B;1A.173/2001 26.04.2002 E. 3;1A.186/2004 12.05.2005 E. C;1A.202/2003 17.02.2004 E. 1;1A.202/2003 17.02.2004 E. 3;1A.202/2003 17.02.2004 E. 5;1A.202/2006 10.09.2007 E. 2;1A.202/2006 10.09.2007 E. 4;1A.211/1999 27.09.2000 E. 3,has_parents_but_none_in_same_query_gold
train,train_0206,Art. 24c RPG,True,469,False,,1A.10/2004 18.10.2004 E. 2;1A.10/2004 18.10.2004 E. 3;1A.110/2001 04.12.2001 E. 5.3;1A.110/2001 04.12.2001 E. 5.4;1A.110/2001 04.12.2001 E. 8.1;1A.110/2001 04.12.2001 E. D;1A.119/2004 06.07.2004 E. 1;1A.120/2006 12.02.2007 E. 3;1A.134/2002 17.07.2003 E. 4;1A.134/2002 17.07.2003 E. 5;1A.151/2002 22.01.2003 E. 3;1A.16/2006 26.07.2006 E. 1;1A.161/2002 03.04.2003 E. 4;1A.161/2002 03.04.2003 E. 5;1A.161/2002 03.04.2003 E. 7;1A.17/2004 19.05.2004 E. 2;1A.175/2000 30.10.2000 E. 1;1A.175/2000 30.10.2000 E. 3;1A.176/2002 28.07.2003 E. 1;1A.176/2002 28.07.2003 E. 3,has_parents_but_none_in_same_query_gold
train,train_0206,Art. 43 RPV,True,50,False,,1A.176/2002 28.07.2003 E. 6;1A.186/2004 12.05.2005 E. 5;1A.216/2006 23.03.2007 E. 5;1A.227/2004 06.04.2005 E. 3;1A.241/2000 19.07.2001 E. 4;1A.271/2005 26.04.2006 E. 3;1A.274/2006 06.08.2007 E. 3;1A.289/2004 07.06.2005 E. 2;1A.289/2004 07.06.2005 E. 4;1C_123/2009 17.07.2009 E. 3;1C_123/2009 17.07.2009 E. 3.2;1C_185/2019 E. 4.2;1C_231/2011 16.12.2011 E. 3;1C_243/2008 16.10.2008 E. 2;1C_28/2011 11.04.2011 E. 2;1C_303/2022 E. 3.2;1C_303/2022 E. 4.1;1C_328/2010 07.03.2011 E. 2;1C_328/2010 07.03.2011 E. 4;1C_347/2017 E. 5.2,has_parents_but_none_in_same_query_gold
train,train_0206,Art. 43 Abs. 1 RPV,True,9,False,,1A.289/2004 07.06.2005 E. 2;1C_12/2022 E. 8.2;1C_28/2011 11.04.2011 E. 2;1C_382/2016 E. 2.1;1C_382/2016 E. 2.2;1C_604/2018 E. 4.1;1C_786/2013 E. 2.2;BGE 140 II 509 E. 2.2;BGE 146 II 376 E. 4.1,has_parents_but_none_in_same_query_gold
train,train_0207,Art. 356b OR,True,16,False,,4A_109/2008 16.04.2008 E. 4;4A_296/2017 E. 1.3;4A_68/2018 E. 2;4C.391/2001 30.04.2002 E. 1;4C.391/2001 30.04.2002 E. 3;4C.45/2002 11.07.2002 E. 2.1;4C.60/2007 28.06.2007 E. 4.2;4C.74/2003 02.10.2003 E. 2;9C_1033/2009 30.04.2010 E. 2;9C_339/2023 E. 2.4;9C_339/2023 E. 5;9C_339/2023 E. 6.1;9C_339/2023 E. 6.1.1;9C_339/2023 E. 6.1.2;9C_339/2023 E. 6.2.1;9C_717/2023 E. 6.4.1,has_parents_but_none_in_same_query_gold
train,train_0208,Art. 9 GwG,True,50,False,,1A.87/2002 11.06.2002 E. A;1B_193/2018 E. 2.2;1B_195/2018 E. 2.2;1B_243/2021 E. 3.4;1B_433/2017 E. 1.2;1B_433/2017 E. 1.3;1B_433/2017 E. 1.5;1B_433/2017 E. 1.8;1B_433/2017 E. 4.8;1B_433/2017 E. 4.9;1B_433/2017 E. A;1B_437/2018 E. 1.2;1B_437/2018 E. 1.3;1B_437/2018 E. 1.5;1B_437/2018 E. A;1B_437/2018 E. B;1B_453/2018 E. A;1B_487/2018 E. A;1B_49/2021 E. 5.4;1B_604/2021 E. 5.2,has_parents_but_none_in_same_query_gold
train,train_0208,Art. 102 StGB,True,55,False,,1B_188/2011 01.06.2011 E. 1;1B_188/2011 01.06.2011 E. B;1B_249/2015 E. 3.3;1B_249/2015 E. 6;1B_505/2019 E. 3.4;1B_516/2011 17.11.2011 E. 2;2A.168/2006 08.03.2007 E. 3;2C_147/2007 23.01.2008 E. 6;2C_175/2024 E. 8.4.3;2C_192/2019 E. 3.2;2C_192/2019 E. 4.3;2C_192/2019 E. 5.4.1;2C_383/2020 E. 4.7.2;2C_484/2010 E. 3.2;2C_916/2014 E. 7.2;2C_950/2012 E. 6.2.1;4A_249/2024 E. 1.1;4A_249/2024 E. B;5A_25/2025 E. 1.3;5A_25/2025 E. 6,has_parents_but_none_in_same_query_gold
train,train_0209,Art. 754 OR,True,175,False,,1P.133/2004 13.08.2004 E. 2;1P.133/2004 13.08.2004 E. 3;1P.133/2004 13.08.2004 E. 4;2C_245/2018 E. 6.5;2C_272/2011 05.12.2011 E. 4.2;2C_465/2011 10.02.2012 E. 3;4A_128/2021 E. 2.2;4A_130/2021 E. 2.2;4A_147/2014 E. 6.2;4A_147/2014 E. 6.3;4A_15/2013 E. 4.1;4A_15/2013 E. 5.2;4A_15/2013 E. 8.1;4A_177/2011 02.09.2011 E. 3;4A_177/2011 02.09.2011 E. 4;4A_177/2011 02.09.2011 E. 9;4A_219/2015 E. 4;4A_219/2015 E. 4.1;4A_219/2015 E. 4.2.5;4A_231/2011 20.09.2011 E. 4,has_parents_but_none_in_same_query_gold
train,train_0211,Art. 144 StGB,True,89,False,,1B_121/2019 E. 3.3;1B_184/2012 27.08.2012 E. 4;1B_195/2016 E. A;1B_244/2017 E. 2.2;1B_248/2011 29.11.2011 E. 3;1B_254/2014 E. 3.1;1B_283/2016 E. 5.4;1B_293/2023 E. 2;1B_347/2022 E. 4.4;1B_365/2014 12.01.2015 E. 3;1B_418/2018 E. 2.7;1B_422/2018 E. 2.7;1B_432/2011 20.09.2012 E. 3;1B_432/2011 20.09.2012 E. 4;1B_435/2011 13.09.2011 E. 3;1B_553/2017 E. 3.4;1B_556/2019 E. 2.1;1B_579/2011 01.11.2011 E. 3;1B_80/2009 07.04.2009 E. 2;1B_95/2015 E. A,has_parents_but_none_in_same_query_gold
train,train_0212,Art. 69 ZGB,True,21,False,,4A_499/2007 13.05.2008 E. 3;5A.2/2002 20.03.2002 E. 4;5A_391/2018 E. 3.2;5A_439/2016 E. 4.2;5A_691/2012 17.01.2013 E. 3;5A_712/2017 E. 5.2;5A_856/2016 13.06.2018 E. 7.4.2;5A_97/2018 E. 4.2;5C.67/2006 08.06.2006 E. 4;8C_102/2018 E. 7.1;9C_152/2009 18.11.2009 E. 5;9C_152/2009 18.11.2009 E. 6;9C_153/2009 18.11.2009 E. 5;9C_153/2009 18.11.2009 E. 6;BGE 128 III 209 E. 4c;BGE 132 III 503 E. 4.3;BGE 144 III 433 E. 4.2;H 34/04 15.09.2004 E. 5.3;H 34/04 15.09.2004 E. 5.4;H 77/03 18.01.2005 E. 4,has_parents_but_none_in_same_query_gold
train,train_0213,Art. 64 StGB,True,316,False,,1A.134/2001 11.12.2001 E. 5;1B_10/2010 02.02.2010 E. 2;1B_110/2008 26.05.2008 E. 2;1B_124/2017 E. A;1B_151/2010 02.06.2010 E. 4;1B_247/2023 E. 1.1;1B_257/2017 E. 1;1B_270/2017 E. C;1B_283/2016 E. 5.4;1B_283/2016 E. A;1B_29/2021 E. 1;1B_332/2018 E. 4.2;1B_332/2018 E. A;1B_353/2021 E. 4.3;1B_36/2021 E. 3;1B_370/2020 E. 2.2;1B_4/2010 21.01.2010 E. B;1B_443/2016 E. 4.1;1B_486/2018 E. A;1B_528/2020 E. 3.4,has_parents_but_none_in_same_query_gold
train,train_0213,Art. 59 StGB,True,1463,True,Art. 64 Abs. 1 StGB,1A.36/2004 24.05.2004 E. 4;1A.70/2003 08.09.2003 E. 5;1B_10/2010 02.02.2010 E.;1B_10/2010 02.02.2010 E. 1;1B_10/2010 02.02.2010 E. 4;1B_10/2010 02.02.2010 E. B;1B_100/2009 20.05.2009 E. 3.2;1B_102/2010 28.04.2010 E. 2.3;1B_102/2010 28.04.2010 E. B;1B_109/2008 06.05.2008 E. 1;1B_110/2023 E. 4.1;1B_113/2018 E. 1;1B_116/2014 E. 1.1;1B_117/2014 E. 2.2.2;1B_117/2019 E. 1;1B_121/2020 E. A;1B_125/2023 E. 3.3;1B_125/2023 E. 4.1;1B_126/2013 E. 1.1;1B_131/2014 E. 1,parent_in_same_query_gold
train,train_0215,Art. 82 SchKG,True,218,False,,2C.1/2001 03.07.2003 E. 2;2C.4/1999 03.07.2003 E. 2.3.1;2C.4/2000 03.07.2003 E. 2;2C.5/1999 03.07.2003 E. 2;2C_781/2020 E. 5.2;4A_153/2011 24.11.2011 E. 3;4A_171/2024 E. 3.1;4A_171/2024 E. 3.4;4A_237/2007 28.09.2007 E. 5.1;4A_279/2023 E. 2.3;4A_426/2013 E. 3.5.2;4A_436/2024 E. 4.1;4A_616/2020 E. 4.3.4;4A_625/2011 24.11.2011 E. A;4A_626/2023 E. 5.1;4A_637/2011 24.11.2011 E. A;4A_642/2023 E. 2.1;4A_8/2020 E. 4.6.1;4A_8/2020 E. 4.6.4;4C.96/2005 20.06.2005 E. 2,has_parents_but_none_in_same_query_gold
train,train_0216,Art. 336a OR,True,110,False,,1C_103/2007 07.12.2007 E. 1;1C_103/2007 07.12.2007 E. 2;1C_103/2007 07.12.2007 E. 3;1C_103/2007 07.12.2007 E. B;1C_139/2007 23.10.2007 E. 4;1C_183/2007 05.02.2008 E. 5;1C_23/2024 E. 7.2;1C_350/2007 11.03.2008 E. A;1C_480/2024 E. 4.2;1C_606/2024 E. 3.3;1C_606/2024 E. 3.6;1P.169/2000 31.08.2000 E. 1;1P.169/2000 31.08.2000 E. 2;1P.169/2000 31.08.2000 E. 3;1P.169/2000 31.08.2000 E. A;2P.104/2004 14.03.2005 E. 3;2P.104/2004 14.03.2005 E. 7;4A_13/2010 03.02.2010 E. B;4A_186/2022 E. B;4A_194/2023 E. 2,has_parents_but_none_in_same_query_gold
train,train_0216,Art. 336b OR,True,23,False,,1C_103/2007 07.12.2007 E. 3;4A_13/2010 03.02.2010 E. A;4A_39/2023 E. 4;4A_493/2010 13.12.2010 E. B;4A_571/2008 05.03.2009 E. 4.1;4A_571/2008 05.03.2009 E. 5;4A_571/2008 05.03.2009 E. A;4A_59/2010 20.05.2010 E. A;4A_618/2024 E. 3.2.3;4C.39/2004 08.04.2004 E. 2;4C.402/2005 19.01.2006 E. 2;4C.73/2006 22.12.2006 E. A;8C_26/2024 E. 5.1;8C_26/2024 E. 6.2;8C_26/2024 E. A;Art. 361 Abs. 16 OR;B 23/03 05.10.2004 E. 8;BGE 132 III 406 E. 2.6;BGE 136 III 96 E. 2.1;BGE 136 III 96 E. 2.2,has_parents_but_none_in_same_query_gold
train,train_0217,Art. 5 DBG,True,11,False,,2C_18/2014 E. 2.2.2;2C_215/2009 01.10.2009 E. 2;2C_662/2010 25.03.2011 E. 3;2C_662/2010 25.03.2011 E. 7;2C_662/2010 25.03.2011 E. 8;2C_894/2013 E. 2.5.2;9C_663/2022 16.08.2023 E. 6.1.2;Art. 161 Abs. 4 DBG;BGE 137 II 246 E. 3;BGE 137 II 246 E. 7;BGE 137 II 246 E. 8,has_parents_but_none_in_same_query_gold
train,train_0218,Art. 9 UVG,True,73,False,,2A.402/2000 23.08.2001 E. A;2C_373/2021 E. 6.1;8C_1029/2009 11.01.2010 E. 2.2;8C_108/2012 30.04.2012 E. 2;8C_167/2022 E. 3.1;8C_176/2018 E. 13;8C_176/2018 E. 2;8C_232/2018 E. 1;8C_378/2024 E. 3;8C_40/2012 07.11.2012 E. 2;8C_420/2007 29.01.2008 E. 4;8C_442/2024 E. 3.1;8C_457/2021 E. 3.2;8C_462/2010 22.10.2010 E. 3;8C_465/2010 24.11.2010 E. 3;8C_5/2015 E. 2;8C_507/2015 E. 2.1;8C_517/2020 E. 2.2;8C_52/2010 02.07.2010 E. 2;8C_524/2023 E. 3,has_parents_but_none_in_same_query_gold
train,train_0219,Art. 1 Abs. 2 LugÜ,False,0,False,,,no_parent_edges_found
train,train_0220,Art. 76a AIG,True,39,False,,2C_142/2023 E. 1.2;2C_142/2023 E. 3.1.1;2C_142/2023 E. 3.1.4;2C_142/2023 E. 3.3.4;2C_142/2023 E. 3.3.5;2C_142/2023 E. 4.1;2C_142/2023 E. B;2C_142/2023 E. C;2C_27/2022 E. 2;2C_38/2022 E. 2.1;2C_421/2022 E. 3.1;2C_421/2022 E. 3.2;2C_421/2022 E. 5.3;2C_457/2023 E. 1.4;2C_457/2023 E. B;2C_549/2021 E. 4;2C_549/2021 E. 4.4;2C_562/2023 E. 4.7;2C_562/2023 E. B;2C_610/2021 E. 2.1,has_parents_but_none_in_same_query_gold
train,train_0220,Art. 79 AIG,True,28,False,,2C_108/2025 E. 3;2C_108/2025 E. 6.6;2C_136/2023 12.06.2023 E. 3.3;2C_136/2023 12.06.2023 E. 6.2;2C_136/2023 12.06.2023 E. 7;2C_211/2025 E. 3.2;2C_211/2025 E. 3.2.1;2C_312/2020 E. B;2C_318/2025 E. 6.2.1;2C_323/2020 E. 3.2;2C_368/2020 E. 2.2.2;2C_386/2020 E. 4.2.5;2C_408/2020 E. 2.2.2;2C_512/2020 E. 3.6;2C_523/2023 E. 4.3.1;2C_550/2020 E. 3.5;2C_585/2024 E. 3;2C_585/2024 E. 4.1;2C_629/2019 E. 3.2;2C_695/2020 E. 1.3.4,has_parents_but_none_in_same_query_gold
train,train_0224,Art. 123 StGB,True,135,False,,1B_1/2020 E. 5.2;1B_102/2012 24.05.2012 E. 2.5;1B_12/2013 01.02.2013 E. 4;1B_123/2011 11.07.2011 E. 2;1B_174/2013 27.05.2013 E. 3;1B_236/2014 E. 4.1;1B_288/2019 E. 4.3;1B_400/2019 E. 2.1;1B_412/2021 E. 3.3.2;1B_422/2017 E. 3.3;1B_435/2011 13.09.2011 E. 3;1B_579/2011 01.11.2011 E. 3;1B_606/2011 16.11.2011 E. 2;1B_69/2008 26.03.2008 E. 1;1B_77/2014 E. 2.1;1B_8/2011 20.01.2011 E. 2.5;1B_82/2014 E. 3.2;1B_96/2008 06.05.2008 E. 3;1C_104/2022 E. A;1C_382/2012 10.10.2012 E. 2,has_parents_but_none_in_same_query_gold
train,train_0224,Art. 28 JStG,True,2,False,,Art. 35 Abs. 2 JStG;Art. 46 Abs. 1 JStG,has_parents_but_none_in_same_query_gold
train,train_0226,Art. 23 ZGB,True,105,False,,1C_313/2024 E. 3.1;1C_373/2007 06.08.2008 E. C;1C_420/2010 25.01.2011 E. 3;1C_456/2021 E. 1.5;1C_467/2024 E. 4.2;1C_467/2024 E. 5.5;1C_646/2012 E. 10.1;1P.670/2004 17.05.2005 E. 2.3;2A.432/2004 16.12.2004 E. 3;2A.433/2000 12.07.2001 E. 2;2A.458/2006 18.12.2006 E. 3;2A.458/2006 18.12.2006 E. 4;2C_1091/2013 E. 2.2;2C_186/2020 E. 4.3.4;2C_20/2025 E. 2.4;2C_306/2016 E. 2.5.2;2C_373/2021 E. 5.3;2C_400/2015 E. 5;2C_424/2020 E. 4.1;2C_480/2019 E. 2.2.3,has_parents_but_none_in_same_query_gold
train,train_0228,Art. 105 BGG,True,1590,False,,1B_115/2021 E. 2.2;1B_118/2016 E. 2.2;1B_119/2009 27.08.2009 E. 5;1B_119/2016 E. 2.2;1B_123/2014 E. 2.1;1B_140/2010 01.07.2010 E. 3;1B_170/2012 19.06.2012 E. 3;1B_195/2018 E. 1.2;1B_228/2021 E. 1.3;1B_238/2013 E. 3;1B_242/2007 28.04.2008 E. 2;1B_272/2016 E. 2.4;1B_273/2021 E. 2;1B_273/2022 E. 4.1;1B_281/2012 13.11.2012 E. 2;1B_284/2016 E. 2.3;1B_307/2011 20.09.2011 E. 3;1B_31/2023 E. 2;1B_318/2015 28.04.2016 E. 3.1;1B_320/2017 E. 4,has_parents_but_none_in_same_query_gold
train,train_0228,Art. 103 BGG,True,115,False,,1B_147/2020 E. 2;1B_184/2014 E. B;1B_270/2013 E. 2.3.2;1B_506/2011 30.11.2011 E. 2;1B_92/2009 21.04.2009 E. 1;1C_103/2007 07.12.2007 E. 1;1C_143/2016 E. 8.2;1C_205/2007 18.12.2007 E. I;1C_229/2008 18.08.2008 E. 4;1C_424/2015 E. 3.5;1C_600/2024 E. 3.2;1C_644/2015 E. 10;1C_882/2013 E. 2;2C_1080/2017 E. 3.1;2C_137/2011 30.04.2012 E. 3;2C_195/2018 E. 2.5;2C_201/2022 E. 2;2C_213/2018 E. 2.5;2C_262/2010 09.11.2010 E. 2;2C_272/2020 E. 1.5,has_parents_but_none_in_same_query_gold
train,train_0228,Art. 76 BGG,True,496,False,,11Z_1/2025 E. 2.1;2C_71/2010 22.09.2010 E. 1;4A_1/2016 E. 1.1;4A_100/2015 E. 1.1;4A_100/2021 E. 1.1;4A_101/2024 E. 1.1;4A_103/2017 E. 1.2;4A_104/2021 E. 1.1;4A_105/2014 E. 1;4A_105/2017 E. 1;4A_105/2024 E. 1;4A_109/2018 E. 1;4A_109/2019 E. 1.1;4A_11/2016 E. 1;4A_111/2014 E. 1;4A_112/2023 E. 1;4A_113/2014 E. 1;4A_115/2020 E. 1.1;4A_116/2015 09.11.2015 E. 2.1;4A_116/2023 E. 1,has_parents_but_none_in_same_query_gold
train,train_0228,Art. 100 BGG,True,963,False,,1B_13/2017 E. 3;1B_15/2016 E. 2;1B_158/2008 26.06.2008 E. 3;1B_18/2021 E. 1.3;1B_2/2021 E. 1.3;1B_206/2007 07.01.2008 E. 3;1B_218/2011 27.06.2011 E. 1;1B_289/2022 E. 1.3;1B_303/2020 E. 4.4;1B_33/2019 E. 1.2;1B_358/2011 08.07.2011 E. 1;1B_361/2017 E. 3;1B_394/2020 E. 1.1;1B_424/2020 E. 1.4;1B_425/2020 E. 1.3;1B_444/2016 E. 1;1B_54/2016 E. 1;1B_542/2017 E. 2;1B_556/2012 02.10.2012 E. 3;1B_633/2012 30.01.2013 E. 1,has_parents_but_none_in_same_query_gold
train,train_0231,Art. 965 ZGB,True,14,False,,5A.14/2001 29.01.2002 E. 3;5A_341/2019 E. 5.4;5A_341/2019 E. 5.6.2;5A_383/2010 10.12.2010 E. 2;5A_454/2013 16.10.2013 E. 4.3;5A_614/2008 26.11.2008 E. 3;5A_614/2008 26.11.2008 E. 4;5A_803/2013 E. 2.2;BGE 121 III 97 E. 1b;BGE 121 III 97 E. 1c;BGE 135 III 103 E. 3.1;BGE 135 III 103 E. 4.4;BGE 147 III 1 E. 5.4;BGE 147 III 1 E. 5.6.2,has_parents_but_none_in_same_query_gold
train,train_0231,Art. 46 GBV,True,2,False,,2C_760/2016 E. 2.4.1;Art. 56 GBV,has_parents_but_none_in_same_query_gold
train,train_0231,Art. 130 GBV,True,2,True,Art. 9 Abs. 1 GBV,5A_646/2012 15.04.2013 E. B;Art. 9 Abs. 1 GBV,parent_in_same_query_gold
train,train_0232,Art. 176 IPRG,True,17,False,,4A_240/2021 E. 2.1;4A_244/2007 22.01.2008 E. 4;4A_254/2013 E. 1.2.1;4A_424/2011 02.11.2011 E. 1;4A_511/2013 E. 1.1;4A_533/2010 01.12.2010 E. 2.2;4A_649/2012 13.05.2013 E. 1;4P.114/2006 07.09.2006 E. 4;4P.162/2003 21.11.2003 E. 3;4P.54/2002 24.06.2002 E. 2;4P.54/2002 24.06.2002 E. 3;5A_202/2012 01.06.2012 E. 1;5A_303/2023 E. 1;5A_634/2011 16.01.2012 E. 1;5A_73/2012 26.03.2012 E. 1;BGE 130 III 66 E. 3.3;BGE 137 III 37 E. 1.1,has_parents_but_none_in_same_query_gold
train,train_0232,Art. 18 OR,True,490,False,,1C_450/2009 25.01.2010 E. 2.4;2A.549/2004 24.01.2005 E. 2;2C_246/2024 E. 3.1;2C_246/2024 E. 5.4.3;2C_246/2024 E. 5.4.4;2C_427/2024 E. 6.5.3;2C_427/2024 E. 6.5.4;2C_705/2017 E. 3.3.3;2C_734/2016 20.10.2016 E. 4.4.3;2C_734/2016 20.10.2016 E. 4.5.5;2C_77/2017 E. 2.1;2C_770/2016 26.09.2016 E. 2.3;2C_780/2014 E. 2.3.3;2C_947/2010 05.05.2011 E. 2;2D_64/2019 E. 4.1;2D_64/2019 E. 4.2.3;4A.1/2003 04.07.2003 E. 3;4A_102/2024 E. 4.5.2;4A_109/2008 16.04.2008 E. 4;4A_109/2019 E. 3,has_parents_but_none_in_same_query_gold
train,train_0232,Art. 177 IPRG,True,13,False,,1P.113/2000 20.09.2000 E. 1;4A_180/2023 E. 3.2;4A_244/2019 E. 4.1;4A_246/2019 E. 4.1;4A_27/2021 E. 3;4A_388/2012 18.03.2013 E. B;4A_41/2023 E. 2.1;4A_575/2022 E. 4.3.4;5A_907/2019 E. 4.1.2;5A_910/2019 E. 3;5A_910/2019 E. 3.5;BGE 149 III 338 E. 2.1;BGE 149 III 431 E. 4.3.4b,has_parents_but_none_in_same_query_gold
train,train_0234,Art. 123 GBV,False,0,False,,,no_parent_edges_found
train,train_0235,Art. 42 OR,True,82,False,,1A.263/1999 22.06.2000 E. 6;2C_161/2012 24.02.2012 E. 1;4A_113/2017 E. 6.2.3;4A_115/2014 E. 7;4A_119/2012 06.08.2012 E. 2;4A_138/2011 19.04.2011 E. 6;4A_153/2008 14.10.2008 E. 3;4A_154/2009 08.09.2009 E. 6;4A_197/2020 E. 3.7;4A_208/2014 E. 6.2.2;4A_225/2011 15.07.2011 E. 2;4A_241/2016 E. 2;4A_254/2008 18.08.2008 E. 2;4A_257/2007 08.11.2007 E. 3;4A_259/2010 02.09.2010 E. 3;4A_259/2012 13.09.2012 E. 3;4A_27/2018 E. 2.2.2;4A_270/2018 E. 3.2.2;4A_271/2016 16.01.2017 E. 4.1;4A_283/2023 E. 3.1.4,has_parents_but_none_in_same_query_gold
train,train_0236,Art. 959a Abs. 5 OR,False,0,False,,,no_parent_edges_found
train,train_0237,Art. 864 Abs. 1 ZG,False,0,False,,,no_parent_edges_found
train,train_0238,Art. 258 ZPO,True,14,False,,1B_114/2019 E. 2.3;1B_114/2019 E. 2.5;1B_114/2019 E. 2.6;1C_64/2019 E. 3.4;5A_212/2012 15.08.2012 E. 2.2;6B_116/2011 18.07.2011 E. 3;6B_133/2021 E. 1;6B_384/2020 E. 1.1;6B_384/2020 E. 1.3.2;6B_384/2020 E. 1.4.1;6B_814/2015 E. 1.4.3;6B_880/2013 E. 3;BGE 148 IV 30 E. 1.3.2;BGE 148 IV 30 E. 1.4.1,has_parents_but_none_in_same_query_gold
train,train_0238,Art. 260 ZPO,True,4,False,,6B_116/2011 18.07.2011 E. 3;6B_384/2020 E. 1.3.2;6B_814/2015 E. 1.4.3;BGE 148 IV 30 E. 1.3.2,has_parents_but_none_in_same_query_gold
train,train_0243,Art. 17 DBG,True,31,False,,2A.381/2006 29.11.2006 E. 2;2A.381/2006 29.11.2006 E. 2.3;2A.381/2006 29.11.2006 E. 3;2A.44/2003 15.10.2004 E. 3;2C_138/2010 02.06.2010 E. 2;2C_14/2009 22.04.2009 E. 2;2C_144/2008 12.11.2008 E. 2;2C_214/2014 E. 3.3.1;2C_316/2020 E. 3.2.5;2C_331/2017 E. 4;2C_357/2014 23.05.2016 E. 2.1;2C_357/2014 23.05.2016 E. 2.2;2C_357/2014 23.05.2016 E. 6;2C_357/2014 23.05.2016 E. 9;2C_368/2013 02.02.2014 E. 6.2.3;2C_379/2020 E. 3.1;2C_397/2015 E. 3.2;2C_504/2009 15.04.2010 E. 3;2C_630/2012 20.02.2013 E. 2;2C_703/2017 E. 3.2.3,has_parents_but_none_in_same_query_gold
train,train_0245,Art. 17 BV,True,159,False,,1B_134/2011 14.07.2011 E. 2;1B_134/2011 14.07.2011 E. 4;1B_169/2015 06.11.2015 E. 2.3;1B_169/2015 06.11.2015 E. 3.1;1B_26/2014 E. 4;1B_26/2014 E. 4.3.2;1B_292/2010 23.12.2010 E. 1;1B_292/2010 23.12.2010 E. 2;1B_292/2010 23.12.2010 E. 2.3;1B_349/2016 22.02.2017 E. 2.1;1B_349/2016 22.02.2017 E. 3;1B_349/2016 22.02.2017 E. 3.1;1B_510/2017 E. 3.4;1B_534/2012 E. 2.2.1;1B_77/2008 15.07.2008 E. 2;1B_87/2018 E. 3.2.3;1B_87/2018 E. 3.4;1C_122/2015 E. 2.1;1C_129/2016 E. 2.1;1C_129/2016 E. 2.2.1,has_parents_but_none_in_same_query_gold
train,train_0245,Art. 27 BV,True,1031,False,,1A.11/2005 06.07.2005 E. 4.1;1A.124/2003 23.09.2003 E. 6;1A.14/2006 18.08.2006 E. 1.3;1A.14/2006 18.08.2006 E. B;1A.15/2006 10.08.2006 E. 3;1A.151/2001 16.07.2002 E. 5;1A.153/2004 07.09.2004 E. 5;1A.153/2004 07.09.2004 E. C;1A.253/2005 17.02.2006 E. 2.6;1A.71/2004 08.03.2005 E. 3;1A.71/2004 08.03.2005 E. 9;1A.71/2004 08.03.2005 E. 9.2;1A.71/2004 08.03.2005 E. D;1B_120/2018 29.05.2018 E. 1.4;1B_153/2009 10.09.2009 E. 1;1B_153/2009 10.09.2009 E. 2;1B_193/2017 E. 3.7;1B_193/2017 E. C;1B_229/2017 E. 1.5;1B_231/2013 E. 3.3,has_parents_but_none_in_same_query_gold
train,train_0245,Art. 13 BV,True,2239,False,,1A.104/1999 05.04.2000 E. 6;1A.214/2005 23.01.2006 E. 5;1A.23/2005 04.07.2005 E. 5;1B_101/2008 28.10.2008 E. 2;1B_101/2008 28.10.2008 E. 3;1B_103/2021 E. 3.2;1B_115/2016 E. 2.4.1;1B_116/2016 E. 2.4.1;1B_131/2015 E. 3;1B_134/2011 14.07.2011 E. 4;1B_146/2016 E. 2.1;1B_175/2013 E. 1.3;1B_175/2013 E. 4.2.3;1B_191/2018 E. 1.3;1B_191/2018 E. 2;1B_193/2017 E. 3.5.1;1B_206/2007 07.01.2008 E. 6;1B_229/2017 E. 1.5;1B_231/2013 E. 3.3;1B_231/2015 E. 2.3,has_parents_but_none_in_same_query_gold
train,train_0245,Art. 28 ZGB,True,491,False,,1B_143/2011 01.06.2011 E. 4;1B_21/2012 27.03.2012 E. 2;1B_22/2012 11.05.2012 E. 2;1B_245/2015 E. 5.2;1B_294/2014 E. 3;1B_320/2015 E. 4.6;1B_562/2011 02.02.2012 E. 4;1B_562/2011 02.02.2012 E. 6;1B_643/2022 06.04.2023 E. 2;1B_652/2011 03.04.2012 E. 2;1B_75/2017 E. 4.1.2;1B_94/2019 E. 2.2;1C_175/2021 E. 5.3.1;1C_230/2011 31.05.2012 E. 10.6;1C_230/2011 31.05.2012 E. 12;1C_230/2011 31.05.2012 E. 8;1C_275/2012 21.09.2012 E. 1;1C_277/2023 E. 2.4;1C_382/2007 24.04.2008 E. 2;1C_382/2007 24.04.2008 E. 3,has_parents_but_none_in_same_query_gold
train,train_0246,Art. 168 Abs. 1 ZPO,True,43,False,,1C_559/2022 28.10.2024 E. 5.3.5;1C_57/2024 23.10.2025 E. 5.4.2;4A_178/2015 E. 2.5.1;4A_178/2015 E. 2.5.3;4A_178/2015 E. 2.6;4A_200/2023 E. 3.3.2;4A_247/2020 E. 5.2;4A_265/2020 E. 3.1;4A_265/2020 E. 8.3.2;4A_267/2020 E. 3.1;4A_267/2020 E. 7.3.4;4A_299/2017 E. 4.1;4A_368/2024 E. 5.1.2;4A_497/2018 E. 3.3.2;4A_544/2017 E. 4.1;4A_544/2017 E. 4.3;4A_558/2015 E. 4;4A_571/2016 E. 3;4A_571/2016 E. 3.2;4A_58/2025 E. 3.2,has_parents_but_none_in_same_query_gold
train,train_0248,Art. 35 FINMAG,True,19,False,,2C_119/2013 E. 4.1;2C_119/2013 E. 4.3;2C_119/2013 E. 4.3.1;2C_119/2013 E. 4.3.2;2C_119/2013 E. 4.3.3;2C_315/2020 E. 8.1;2C_315/2020 E. A;2C_317/2020 E. A;2C_318/2020 E. A;2C_422/2018 E. 2.1;2C_422/2018 E. 2.2;2C_422/2018 E. 2.3;2C_422/2018 E. 3.1;Art. 9 Abs. 2 GwV-FINMA;BGE 139 II 279 E. 4.1;BGE 139 II 279 E. 4.3;BGE 139 II 279 E. 4.3.1;BGE 139 II 279 E. 4.3.2;BGE 139 II 279 E. 4.3.3,has_parents_but_none_in_same_query_gold
train,train_0248,Art. 36 FINMAG,True,19,False,,1B_249/2015 E. 8.11;2C_1068/2017 09.10.2018 E. 2.2;2C_384/2014 E. 1.4.2;2C_399/2020 E. 7.1;2C_399/2020 E. 7.3;2C_399/2020 E. 7.4;2C_860/2017 E. 3.2;2C_860/2017 E. 7.1;2C_860/2017 E. 7.2;2C_860/2017 E. 9.3;2C_89/2010 10.02.2011 E. 4.2;2C_89/2010 10.02.2011 E. 4.3;2C_89/2019 E. A;2C_90/2019 E. A;6B_578/2012 28.02.2013 E. 2;Art. 22 Abs. 1 GwV-FINMA;Art. 45 Abs. 5 GwV-BAZG;BGE 137 II 284 E. 4.2.4;BGE 142 IV 207 E. 8.11,has_parents_but_none_in_same_query_gold
train,train_0248,Art. 37 FINMAG,True,18,False,,2C_101/2011 21.09.2011 E. 3.3;2C_1055/2014 E. 3.2;2C_1055/2014 E. 3.3;2C_276/2009 22.09.2009 E. 4.3;2C_303/2016 E. 2.6.1;2C_305/2016 E. 2.3.2;2C_318/2020 E. 8.1;2C_352/2016 E. 4.1;2C_829/2013 E. 4.4;2C_829/2013 E. 4.4.2;2C_858/2017 E. 2.2;2C_860/2017 E. 3.3;2C_97/2015 E. 2.2;2C_97/2015 E. 2.3;2C_97/2015 E. 4.1;Art. 52 Abs. 4 AVO;Art. 87 Abs. 1 FinfraG;BGE 136 II 43 E. 2.3.2,has_parents_but_none_in_same_query_gold
train,train_0249,Art. 201 OR,True,19,False,,4A_223/2015 E. A;4A_321/2012 14.01.2013 E. 4;4A_340/2020 E. 2.3;4A_445/2019 E. 2.1;4A_534/2008 24.03.2009 E. 7;4A_592/2013 E. 5.2.2;4A_647/2015 11.08.2016 E. 8.3.3;4C.150/2000 10.10.2000 E. 4;4C.152/2003 29.08.2003 E. 3;4C.154/2000 10.10.2000 E. 4;4C.280/2000 14.12.2000 E. 2;4C.300/2006 19.02.2007 E. 2.4;4C.395/2001 28.05.2002 E. 2;4D_71/2017 E. 6.2;4P.312/2004 09.03.2005 E. 2;5A_206/2013 13.05.2013 E. 3;BGE 121 III 453 E. 4b;BGE 133 III 335 E. 2.4.1;BGE 133 III 335 E. 70,has_parents_but_none_in_same_query_gold
train,train_0249,Art. 31 OR,True,85,False,,1P.303/2004 23.09.2004 E. 3;2A.650/2006 30.05.2007 E. 2;4A_106/2012 25.06.2012 E. 2;4A_112/2013 E. 3;4A_166/2021 E. 4.3.2;4A_203/2017 E. 1;4A_297/2019 E. 5.3;4A_306/2018 E. 5.3.2;4A_340/2011 13.09.2011 E. 3;4A_343/2009 05.01.2010 E. A;4A_35/2020 E. B;4A_393/2018 E. 2.4.4;4A_398/2018 25.02.2019 E. 4.1;4A_398/2018 25.02.2019 E. 5.3;4A_464/2019 E. 3.2;4A_507/2023 E. 6.1;4A_524/2012 18.04.2013 E. 4;4A_533/2013 E. 5;4A_56/2008 08.10.2009 E. 8;4A_562/2010 03.05.2011 E. 4,has_parents_but_none_in_same_query_gold
train,train_0249,Art. 24 OR,True,60,False,,2C_438/2011 27.05.2011 E. 2;2P.138/2004 19.10.2004 E. 7;4A_141/2017 E. 3.4.4;4A_233/2016 E. 5.2;4A_254/2020 E. 4.4.2;4A_331/2007 19.12.2007 E. 4;4A_335/2021 E. 6.1.2;4A_343/2009 05.01.2010 E. A;4A_35/2020 E. 3.2.2;4A_398/2018 25.02.2019 E. 4;4A_417/2007 14.02.2008 E. 2;4A_417/2007 14.02.2008 E. 3;4A_42/2021 E. 3.2;4A_461/2016 E. 4.3.1;4A_461/2016 E. 4.3.2;4A_92/2021 E. 3.3.2;4A_97/2016 E. 2.1;4A_97/2016 E. 2.4;4A_97/2016 E. 2.6.3;4A_97/2016 E. 2.6.4,has_parents_but_none_in_same_query_gold
train,train_0249,Art. 187 OR,True,2,False,,2A.219/2003 11.02.2004 E. 2.1;2A.223/2004 28.09.2004 E. 1,has_parents_but_none_in_same_query_gold
train,train_0249,Art. 197 OR,True,30,False,,2C_835/2013 E. 3.2.1;4A_17/2023 E. 7.2;4A_18/2023 E. 5.2;4A_220/2013 E. 4.3.1;4A_220/2013 E. 4.3.2;4A_321/2012 14.01.2013 E. 4;4A_38/2021 E. 3.1;4A_401/2011 18.01.2012 E. 3;4A_417/2007 14.02.2008 E. 4;4A_417/2007 14.02.2008 E. 5;4A_445/2019 E. 2.1;4A_454/2019 E. 2;4A_514/2020 E. 3;4A_514/2020 E. 6.2.1;4A_538/2013 E. 4.1;4A_538/2013 E. 4.2;4C.172/2003 20.04.2004 E. 4;4C.200/2006 20.09.2006 E. 1;4C.200/2006 20.09.2006 E. 2;4C.242/2004 06.10.2004 E. 4,has_parents_but_none_in_same_query_gold
train,train_0249,Art. 205 OR,True,5,False,,2A.732/2004 10.08.2005 E. 2;4C.11/2001 04.04.2001 E. 4;4C.33/2004 08.02.2006 E. 2;5P.360/2001 14.12.2001 E. 4;BGE 124 III 456 E. 20bb,has_parents_but_none_in_same_query_gold
train,train_0253,Art. 216 OR,True,30,False,,2A.693/2004 21.06.2005 E. 3;2C_265/2021 E. 4.3.5;4A_189/2012 02.10.2012 E. 3;4A_189/2012 02.10.2012 E. 5;4A_251/2024 E. 3.3.3;4A_281/2014 E. 3.4.3;4A_281/2014 E. 4.1;4A_309/2007 22.10.2007 E. 3;4A_320/2015 E. 2.1;4A_417/2007 14.02.2008 E. B;4C.109/2006 30.06.2006 E. 2;4C.165/2000 23.10.2000 E. 5;4C.271/2003 17.02.2004 E. 2.2;4C.297/2004 09.12.2004 E. 4;4C.301/2006 23.04.2007 E. 4;4C.386/2005 03.02.2006 E. 3;4C.396/2002 10.06.2003 E. 2;4P.232/2004 03.01.2005 E. 3;5A.33/2006 24.04.2007 E. 4;5A.33/2006 24.04.2007 E. 5,has_parents_but_none_in_same_query_gold
train,train_0253,Art. 718a OR,True,34,False,,4A_134/2007 31.07.2007 E. 3;4A_147/2014 E. 3;4A_147/2014 E. 3.1.5;4A_147/2014 E. 3.2.2;4A_147/2014 E. 3.2.6;4A_147/2014 E. 4.1.1;4A_147/2014 E. 4.1.2;4A_179/2025 E. 2.2.1;4A_179/2025 E. 2.3.1;4A_179/2025 E. 2.3.2;4A_195/2014 27.11.2014 E. 6.1;4A_208/2014 E. 4.1;4A_212/2014 E. 4.1;4A_46/2016 E. 5.1;4A_485/2008 04.12.2008 E. 3;4A_536/2015 E. 2.3.3;4A_617/2013 E. 5;4A_617/2013 E. 5.2;4A_617/2013 E. 6.2;4A_95/2015 E. 2.2.1,has_parents_but_none_in_same_query_gold
train,train_0257,Art. 862 ZGB,False,0,False,,,no_parent_edges_found
train,train_0257,Art. 849 ZGB,True,1,False,,5A_177/2017 E. 3.1,has_parents_but_none_in_same_query_gold
train,train_0257,Art. 852 ZGB,True,2,False,,Art. 106 Abs. 2 GBV;Art. 144 Abs. 2 GBV,has_parents_but_none_in_same_query_gold
train,train_0257,Art. 979 OR,True,14,False,,4A_91/2015 E. 5.2.3;4C.154/2001 02.10.2001 E. 4;4C.381/2001 02.05.2002 E. 3;4C.41/2004 03.05.2004 E. 3;4C.47/2005 01.11.2005 E. 4.4;4C.47/2005 01.11.2005 E. 7;4C.82/2002 21.06.2002 E. 2;BGE 127 III 559 E. 4a;BGE 128 III 324 E. 2.2;BGE 132 III 186 E. 4.4.3;BGE 132 III 186 E. 4.4.3.1;BGE 132 III 186 E. 4.4.3.2;BGE 132 III 186 E. 4.5;BGE 132 III 186 E. 7.4,has_parents_but_none_in_same_query_gold
train,train_0257,Art. 842 ZGB,True,12,False,,5A_402/2015 E. 4;5A_402/2015 E. 5;5A_481/2007 06.11.2007 E. 3;5A_79/2007 15.11.2007 E. 2;5A_806/2019 E. 3.2;5A_806/2019 E. 3.3;5C.52/2004 04.10.2004 E. 2;BGE 130 III 681 E. 2.3;BGE 134 III 71 E. 3;BGE 146 III 426 E. 3.2;BGE 146 III 426 E. 3.3;P 80/01 07.02.2003 E. 3.2,has_parents_but_none_in_same_query_gold
train,train_0258,Art. 123 StGB,True,135,False,,1B_1/2020 E. 5.2;1B_102/2012 24.05.2012 E. 2.5;1B_12/2013 01.02.2013 E. 4;1B_123/2011 11.07.2011 E. 2;1B_174/2013 27.05.2013 E. 3;1B_236/2014 E. 4.1;1B_288/2019 E. 4.3;1B_400/2019 E. 2.1;1B_412/2021 E. 3.3.2;1B_422/2017 E. 3.3;1B_435/2011 13.09.2011 E. 3;1B_579/2011 01.11.2011 E. 3;1B_606/2011 16.11.2011 E. 2;1B_69/2008 26.03.2008 E. 1;1B_77/2014 E. 2.1;1B_8/2011 20.01.2011 E. 2.5;1B_82/2014 E. 3.2;1B_96/2008 06.05.2008 E. 3;1C_104/2022 E. A;1C_382/2012 10.10.2012 E. 2,has_parents_but_none_in_same_query_gold
train,train_0259,Art. 101 OR,True,77,False,,1C_699/2020 E. 5.2;1C_707/2021 E. 4.4;1F_25/2015 E. 3.2;1P.470/2002 20.11.2002 E. 2;2C_103/2021 E. 3.2.3;2C_175/2024 E. 7.5.2;2C_272/2020 E. 3.3;2C_534/2016 E. 3.5;4A_134/2016 E. 2.3;4A_175/2021 E. 2.4;4A_187/2021 E. B;4A_189/2018 E. 4.2;4A_189/2018 E. 4.2.1;4A_209/2017 E. 2.3;4A_209/2017 E. 2.4;4A_209/2017 E. 2.5;4A_209/2017 E. 2.6;4A_209/2017 E. 3.4;4A_213/2015 E. 4.1;4A_217/2018 E. 3,has_parents_but_none_in_same_query_gold
train,train_0259,Art. 44 OR,True,164,False,,1C.2/1999 01.10.2002 E. 5.2;1C_284/2009 08.06.2010 E. H;1C_351/2007 30.10.2008 E. 7;1C_353/2007 30.10.2008 E. 8;1C_665/2024 E. 4.5.1;1C_665/2024 E. 4.5.2;1C_665/2024 E. 4.5.3;2C_521/2017 10.11.2020 E. 7.2;4A_115/2014 E. 6.4.4;4A_115/2014 E. 7;4A_115/2014 E. 8;4A_115/2014 E. 8.1;4A_115/2014 E. 8.2;4A_115/2014 E. 8.3;4A_127/2011 12.07.2011 E. 8;4A_138/2011 19.04.2011 E. 6;4A_138/2014 E. 3;4A_153/2008 14.10.2008 E. 3;4A_153/2015 25.06.2015 E. 4.2.2;4A_189/2015 E. 4.2,has_parents_but_none_in_same_query_gold
train,train_0261,Art. 144 StGB,True,89,False,,1B_121/2019 E. 3.3;1B_184/2012 27.08.2012 E. 4;1B_195/2016 E. A;1B_244/2017 E. 2.2;1B_248/2011 29.11.2011 E. 3;1B_254/2014 E. 3.1;1B_283/2016 E. 5.4;1B_293/2023 E. 2;1B_347/2022 E. 4.4;1B_365/2014 12.01.2015 E. 3;1B_418/2018 E. 2.7;1B_422/2018 E. 2.7;1B_432/2011 20.09.2012 E. 3;1B_432/2011 20.09.2012 E. 4;1B_435/2011 13.09.2011 E. 3;1B_553/2017 E. 3.4;1B_556/2019 E. 2.1;1B_579/2011 01.11.2011 E. 3;1B_80/2009 07.04.2009 E. 2;1B_95/2015 E. A,has_parents_but_none_in_same_query_gold
train,train_0262,Art. 5 VwVG,True,1129,False,,12T_3/2021 E. 3;12T_3/2021 E. 4;1A.1/2000 08.05.2000 E. 2.-;1A.10/2004 18.10.2004 E. 2;1A.101/2001 13.08.2001 E. 1;1A.104/1999 05.04.2000 E. 1;1A.104/2001 15.03.2002 E. 1;1A.109/2006 05.10.2006 E. 1;1A.11/2005 06.07.2005 E. 1;1A.110/2003 28.10.2003 E. 1;1A.112/2006 19.09.2006 E. 1;1A.113/1999 26.05.2000 E. 1;1A.114/2001 14.03.2002 E. 1;1A.114/2005 12.09.2005 E. 1;1A.115/2001 08.10.2001 E. 2;1A.115/2003 23.02.2004 E. 1;1A.12/2004 30.09.2004 E. 1;1A.123/2002 22.10.2002 E. 1;1A.123/2002 22.10.2002 E. 1.6;1A.123/2005 10.11.2005 E. 1,has_parents_but_none_in_same_query_gold
train,train_0264,Art. 26 BankG,True,16,False,,2C_127/2010 15.07.2011 E. 2.2;2C_127/2010 15.07.2011 E. 4.3;2C_136/2019 E. 3.2;2C_829/2013 E. 3.3;2C_829/2013 E. 4.2;2C_858/2017 E. 3.2;Art. 11 Abs. 2 InsV-FINMA;Art. 25 Abs. 1 BankG;Art. 41 Abs. 3 BIV-FINMA;BGE 137 II 431 E. 10.2.3;BGE 137 II 431 E. 2.2.1;BGE 137 II 431 E. 2.2.2;BGE 137 II 431 E. 2.2.2g;BGE 137 II 431 E. 2.2.3;BGE 137 II 431 E. 2.2.4b;BGE 137 II 431 E. 4.4,has_parents_but_none_in_same_query_gold
train,train_0265,Art. 19a BetmG,True,85,False,,1B_126/2014 E. A;1B_217/2014 E. A;1B_239/2011 15.07.2011 E. A;1B_480/2018 E. 3;1B_503/2012 25.01.2013 E. 4;1B_95/2015 E. 2.2.1;1P.723/2000 10.01.2001 E. A;2C_107/2016 E. A;2C_163/2020 E. A;2C_288/2016 E. A;2C_404/2018 E. 1;2C_501/2023 E. 7.4.3;2C_501/2023 E. A;2C_726/2021 E. A;2C_765/2018 E. 1;2C_81/2021 E. A;2C_877/2010 17.03.2011 E. 2;2C_986/2016 E. A;5A_497/2017 E. D;6A.49/2000 28.06.2000 E. A,has_parents_but_none_in_same_query_gold
train,train_0266,Art. 234 ZPO,True,15,False,,4A_156/2023 E. 2.3;4A_180/2020 E. 3.5;4A_182/2020 E. 3.5;4A_85/2020 E. 2.2;4A_85/2020 E. A;4D_42/2021 E. 4.1;4D_42/2021 E. 4.2;4D_42/2021 E. 4.3;5A_125/2016 E. 4.3;5A_150/2017 E. 2.2.2;5A_704/2015 E. 6.4;5A_764/2015 E. 1;Art. 245 Abs. 2 ZPO;BGE 146 III 194 E. 3.5;BGE 146 III 297 E. 2.2,has_parents_but_none_in_same_query_gold
train,train_0267,Art. 706 OR,True,62,False,,4A_10/2012 02.10.2012 E. 3;4A_10/2012 02.10.2012 E. 3.2;4A_160/2016 E. 2.3.7;4A_166/2016 E. 3.3.7;4A_203/2017 E. 1;4A_260/2018 E. 3.2.2;4A_288/2011 13.02.2012 E. 4;4A_288/2011 13.02.2012 E. B;4A_288/2011 13.02.2012 E. C;4A_295/2021 E. 4.4;4A_321/2008 05.08.2010 E. 6;4A_331/2008 15.09.2008 E. 4;4A_340/2021 E. 6.2;4A_340/2021 E. 6.5.2;4A_351/2008 05.08.2010 E. 4;4A_363/2013 E. 3.3.1;4A_364/2017 E. 5.2.3;4A_380/2022 E. 9.3;4A_380/2022 E. B;4A_384/2022 E. 1.3.1,has_parents_but_none_in_same_query_gold
train,train_0268,Art. 179 StGB,True,24,False,,1B_316/2012 31.07.2012 E. A;1C_355/2012 30.08.2012 E. 2;1C_355/2012 30.08.2012 E. 4;1C_500/2015 E. 8.1;1C_500/2015 E. 8.2;1C_587/2021 E. 3.1;1C_587/2021 E. 3.4.1;5A_194/2016 E. 3.4.1;5A_313/2013 E. 3.2;6B_1025/2023 E. 3.1;6B_1073/2014 E. 1.3;6B_1168/2022 E. 5;6B_1391/2016 E. 4.1;6B_1391/2016 E. 4.3;6B_182/2018 E. 4;6B_225/2008 07.10.2008 E. 2;6B_326/2008 08.10.2008 E. A;6B_615/2014 E. 3.2;6B_615/2014 E. 4.3;6B_615/2014 E. 5,has_parents_but_none_in_same_query_gold
train,train_0268,Art. 138 StGB,True,198,False,,1A.125/2006 10.08.2006 E. 2;1A.153/2004 07.09.2004 E. 4;1A.153/2004 07.09.2004 E. B;1A.161/2005 12.07.2005 E. 2;1A.177/2001 20.11.2001 E. 4;1A.188/2005 24.10.2005 E. 2;1A.194/2005 18.08.2005 E. 3;1A.197/2000 21.07.2000 E. 2;1A.197/2000 21.07.2000 E. I;1A.199/2004 07.01.2005 E. 7;1A.273/2003 14.04.2004 E. 2;1A.288/2005 22.12.2005 E. 2;1A.54/2000 03.05.2000 E. 5;1A.7/2007 03.07.2007 E. 6;1A.80/2006 30.06.2006 E. 3;1B_121/2019 E. 3.4;1B_144/2018 E. 3.2;1B_144/2018 E. 3.4;1B_144/2018 E. 3.5;1B_144/2018 E. 3.7,has_parents_but_none_in_same_query_gold
train,train_0271,Art. 86 BGG,True,258,False,,1B_194/2023 E. 2;1B_348/2018 E. 2.1;1B_44/2011 15.06.2011 E. 1;1B_68/2012 03.07.2012 E. 2;1C_127/2010 20.12.2010 E. 2;1C_13/2017 E. 1.1;1C_15/2010 16.06.2010 E. 1;1C_183/2020 E. 3.2;1C_198/2025 E. 3;1C_201/2025 E. 3;1C_221/2010 05.07.2010 E. 1;1C_232/2007 25.10.2007 E. 1;1C_282/2019 E. 1.1;1C_299/2023 E. 2.2;1C_322/2011 19.12.2011 E. 1;1C_322/2020 E. 1;1C_357/2025 E. 2;1C_375/2009 10.05.2010 E. 1;1C_42/2012 25.04.2012 E. 2;1C_427/2010 22.12.2010 E. 1,has_parents_but_none_in_same_query_gold
train,train_0273,Art. 11 URG,True,9,False,,4A_423/2011 26.09.2011 E. 5;4C.393/2004 22.06.2005 E. 1;4C.393/2004 22.06.2005 E. 4;Art. 18 URG;Art. 24b Abs. 2 URG;BGE 131 III 480 E. 1.4;BGE 131 III 480 E. 4;BGE 131 III 480 E. 4.1;BGE 131 III 480 E. 4.2,has_parents_but_none_in_same_query_gold
train,train_0273,Art. 15 URG,False,0,False,,,no_parent_edges_found
train,train_0274,Art. 66 ATSG,True,3,False,,8C_741/2023 E. 5;9C_256/2019 E. 4.5;BGE 150 V 334 E. 5,has_parents_but_none_in_same_query_gold
train,train_0275,Art. 963 ZGB,True,13,False,,2C_760/2016 E. 2.4.1;4A_325/2022 E. 5.1;5A.14/2001 29.01.2002 E. 3;5A_237/2018 E. 2.2;5A_346/2009 12.08.2009 E. 1;5A_346/2009 12.08.2009 E. 2;5A_454/2013 16.10.2013 E. 4.3;5A_664/2010 01.06.2011 E. 5;BGE 121 III 97 E. 4a;BGE 121 III 97 E. 4b;BGE 135 III 585 E. 2.1;BGE 137 III 293 E. 5.2;BGE 137 III 293 E. 5.3,has_parents_but_none_in_same_query_gold
train,train_0276,Art. 61 KVG,True,15,False,,9C_1032/2008 07.01.2009 E. 1;9C_145/2014 06.03.2014 E. 1;9C_514/2010 28.06.2010 E. 1;9C_706/2013 E. 1;BGE 127 V 38 E. 4bb;BGE 128 V 272 E. 1aa;BGE 131 V 147 E. 5.2;BGE 131 V 147 E. 6.3;K 121/02 17.04.2003 E. 2;K 13/02 26.07.2002 E. 7;K 17/02 26.07.2002 E. 5;K 24/01 02.03.2005 E. 5;K 24/01 02.03.2005 E. 6;K 47/01 25.08.2003 E. 4;K 91/99 09.01.2001 E. 4,has_parents_but_none_in_same_query_gold
train,train_0279,Art. 285 StGB,True,74,False,,1A.288/2005 22.12.2005 E. 2;1B_164/2009 31.08.2009 E. 2.6;1B_171/2021 E. 4.2;1B_176/2016 E. A;1B_179/2022 E. 6.1.1;1B_179/2022 E. 6.1.2;1B_236/2014 E. 4.1;1B_251/2021 E. 4;1B_251/2021 E. 5.2;1B_254/2010 23.08.2010 E. 2;1B_254/2010 23.08.2010 E. 2.4;1B_254/2014 E. 3.1;1B_302/2008 25.11.2008 E. 1;1B_443/2011 28.11.2011 E. A;1B_69/2008 26.03.2008 E. 1;1C_154/2014 E. 1;1C_16/2010 16.11.2010 E. B;1C_176/2013 07.01.2014 E. 1;1C_181/2019 E. 10.5;1C_428/2009 13.10.2010 E. B,has_parents_but_none_in_same_query_gold
train,train_0280,Art. 80 SchKG,True,299,False,,1C_275/2012 21.09.2012 E. A;1C_482/2021 E. 2;2C_586/2010 24.03.2011 E. 3;2C_730/2013 E. 1;4A_151/2024 E. 1.2.3;4A_151/2024 E. 2;4A_151/2024 E. 3.4;4A_151/2024 E. 3.6;4A_187/2015 29.09.2015 E. 9.2;4A_249/2018 E. 2.5;4A_366/2025 E. 2.1;4A_368/2025 E. 2.1;4A_387/2024 E. 3.1.1;4A_387/2024 E. 3.1.2;4A_387/2024 E. 3.1.3;4A_387/2024 E. 3.4.1;4A_435/2024 E. 2.1.1;4A_435/2024 E. 4.1;4A_435/2024 E. 5.2.1;4A_436/2024 E. 4.2,has_parents_but_none_in_same_query_gold
train,train_0281,Art. 473 ZGB,True,7,False,,5A_161/2010 08.07.2010 E. 5;5A_272/2017 E. A;5A_336/2019 E. A;5A_757/2016 E. 3.3.2;5C.276/2005 14.02.2006 E. 2;5D_305/2020 E. 3.2;P 40/00 29.11.2001 E. 2,has_parents_but_none_in_same_query_gold
train,train_0282,Art. 32 OR,True,45,False,,1A.114/2006 07.03.2007 E. 6;2C.5/1999 03.07.2003 E. 2;2C_1071/2012 E. 5.1;2C_1071/2012 E. 5.3;2C_1071/2012 E. 5.4;2C_229/2008 13.10.2008 E. 4;2C_359/2008 23.02.2009 E. 6;2C_638/2020 E. 4.1.1;2C_686/2007 19.05.2008 E. 2;2C_727/2021 E. 4.1.1;2C_943/2017 E. 4.4.4;4A_107/2010 03.05.2010 E. 2;4A_13/2008 11.03.2008 E. 1;4A_134/2013 E. 5;4A_19/2013 30.04.2013 E. 3;4A_27/2008 09.05.2008 E. 2;4A_303/2007 29.11.2007 E. 3.4;4A_35/2021 E. 4.5.2;4A_421/2015 11.02.2016 E. 4.2;4A_421/2015 11.02.2016 E. 4.3.2,has_parents_but_none_in_same_query_gold
train,train_0282,Art. 33 OR,True,33,False,,1A.114/2006 07.03.2007 E. 5;2C_1071/2012 E. 5.3;2C_1071/2012 E. 7.1;2C_188/2010 24.01.2011 E. 6;4A_134/2007 31.07.2007 E. 3;4A_19/2013 30.04.2013 E. 3;4A_404/2018 E. 3.4.2;4A_536/2008 10.02.2009 E. 5;4A_579/2018 E. 2;4C.18/2001 25.10.2001 E. 3;4C.181/2002 10.10.2002 E. 2;4C.20/2002 18.06.2002 E. 2;4C.243/2004 30.03.2005 E. 1;4C.244/2005 07.10.2005 E. 2;4C.25/2005 15.08.2005 E. 1;4C.287/2002 15.12.2003 E. 4;4C.294/2003 15.12.2003 E. 1;4C.327/2005 24.11.2006 E. 3;4C.377/2000 08.03.2001 E. 1;4C.56/1999 03.05.2000 E. 1,has_parents_but_none_in_same_query_gold
train,train_0282,Art. 1 OR,True,203,False,,1C_402/2008 25.05.2009 E. 5;1C_613/2015 10.08.2016 E. 3.3;1P.299/2005 14.12.2005 E. 1;2C_109/2017 E. 3.1;2C_539/2023 E. 5.3.3;2C_689/2022 E. 6.4;2C_734/2016 20.10.2016 E. 4.4.3;2C_734/2016 20.10.2016 E. 4.5.5;2C_828/2013 E. 5.4;2C_828/2013 E. 5.5.4;2C_857/2014 E. 5.4;4A_109/2008 16.04.2008 E. 4;4A_115/2020 E. 5.4;4A_125/2017 E. 4.2;4A_126/2021 E. 3.4;4A_127/2013 E. 6;4A_131/2017 E. 4.1;4A_131/2024 E. 3;4A_131/2024 E. 3.3.2;4A_152/2009 29.06.2009 E. 4,has_parents_but_none_in_same_query_gold
train,train_0282,Art. 348b OR,False,0,False,,,no_parent_edges_found
train,train_0282,Art. 462 OR,True,25,False,,4A_103/2022 E. 3.4;4A_198/2019 E. A;4A_201/2023 E. 3;4A_201/2023 E. 3.1.3;4A_201/2023 E. 3.3;4A_201/2023 E. B;4A_25/2019 E. 4.2;4A_51/2015 E. 3.2;4A_530/2014 E. 1.2.2;4A_530/2014 E. 2.6;4A_530/2014 E. 3;4A_530/2014 E. 3.2;4A_530/2014 E. 3.3;4A_530/2014 E. 3.4;4A_530/2014 E. B;4C.348/2006 17.01.2007 E. 8;4D_2/2013 01.05.2013 E. 2;5A_408/2019 E. 2.3.3;6B_762/2008 08.01.2009 E. 3;BGE 141 III 159 E. 1.2.2,has_parents_but_none_in_same_query_gold
train,train_0282,Art. 2 ZGB,True,625,False,,1A.130/2000 16.11.2000 E. 2;1B_321/2013 E. 2.1;1C_151/2015 E. 3;1C_270/2011 29.08.2011 E. 5;1C_307/2020 E. 3;1C_307/2020 E. 5;1C_330/2012 22.04.2013 E. 5;1C_402/2008 25.05.2009 E. 5;1P.126/2005 27.04.2005 E. 3;1P.217/2000 27.06.2000 E. 3;1P.250/2000 26.02.2001 E. 4;1P.584/2006 22.12.2006 E. 5;1P.584/2006 22.12.2006 E. A;1P.659/2005 16.11.2005 E. 1;2A.455/2006 01.03.2007 E. C;2A.52/2003 23.01.2004 E. 5;2C_1057/2012 E. 4.2.1;2C_107/2017 E. 3.3.3;2C_112/2014 15.09.2014 E. 6.2.2;2C_117/2017 E. 3.2.1,has_parents_but_none_in_same_query_gold
train,train_0282,Art. 41 OR,True,556,False,,1A.128/2001 18.01.2002 E. 3;1A.203/2004 16.03.2005 E. 4;1A.228/2004 03.08.2005 E. 9;1A.230/2006 05.06.2007 E. 3;1A.270/1999 19.05.2000 E. 2;1B_39/2012 10.05.2012 E. 3.1;1B_41/2011 24.03.2011 E. 2.1;1B_460/2022 E. 2.3.2;1B_80/2019 E. 3.3;1C_406/2008 05.02.2009 E. 1.2;1C_502/2015 E. 5.3.4;1C_908/2013 E. 2.3;1P.119/2000 09.10.2000 E. 2;1P.126/2005 27.04.2005 E. 3;1P.14/2000 31.01.2000 E. 1;1P.164/2002 25.06.2002 E. 1;1P.176/2005 28.06.2005 E. 4;1P.18/2007 30.07.2007 E. 3.3;1P.188/2005 14.07.2005 E. 3;1P.189/2003 15.12.2003 E. 1,has_parents_but_none_in_same_query_gold
train,train_0283,Art. 66a StGB,True,621,False,,1B_116/2019 E. 3.2;1B_116/2019 E. 3.3;1B_292/2021 E. 3;1B_334/2018 E. A;1B_364/2017 E. 4.3;1C_537/2021 E. 6.4.2;2C_1045/2019 E. 5.5;2C_1054/2018 E. 2.2;2C_108/2018 E. 3.3;2C_133/2022 E. 4;2C_139/2018 E. 2.3.1;2C_140/2017 E. 6.2;2C_148/2022 E. 3;2C_150/2024 E. 4.3.4;2C_169/2017 E. 3.1;2C_173/2020 E. 4.3.1;2C_188/2019 E. 2.2.1;2C_230/2022 E. 5.2;2C_231/2019 E. 2.2.2;2C_24/2019 E. 2.2,has_parents_but_none_in_same_query_gold
train,train_0285,Art. 125 ZGB,True,502,False,,2A.68/2000 05.10.2000 E. 4;5A_10/2010 23.02.2010 E. B;5A_100/2007 04.07.2007 E. 4;5A_1003/2014 E. 4.2.2;5A_1022/2019 E. 4;5A_1024/2021 E. 4.1;5A_103/2008 05.05.2008 E. 2.2;5A_103/2008 05.05.2008 E. C;5A_104/2018 E. 4;5A_104/2018 E. 5.2;5A_104/2018 E. 5.4;5A_11/2010 18.03.2010 E. 1;5A_11/2010 18.03.2010 E. 2;5A_11/2010 18.03.2010 E. 5;5A_111/2016 E. 6.1.3;5A_112/2020 E. 2.2;5A_122/2011 09.06.2011 E. 4;5A_129/2015 E. 5;5A_14/2014 E. 3.2;5A_14/2019 E. 3.2,has_parents_but_none_in_same_query_gold
train,train_0286,Art. 154 IPRG,True,13,False,,2A.111/2004 15.07.2004 E. 6;2C_894/2013 E. 3.1;4A_329/2013 E. 3;4C.157/2003 02.11.2004 E. 2;4C.245/2001 23.11.2001 E. 2;4C.32/2001 07.05.2001 E. 3;4C.94/2005 14.09.2005 E. 2;5A_207/2024 E. 5.1.1;5A_89/2024 E. 4.1;5A_89/2024 E. 4.2;5A_963/2014 E. 5.2;5A_963/2014 E. 5.4.1;BGE 141 III 513 E. 5.4.1,has_parents_but_none_in_same_query_gold
train,train_0286,Art. 335 ZGB,True,16,False,,2A.457/2001 04.03.2002 E. A;5A_30/2025 E. 3;5A_401/2010 11.08.2010 E. 3;5A_669/2022 E. 4.3;5A_669/2022 E. 4.3.1;5A_669/2022 E. 4.6.2;5A_817/2009 11.02.2010 E. 1;5A_817/2009 11.02.2010 E. 2;5C.9/2001 18.05.2001 E. 2;5C.9/2001 18.05.2001 E. 3;5F_3/2024 E. 4.2;7B_207/2024 E. 1.4;7B_870/2024 E. 2.4;8C_716/2008 05.12.2008 E. A;9C_637/2022 E. 4.2;BGE 127 III 337 E. 2c,has_parents_but_none_in_same_query_gold
train,train_0287,Art. 965 ZGB,True,14,False,,5A.14/2001 29.01.2002 E. 3;5A_341/2019 E. 5.4;5A_341/2019 E. 5.6.2;5A_383/2010 10.12.2010 E. 2;5A_454/2013 16.10.2013 E. 4.3;5A_614/2008 26.11.2008 E. 3;5A_614/2008 26.11.2008 E. 4;5A_803/2013 E. 2.2;BGE 121 III 97 E. 1b;BGE 121 III 97 E. 1c;BGE 135 III 103 E. 3.1;BGE 135 III 103 E. 4.4;BGE 147 III 1 E. 5.4;BGE 147 III 1 E. 5.6.2,has_parents_but_none_in_same_query_gold
train,train_0287,Art. 83 GBV,False,0,False,,,no_parent_edges_found
train,train_0287,Art. 963 ZGB,True,13,False,,2C_760/2016 E. 2.4.1;4A_325/2022 E. 5.1;5A.14/2001 29.01.2002 E. 3;5A_237/2018 E. 2.2;5A_346/2009 12.08.2009 E. 1;5A_346/2009 12.08.2009 E. 2;5A_454/2013 16.10.2013 E. 4.3;5A_664/2010 01.06.2011 E. 5;BGE 121 III 97 E. 4a;BGE 121 III 97 E. 4b;BGE 135 III 585 E. 2.1;BGE 137 III 293 E. 5.2;BGE 137 III 293 E. 5.3,has_parents_but_none_in_same_query_gold
train,train_0287,Art. 51 GBV,False,0,False,,,no_parent_edges_found
train,train_0287,Art. 84 GBV,True,2,True,Art. 83 Abs. 2 GBV,Art. 64 Abs. 2 GBV;Art. 83 Abs. 2 GBV,parent_in_same_query_gold
train,train_0287,Art. 634 ZGB,True,16,False,,2C_1055/2019 E. 2.2.3;2C_484/2018 E. 2.3;2P.29/2002 29.05.2002 E. 2;4A_649/2012 13.05.2013 E. 3;5A_1036/2020 E. 2.2;5A_1036/2020 E. 2.3.2;5A_1036/2020 E. 2.3.3;5A_1036/2020 E. 2.4;5A_1036/2020 E. A;5C.245/2001 06.02.2002 E. 1;5C.245/2001 06.02.2002 E. A;5P.134/2002 05.09.2002 E. 2;5P.336/2001 06.02.2002 E. 2;5P.336/2001 06.02.2002 E. A;5P.59/2000 07.04.2000 E. 3;BGE 128 III 163 E. 1,has_parents_but_none_in_same_query_gold
train,train_0287,Art. 730 ZGB,True,53,False,,4C.34/2000 24.04.2001 E. 4;4C.374/1999 11.02.2000 E. 3;5A.38/2004 03.05.2005 E. 2;5A_134/2020 E. 4.4;5A_171/2008 13.05.2008 E. 3;5A_221/2017 E. 5.3;5A_235/2011 08.08.2011 E. 2;5A_28/2021 E. 3.4.1;5A_341/2019 E. 3.4;5A_341/2019 E. 4.1;5A_341/2019 E. 4.2;5A_377/2017 E. 2.3.5;5A_451/2022 E. 3;5A_458/2019 E. 3.3;5A_47/2019 E. 2.2;5A_518/2017 E. 3.1;5A_518/2017 E. 4.1;5A_518/2017 E. 4.2.2;5A_637/2019 E. 2.5;5A_657/2014 E. 5.1,has_parents_but_none_in_same_query_gold
train,train_0287,Art. 781 ZGB,True,18,False,,1E.5/2001 16.10.2001 E. 3;5A_171/2008 13.05.2008 E. 2;5A_235/2011 08.08.2011 E. 2;5A_259/2019 E. 5.1;5A_259/2019 E. 5.3.2;5A_341/2019 E. 3.4;5A_507/2010 15.12.2010 E. 6;5A_550/2011 24.10.2011 E. 4;5A_550/2011 24.10.2011 E. 5;5A_560/2009 07.10.2009 E. 1;5A_884/2012 E. 4.2;5C.111/2006 25.08.2006 E. 8;5C.270/2000 12.04.2001 E. 2;5C.270/2000 12.04.2001 E. 3;6B_913/2014 E. 2;BGE 132 III 651 E. 8;BGE 137 III 444 E. 2.1;BGE 147 III 1 E. 3.4,has_parents_but_none_in_same_query_gold
train,train_0287,Art. 64 GBV,True,3,False,,Art. 67 Abs. 2 GBV;Art. 70 Abs. 1 GBV;Art. 72 GBV,has_parents_but_none_in_same_query_gold
train,train_0287,Art. 7 VAV,True,3,False,,Art. 3 VAV-VBS;Art. 5 Abs. 2 VAV;Art. 7a TGBV,has_parents_but_none_in_same_query_gold
train,train_0288,Art. 123 StGB,True,135,False,,1B_1/2020 E. 5.2;1B_102/2012 24.05.2012 E. 2.5;1B_12/2013 01.02.2013 E. 4;1B_123/2011 11.07.2011 E. 2;1B_174/2013 27.05.2013 E. 3;1B_236/2014 E. 4.1;1B_288/2019 E. 4.3;1B_400/2019 E. 2.1;1B_412/2021 E. 3.3.2;1B_422/2017 E. 3.3;1B_435/2011 13.09.2011 E. 3;1B_579/2011 01.11.2011 E. 3;1B_606/2011 16.11.2011 E. 2;1B_69/2008 26.03.2008 E. 1;1B_77/2014 E. 2.1;1B_8/2011 20.01.2011 E. 2.5;1B_82/2014 E. 3.2;1B_96/2008 06.05.2008 E. 3;1C_104/2022 E. A;1C_382/2012 10.10.2012 E. 2,has_parents_but_none_in_same_query_gold
train,train_0288,Art. 321 StGB,True,174,False,,1A.104/1999 05.04.2000 E. 3;1A.153/2003 11.02.2004 E. 2;1A.182/2001 26.03.2002 E. 6;1A.207/2000 17.11.2000 E. 2;1A.59/2004 16.07.2004 E. 3;1B_101/2008 28.10.2008 E. 4;1B_101/2008 28.10.2008 E. 4.4;1B_120/2018 29.05.2018 E. 5.3;1B_158/2012 15.10.2012 E. 1.2;1B_226/2014 E. 2.3;1B_231/2015 E. 2.3;1B_286/2022 E. 4.4;1B_286/2022 E. 4.5;1B_316/2015 E. 2.2;1B_330/2014 E. 4.4;1B_34/2011 16.02.2011 E. A;1B_36/2016 E. 6.2.1;1B_435/2021 E. 4.2.1;1B_500/2022 E. 2.1.3;1B_516/2011 17.11.2011 E. 2,has_parents_but_none_in_same_query_gold
train,train_0291,Art. 28a ZGB,True,51,False,,1C_230/2011 31.05.2012 E. 10.6;2A.446/2001 07.02.2002 E. 3;2C_665/2010 24.05.2011 E. 6;2E_1/2013 E. C;4A_191/2014 E. A;4A_220/2011 05.09.2011 E. 3.3;4A_235/2014 E. A;4A_237/2014 E. A;4A_239/2014 E. A;4C.101/2005 02.06.2005 E. 2;4C.101/2005 02.06.2005 E. 3;5A_1021/2025 E. 1;5A_1050/2021 E. 1.1;5A_1063/2020 E. 1.1;5A_188/2008 25.09.2008 E. 5;5A_256/2016 E. 5.2.2;5A_286/2012 29.10.2012 E. 2;5A_376/2013 E. 2.1;5A_376/2013 E. 8.4;5A_445/2010 30.11.2010 E. 2,has_parents_but_none_in_same_query_gold
train,train_0292,Art. 52 FINIG,False,0,False,,,no_parent_edges_found
train,train_0293,Art. 4a VStG,True,25,False,,2A.660/2006 08.06.2007 E. 4;2A.9/2005 27.10.2005 E. 2;2A.9/2005 27.10.2005 E. B;2C_119/2018 E. 3.1;2C_119/2018 E. 4;2C_119/2018 E. 4.2.2;2C_268/2009 08.10.2009 E. 1;2C_268/2009 08.10.2009 E. 2;2C_268/2009 08.10.2009 E. 2.2;2C_268/2009 08.10.2009 E. 3;2C_268/2009 08.10.2009 E. 3.2;2C_268/2009 08.10.2009 E. C;2C_387/2007 04.03.2008 E. 3;2C_397/2017 E. 3.3;2C_397/2017 E. 3.7;9C_135/2023 E. 3.2;BGE 136 II 33 E. 2.1;BGE 136 II 33 E. 2.2.1;BGE 136 II 33 E. 2.2.2;BGE 136 II 33 E. 3.1,has_parents_but_none_in_same_query_gold
train,train_0293,Art. 4 VStG,True,8,False,,2C_1145/2014 01.10.2015 E. 2.5;2C_123/2016 E. 4.2.3;2C_123/2016 E. 4.2.4;2C_16/2015 E. 2.4.1;2C_557/2010 04.11.2010 E. 3;2C_812/2010 23.03.2011 E. 5;2C_812/2010 23.03.2011 E. 6;Art. 9 Abs. 1 VStG,has_parents_but_none_in_same_query_gold
train,train_0293,Art. 659 OR,True,30,True,Art. 4a Abs. 2 VStG,2A.660/2006 08.06.2007 E. 3;2A.9/2005 27.10.2005 E. 2;2A.9/2005 27.10.2005 E. B;2C_119/2018 E. 3.2;2C_119/2018 E. 4.2.2;2C_268/2009 08.10.2009 E. 2.2;2C_268/2009 08.10.2009 E. 3;2C_268/2009 08.10.2009 E. 3.2;2C_368/2013 02.02.2014 E. 6.3;2C_896/2008 30.10.2009 E. 2;2C_928/2014 E. 3.2;4A_209/2021 E. 6.3;4A_340/2021 E. 4.1;4A_340/2021 E. 5.2.1;4C.242/2001 05.03.2003 E. 5;5C.119/2004 23.12.2004 E. 2;9C_135/2023 E. 3.2.1;9C_135/2023 E. 5.5;Art. 4a Abs. 2 VStG;BGE 136 II 33 E. 2.2.1,parent_in_same_query_gold
train,train_0294,Art. 337 OR,True,245,False,,1C_245/2008 02.03.2009 E. 5;1C_277/2007 30.06.2008 E. 6;1C_42/2007 29.11.2007 E. 3.5;1C_514/2023 E. 5.1;1C_514/2023 E. 7.1;2A.495/2006 30.04.2007 E. 4;2A.518/2003 10.02.2004 E. 5;2A.656/2006 15.10.2007 E. 5;2D_36/2017 E. 2.4;4A_101/2012 31.05.2012 E. 2;4A_109/2016 E. 4.1;4A_109/2016 E. 4.2;4A_109/2016 E. 4.3;4A_115/2022 E. 4.2;4A_115/2022 E. A;4A_132/2016 E. 3.2.2;4A_138/2022 E. 4;4A_140/2009 12.05.2009 E. 5;4A_148/2011 08.09.2011 E. 4;4A_151/2025 E. 3.1.1,has_parents_but_none_in_same_query_gold
train,train_0295,Art. 965 ZGB,True,14,False,,5A.14/2001 29.01.2002 E. 3;5A_341/2019 E. 5.4;5A_341/2019 E. 5.6.2;5A_383/2010 10.12.2010 E. 2;5A_454/2013 16.10.2013 E. 4.3;5A_614/2008 26.11.2008 E. 3;5A_614/2008 26.11.2008 E. 4;5A_803/2013 E. 2.2;BGE 121 III 97 E. 1b;BGE 121 III 97 E. 1c;BGE 135 III 103 E. 3.1;BGE 135 III 103 E. 4.4;BGE 147 III 1 E. 5.4;BGE 147 III 1 E. 5.6.2,has_parents_but_none_in_same_query_gold
train,train_0295,Art. 46 GBV,True,2,False,,2C_760/2016 E. 2.4.1;Art. 56 GBV,has_parents_but_none_in_same_query_gold
train,train_0295,Art. 718 OR,True,23,False,,2C_638/2020 E. 4.1.1;2C_671/2014 E. 3.2.3;4A_147/2014 E. 3.1.5;4A_147/2014 E. 3.2.5;4A_248/2009 27.10.2009 E. 6;4A_260/2018 E. 3.3;4A_260/2019 E. A;4A_439/2020 E. A;4A_460/2021 E. 3.5.2;4A_536/2015 E. 2.1;4A_617/2013 E. 5.2;4C.296/2002 28.11.2002 E. 1;4C.433/1998 02.05.2001 E. 2;4C.440/1998 29.02.2000 E. 1;4P.180/1999 29.02.2000 E. 1.-;5A_268/2012 12.07.2012 E. 3;5A_375/2019 E. 3.3.2;6S.711/2000 08.01.2003 E. 4;9C_920/2014 19.05.2015 E. 3.2.3;BGE 127 III 332 E. 2aa,has_parents_but_none_in_same_query_gold
train,train_0295,Art. 49 GBV,False,0,False,,,no_parent_edges_found
train,train_0295,Art. 462 OR,True,25,False,,4A_103/2022 E. 3.4;4A_198/2019 E. A;4A_201/2023 E. 3;4A_201/2023 E. 3.1.3;4A_201/2023 E. 3.3;4A_201/2023 E. B;4A_25/2019 E. 4.2;4A_51/2015 E. 3.2;4A_530/2014 E. 1.2.2;4A_530/2014 E. 2.6;4A_530/2014 E. 3;4A_530/2014 E. 3.2;4A_530/2014 E. 3.3;4A_530/2014 E. 3.4;4A_530/2014 E. B;4C.348/2006 17.01.2007 E. 8;4D_2/2013 01.05.2013 E. 2;5A_408/2019 E. 2.3.3;6B_762/2008 08.01.2009 E. 3;BGE 141 III 159 E. 1.2.2,has_parents_but_none_in_same_query_gold
train,train_0296,Art. 763 OR,True,4,False,,2A.478/2003 22.11.2004 E. 3;2P.217/2003 22.10.2003 E. 2;6B_1126/2017 E. 1;BGE 131 II 1 E. 3.4,has_parents_but_none_in_same_query_gold
train,train_0296,Art. 762 OR,True,14,False,,1C_22/2010 06.10.2010 E. 3;1C_22/2010 06.10.2010 E. 3.3;2A.478/2003 22.11.2004 E. 3;2C_585/2009 31.03.2010 E. 5;2C_715/2008 15.04.2009 E. 3;2C_734/2019 E. 2.1;2P.30/2000 07.09.2000 E. 2;2P.30/2000 07.09.2000 E. A;4A.4/2006 20.04.2006 E. 3;9C_37/2023 E. 2.3.2;BGE 126 I 250 E. 2a;BGE 126 I 250 E. 2c;BGE 131 II 1 E. 3.4;BGE 132 III 470 E. 3.3,has_parents_but_none_in_same_query_gold
train,train_0300,Art. 549 ZGB,False,0,False,,,no_parent_edges_found
train,train_0302,Art. 49 StGB,True,306,False,,1A.125/2002 23.09.2002 E. 3;1B_108/2015 E. 4;1B_115/2007 12.07.2007 E. 4;1B_12/2007 26.02.2007 E. 3;1B_125/2020 E. 3.5;1B_145/2007 19.09.2007 E. 4;1B_167/2007 28.08.2007 E. 2;1B_23/2014 E. 2.3.1;1B_258/2012 10.07.2012 E. 3;1B_330/2015 E. 4.3;1B_541/2017 E. 3.3;1B_96/2018 E. 2.3.2;1C_215/2021 E. 2.2;1C_248/2020 E. 3.3;1C_59/2023 E. 5.6;1C_621/2019 E. 4.3;1C_629/2020 E. 3.2;1C_710/2013 E. 3.2;1C_710/2013 E. 3.3;1P.148/2004 12.05.2004 E. 2,has_parents_but_none_in_same_query_gold
train,train_0302,Art. 158 StGB,True,250,False,,1A.101/2000 18.07.2000 E. 4;1A.105/2000 18.07.2000 E. 4;1A.109/2000 18.07.2000 E. 3;1A.110/2000 18.07.2000 E. 5;1A.125/2006 10.08.2006 E. 2;1A.153/2004 07.09.2004 E. 4;1A.153/2004 07.09.2004 E. A;1A.153/2004 07.09.2004 E. B;1A.161/2005 12.07.2005 E. 2;1A.175/2004 25.11.2004 E. 2;1A.178/2006 19.01.2007 E. 2;1A.188/2005 24.10.2005 E. 2;1A.194/2005 18.08.2005 E. 3;1A.197/2000 21.07.2000 E. 2;1A.197/2000 21.07.2000 E. I;1A.199/2004 07.01.2005 E. 7;1A.24/2004 11.08.2004 E. 7;1A.247/1999 24.01.2000 E. 3;1A.257/2003 28.01.2004 E. 6;1A.268/2005 17.11.2005 E. 5,has_parents_but_none_in_same_query_gold
train,train_0303,Art. 53 NBG,False,0,False,,,no_parent_edges_found
train,train_0305,Art. 41 OR,True,556,False,,1A.128/2001 18.01.2002 E. 3;1A.203/2004 16.03.2005 E. 4;1A.228/2004 03.08.2005 E. 9;1A.230/2006 05.06.2007 E. 3;1A.270/1999 19.05.2000 E. 2;1B_39/2012 10.05.2012 E. 3.1;1B_41/2011 24.03.2011 E. 2.1;1B_460/2022 E. 2.3.2;1B_80/2019 E. 3.3;1C_406/2008 05.02.2009 E. 1.2;1C_502/2015 E. 5.3.4;1C_908/2013 E. 2.3;1P.119/2000 09.10.2000 E. 2;1P.126/2005 27.04.2005 E. 3;1P.14/2000 31.01.2000 E. 1;1P.164/2002 25.06.2002 E. 1;1P.176/2005 28.06.2005 E. 4;1P.18/2007 30.07.2007 E. 3.3;1P.188/2005 14.07.2005 E. 3;1P.189/2003 15.12.2003 E. 1,has_parents_but_none_in_same_query_gold
train,train_0306,Art. 1 Abs. 1 LugÜ,False,0,False,,,no_parent_edges_found
train,train_0306,Art. 1 Abs. 2 LugÜ,False,0,False,,,no_parent_edges_found
train,train_0306,Art. 60 LugÜ,False,0,False,,,no_parent_edges_found
train,train_0306,Art. 23 LugÜ,False,0,False,,,no_parent_edges_found
train,train_0306,Art. 23 Abs. 5 LugÜ,False,0,False,,,no_parent_edges_found
train,train_0306,Art. 22 LugÜ,False,0,False,,,no_parent_edges_found
train,train_0306,Art. 2 LugÜ,False,0,False,,,no_parent_edges_found
train,train_0306,Art. 5 LugÜ,False,0,False,,,no_parent_edges_found
train,train_0307,Art. 236 ZPO,True,24,False,,4A_105/2016 E. 3.3;4A_169/2021 E. 6.3.2;4A_197/2022 E. 2.6;4A_249/2018 E. 2.5;4A_428/2020 E. 7.1;4A_525/2021 E. 5.3.1;4A_525/2021 E. 5.3.2;4A_611/2014 E. 1.3.3;4A_642/2014 E. 3.6.1;4A_642/2014 E. 3.6.2;4A_65/2014 E. 3.2;4A_70/2019 E. 2.3.2;4A_85/2018 E. 4;5A_120/2012 21.06.2012 E. 4;5A_156/2021 E. 4.4.3;5A_51/2013 E. 3.3;5A_808/2020 E. 2;BGE 140 III 450 E. 3.2;BGE 142 III 638 E. 3.3;BGE 146 III 55 E. 2.3.2,has_parents_but_none_in_same_query_gold
train,train_0308,Art. 357 OR,True,32,False,,4A_210/2018 E. 3.2.2;4A_233/2013 E. 1.3.2;4A_233/2013 E. 1.3.3;4A_233/2013 E. 3.3;4A_233/2013 E. 4.1.1;4A_233/2013 E. 4.1.3;4A_233/2013 E. 4.2;4A_296/2017 E. 1.4.3;4A_300/2007 06.05.2008 E. 1;4A_300/2007 06.05.2008 E. 3;4A_629/2011 06.06.2012 E. 4;4A_629/2011 06.06.2012 E. 5;4C.282/2000 23.11.2000 E. 2;4C.29/2006 21.03.2006 E. 3;4C.429/1999 06.03.2000 E. 1;4C.60/2007 28.06.2007 E. 4.2;4C.74/2003 02.10.2003 E. 2;4C_1/2008 09.03.2009 E. 2;9C_297/2010 23.09.2010 E. 4;9C_39/2024 E. 4.2,has_parents_but_none_in_same_query_gold
train,train_0310,Art. 60 VVG,True,9,False,,4A_155/2007 09.10.2007 E. B;4A_189/2024 E. 2.4.3;4A_189/2024 E. 2.4.4;4A_527/2008 11.03.2009 E. 1;4A_527/2008 11.03.2009 E. 4;4A_527/2008 11.03.2009 E. A;5C.12/2004 24.02.2004 E. 2;5C.12/2004 24.02.2004 E. 3;5C.181/2003 04.11.2003 E. 2,has_parents_but_none_in_same_query_gold
train,train_0311,Art. 237 StGB,True,44,False,,1B_267/2008 05.02.2009 E. 2;1B_267/2008 05.02.2009 E. 2.4;1B_387/2021 E. 4.2;6B_1059/2018 E. 2.2;6B_1220/2018 E. 2.2;6B_1220/2018 E. 2.4;6B_1220/2018 E. 2.5;6B_208/2021 29.03.2023 E. 5.1;6B_208/2021 29.03.2023 E. 5.2.1;6B_208/2021 29.03.2023 E. 5.2.2;6B_208/2021 29.03.2023 E. 5.2.3;6B_208/2021 29.03.2023 E. 5.2.4;6B_208/2021 29.03.2023 E. 5.2.5;6B_332/2019 E. 1.2;6B_332/2019 E. 2.1.2;6B_332/2019 E. 2.2.2;6B_332/2019 E. 2.2.3;6B_410/2015 E. 1.3.1;6B_427/2021 E. 2;6B_427/2021 E. 2.1.1,has_parents_but_none_in_same_query_gold
train,train_0312,Art. 684 ZGB,True,306,False,,1A.102/2003 07.10.2003 E. 4;1A.141/2006 27.09.2006 E. 8;1A.18/2001 29.10.2001 E. 5;1A.220/2002 10.02.2003 E. 3;1A.23/2005 04.07.2005 E. 5;1A.246/2003 31.03.2004 E. 1;1A.249/2003 31.03.2004 E. 3;1A.288/2003 06.02.2004 E. 1;1A.288/2003 06.02.2004 E. B;1A.92/2003 15.12.2003 E. C;1C_145/2008 03.07.2008 E. 3;1C_145/2016 E. 18;1C_158/2016 E. 4.2;1C_201/2015 E. 3.3.4;1C_231/2012 E. 3.1.3;1C_284/2009 08.06.2010 E. 6.1;1C_298/2010 19.10.2010 E. 2;1C_332/2019 E. 4.1.1;1C_340/2013 E. 3.5;1C_356/2013 E. 2.1.2,has_parents_but_none_in_same_query_gold
train,train_0313,Art. 335 ZGB,True,16,False,,2A.457/2001 04.03.2002 E. A;5A_30/2025 E. 3;5A_401/2010 11.08.2010 E. 3;5A_669/2022 E. 4.3;5A_669/2022 E. 4.3.1;5A_669/2022 E. 4.6.2;5A_817/2009 11.02.2010 E. 1;5A_817/2009 11.02.2010 E. 2;5C.9/2001 18.05.2001 E. 2;5C.9/2001 18.05.2001 E. 3;5F_3/2024 E. 4.2;7B_207/2024 E. 1.4;7B_870/2024 E. 2.4;8C_716/2008 05.12.2008 E. A;9C_637/2022 E. 4.2;BGE 127 III 337 E. 2c,has_parents_but_none_in_same_query_gold
train,train_0314,Art. 9 UWG,True,83,True,Art. 10 Abs. 1 UWG,1P.584/2006 22.12.2006 E. 9;2C_422/2018 E. 2.4;2C_422/2018 E. 3.2;4A_106/2009 01.10.2009 E. 11;4A_106/2009 01.10.2009 E. 5;4A_106/2009 01.10.2009 E. 6;4A_106/2009 01.10.2009 E. 9;4A_254/2007 29.01.2008 E. 2;4A_265/2021 E. 7;4A_267/2020 E. 11.1;4A_267/2020 E. 11.5.2;4A_267/2020 E. 5;4A_267/2020 E. 5.1.2;4A_281/2020 E. 2.1;4A_340/2022 E. 6;4A_340/2022 E. 6.1;4A_39/2011 08.08.2011 E. 9;4A_475/2021 E. 6.4;4A_509/2011 16.01.2012 E. 4;4A_509/2011 16.01.2012 E. 5,parent_in_same_query_gold
train,train_0314,Art. 23 UWG,True,97,False,,1A.153/2004 07.09.2004 E. 4;1A.199/2005 09.11.2005 E. 3;1A.261/2004 25.01.2005 E. 4;1A.3/2006 06.02.2006 E. 5;1B_219/2016 E. A;1B_231/2013 E. 6.5;1B_235/2011 24.05.2011 E. 4;1B_235/2011 24.05.2011 E. C;1B_310/2012 22.08.2012 E. A;1B_677/2012 18.02.2013 E. A;1P.471/2004 04.01.2005 E. 2;1P.584/2006 22.12.2006 E. 9;1P.635/2005 07.02.2006 E. C;1P.757/2000 15.02.2001 E. A;4A_106/2009 01.10.2009 E. 6;4A_417/2009 26.03.2010 E. 3;4A_491/2022 E. 5.3;4A_507/2010 02.12.2010 E. 3;6B_1019/2017 E. 3.4;6B_106/2018 E. 2.4.1,has_parents_but_none_in_same_query_gold
train,train_0316,Art. 18a EBG,True,11,False,,1A.108/2006 07.11.2006 E. 2;1A.205/2000 25.04.2001 E. 1;1A.205/2000 25.04.2001 E. 3;1A.270/2004 27.04.2005 E. 4.1;BGE 121 II 378 E. 9b;BGE 121 II 8 E. 1;BGE 127 II 227 E. 1a;BGE 127 II 227 E. 3;BGE 127 II 227 E. 3b;BGE 131 II 420 E. 4.2;BGE 133 II 30 E. 2.1,has_parents_but_none_in_same_query_gold
train,train_0316,Art. 18k EBG,True,1,False,,1E.7/2004 13.07.2004 E. 4,has_parents_but_none_in_same_query_gold
train,train_0317,Art. 177 StGB,True,106,False,,1B_219/2016 E. A;1B_252/2018 E. A;1B_254/2018 E. A;1B_263/2015 E. A;1B_373/2016 E. 2.6;1B_380/2015 E. A;1B_383/2019 E. 2.3.2;1B_385/2013 E. A;1B_56/2009 25.05.2009 E. A;1B_66/2013 E. A;1C_325/2013 E. 3;1C_325/2013 E. A;1C_34/2020 E. 3.2;1C_52/2020 E. A;1C_524/2013 E. 3.2;1C_524/2013 E. 3.4;1C_524/2013 E. A;1P.156/2004 28.06.2004 E. 2;1P.312/2002 13.09.2002 E. A;1P.39/2003 11.03.2003 E. C,has_parents_but_none_in_same_query_gold
train,train_0317,Art. 332 StGB,True,1,False,,6S.455/2003 26.02.2004 E. 3,has_parents_but_none_in_same_query_gold
train,train_0317,Art. 123 StGB,True,135,False,,1B_1/2020 E. 5.2;1B_102/2012 24.05.2012 E. 2.5;1B_12/2013 01.02.2013 E. 4;1B_123/2011 11.07.2011 E. 2;1B_174/2013 27.05.2013 E. 3;1B_236/2014 E. 4.1;1B_288/2019 E. 4.3;1B_400/2019 E. 2.1;1B_412/2021 E. 3.3.2;1B_422/2017 E. 3.3;1B_435/2011 13.09.2011 E. 3;1B_579/2011 01.11.2011 E. 3;1B_606/2011 16.11.2011 E. 2;1B_69/2008 26.03.2008 E. 1;1B_77/2014 E. 2.1;1B_8/2011 20.01.2011 E. 2.5;1B_82/2014 E. 3.2;1B_96/2008 06.05.2008 E. 3;1C_104/2022 E. A;1C_382/2012 10.10.2012 E. 2,has_parents_but_none_in_same_query_gold
train,train_0317,Art. 42 StGB,True,280,False,,1B_102/2012 24.05.2012 E. 2.5;1B_12/2007 26.02.2007 E. 3;1B_192/2018 E. 2.3;1B_21/2007 06.03.2007 E. 3;1B_353/2013 E. 5.2.1;1B_51/2007 24.04.2007 E. 4;1B_68/2012 03.07.2012 E. 3;1C_322/2010 06.10.2010 E. 2;1P.527/2004 26.01.2005 E. A;1P.599/2002 27.05.2003 E. B;2C_578/2009 23.02.2010 E. 2;2C_685/2014 E. 4.4.1;2C_685/2014 E. 4.4.2;6A.2/2004 21.07.2004 E. 3;6A.26/2006 20.12.2006 E. 1;6A.26/2006 20.12.2006 E. A;6A.50/2004 11.01.2005 E. A;6A.57/2003 21.11.2003 E. 3;6A.59/2003 08.12.2003 E. A;6A.63/2001 06.08.2001 E. 1,has_parents_but_none_in_same_query_gold
train,train_0318,Art. 72 BV,True,5,False,,1C_527/2009 14.12.2009 E. 1;2P.118/2002 29.11.2002 E. 4;4A_41/2023 E. 2.2;BGE 129 I 91 E. 4.2;BGE 149 III 338 E. 2.2,has_parents_but_none_in_same_query_gold
train,train_0320,Art. 458 ZGB,True,7,False,,5A_238/2023 E. 4.1;5A_508/2015 E. 4.2;5A_967/2015 E. 6.2.1;9C_113/2025 E. 3.2.3;9C_113/2025 E. 3.3.5;9C_536/2022 E. 7.2.1;BGE 150 III 160 E. 4.1,has_parents_but_none_in_same_query_gold
train,train_0320,Art. 495 ZGB,True,12,False,,2C_242/2014 E. 2.2.1;5A_456/2024 E. 4.4.5;5A_68/2012 16.05.2012 E. 4;5A_757/2016 E. 3.3.2;5A_84/2017 E. 2.1;5A_84/2017 E. 2.2;5A_84/2017 E. 3.4;5A_84/2017 E. A;5C.91/2000 25.05.2000 E. 2;5C.91/2000 25.05.2000 E. 3;9C_195/2023 E. 3.1;BGE 138 III 497 E. 4.2,has_parents_but_none_in_same_query_gold
train,train_0320,Art. 492 ZGB,True,1,False,,5C.53/2006 12.04.2007 E. 5,has_parents_but_none_in_same_query_gold
train,train_0320,Art. 482 ZGB,True,7,False,,1P.453/2002 12.02.2003 E. 1;2C_586/2015 E. 3.3.2;5A_1034/2021 E. 6.2.2;5A_106/2014 E. 7.1;5A_90/2022 E. 2;5A_90/2022 E. 2.1;BGE 129 I 173 E. 1.1,has_parents_but_none_in_same_query_gold
train,train_0320,Art. 27 ZGB,True,110,False,,2C_160/2023 21.01.2025 E. 8;2C_160/2023 21.01.2025 E. 8.1;2C_160/2023 21.01.2025 E. 8.6;2C_237/2014 E. 4.1;2C_237/2014 E. 4.2;2C_237/2014 E. 5.8;2C_529/2022 E. 4.7;2P.103/2000 30.10.2000 E. 5;2P.295/2004 06.06.2005 E. 2;2P.303/2004 06.06.2005 E. 3;2P.4/2004 10.12.2004 E. 4.5;2P.4/2004 10.12.2004 E. 4.6;4A_148/2011 08.09.2011 E. 4;4A_16/2012 02.05.2012 E. 2;4A_189/2012 02.10.2012 E. 3;4A_211/2008 03.07.2008 E. 4;4A_263/2019 E. 6.1;4A_293/2015 10.12.2015 E. 6.3;4A_320/2009 02.06.2010 E. 4;4A_340/2011 13.09.2011 E. 4,has_parents_but_none_in_same_query_gold
train,train_0320,Art. 322 ZGB,True,3,False,,4C.58/2000 22.05.2000 E. 3;5A_322/2019 E. 2.1;5A_322/2019 E. 2.3.3,has_parents_but_none_in_same_query_gold
train,train_0320,Art. 325 ZGB,True,18,False,,5A_169/2007 21.06.2007 E. 2;5A_494/2013 E. 4.3;5A_494/2013 E. A;5A_494/2013 E. B;5A_599/2017 E. 1;5A_621/2018 E. 3.2;5A_749/2017 E. 1;5A_750/2020 06.05.2021 E. 4.3;5A_759/2024 E. A;5A_759/2024 E. B;5A_798/2018 E. 1;5A_957/2018 E. 1;5P.165/2006 21.07.2006 E. 5;5P.57/2006 30.05.2006 E. 1;8C_126/2024 E. 3.2;8C_126/2024 E. 5.2.4;8C_126/2024 E. A;Art. 449c Abs. 1 ZGB,has_parents_but_none_in_same_query_gold
train,train_0320,Art. 335 ZGB,True,16,False,,2A.457/2001 04.03.2002 E. A;5A_30/2025 E. 3;5A_401/2010 11.08.2010 E. 3;5A_669/2022 E. 4.3;5A_669/2022 E. 4.3.1;5A_669/2022 E. 4.6.2;5A_817/2009 11.02.2010 E. 1;5A_817/2009 11.02.2010 E. 2;5C.9/2001 18.05.2001 E. 2;5C.9/2001 18.05.2001 E. 3;5F_3/2024 E. 4.2;7B_207/2024 E. 1.4;7B_870/2024 E. 2.4;8C_716/2008 05.12.2008 E. A;9C_637/2022 E. 4.2;BGE 127 III 337 E. 2c,has_parents_but_none_in_same_query_gold
train,train_0320,Art. 154 IPRG,True,13,False,,2A.111/2004 15.07.2004 E. 6;2C_894/2013 E. 3.1;4A_329/2013 E. 3;4C.157/2003 02.11.2004 E. 2;4C.245/2001 23.11.2001 E. 2;4C.32/2001 07.05.2001 E. 3;4C.94/2005 14.09.2005 E. 2;5A_207/2024 E. 5.1.1;5A_89/2024 E. 4.1;5A_89/2024 E. 4.2;5A_963/2014 E. 5.2;5A_963/2014 E. 5.4.1;BGE 141 III 513 E. 5.4.1,has_parents_but_none_in_same_query_gold
train,train_0320,Art. 488 ZGB,True,7,False,,2C_242/2014 E. 2.2.2;2C_242/2014 E. 2.2.8;5A_377/2016 E. 3.4.2;5A_894/2013 E. 2;5C.53/2006 12.04.2007 E. 5;5C.54/2006 12.04.2007 E. 3;5C.9/2001 18.05.2001 E. 3,has_parents_but_none_in_same_query_gold
train,train_0320,Art. 493 ZGB,True,2,False,,2C_385/2020 E. 5.3.2;5A.29/2005 16.12.2005 E. 3,has_parents_but_none_in_same_query_gold
train,train_0321,Art. 21 Abs. 3 UEG,False,0,False,,,no_parent_edges_found
train,train_0323,Art. 335 ZGB,True,16,False,,2A.457/2001 04.03.2002 E. A;5A_30/2025 E. 3;5A_401/2010 11.08.2010 E. 3;5A_669/2022 E. 4.3;5A_669/2022 E. 4.3.1;5A_669/2022 E. 4.6.2;5A_817/2009 11.02.2010 E. 1;5A_817/2009 11.02.2010 E. 2;5C.9/2001 18.05.2001 E. 2;5C.9/2001 18.05.2001 E. 3;5F_3/2024 E. 4.2;7B_207/2024 E. 1.4;7B_870/2024 E. 2.4;8C_716/2008 05.12.2008 E. A;9C_637/2022 E. 4.2;BGE 127 III 337 E. 2c,has_parents_but_none_in_same_query_gold
train,train_0324,Art. 27 AIG,True,8,True,Art. 34 Abs. 5 AIG,2C_281/2024 E. 3.3;2C_5/2022 E. 2;2C_645/2021 E. 1;2C_948/2019 E. 2.2;2D_27/2024 E. 1.1;2D_6/2021 E. 2.2;2D_6/2021 E. 2.3;Art. 34 Abs. 5 AIG,parent_in_same_query_gold
train,train_0324,Art. 58a AIG,True,201,False,,1C_337/2019 E. 5.4;2C_100/2025 E. 4.2;2C_1018/2021 E. 8.2;2C_1024/2019 E. 4.1;2C_1040/2022 E. 2.1;2C_1040/2022 E. 2.3;2C_1043/2022 E. 4.1.1;2C_1043/2022 E. 4.1.2;2C_1046/2021 E. 4.1;2C_1056/2021 E. 4.3;2C_1056/2021 E. 4.3.2;2C_1057/2022 E. 1.3;2C_106/2023 E. 3.1;2C_1083/2019 E. 2.3;2C_115/2022 E. 5;2C_116/2024 E. 3.1;2C_12/2025 E. 6.2.1;2C_125/2021 E. 3;2C_133/2019 E. 4.1;2C_14/2024 E. 4.1,has_parents_but_none_in_same_query_gold
train,train_0324,Art. 62 Abs. 3 AIG,True,1,False,,2C_352/2023 E. 4.4,has_parents_but_none_in_same_query_gold
train,train_0325,Art. 66d StGB,True,94,False,,2C_136/2023 12.06.2023 E. 4.1;6B_1024/2019 E. 1.2.4;6B_1024/2019 E. 1.3.5;6B_1042/2021 E. 5.1;6B_1042/2021 E. 5.2;6B_1042/2021 E. 5.3.3;6B_1050/2020 E. 6;6B_1069/2023 E. 2.2.7;6B_1102/2020 E. 3.4.4;6B_1102/2020 E. 3.4.6;6B_1114/2022 E. 5.1.3;6B_1130/2021 E. 5.3;6B_1164/2023 E. 7.4.2;6B_1194/2020 E. 3.3;6B_1218/2023 E. 5.3.4;6B_1223/2022 E. 1.2.1;6B_1223/2022 E. 1.4;6B_1264/2021 E. 1.3.5;6B_1270/2020 E. 9.4;6B_1297/2023 E. 5.6.1,has_parents_but_none_in_same_query_gold
train,train_0326,Art. 97 OR,True,141,False,,1C_26/2008 18.06.2008 E. 2;2C_390/2016 06.11.2017 E. 5.3.1;2C_476/2025 E. 2.7;2C_574/2021 E. 4.3.1;4A_141/2022 E. 2;4A_148/2021 E. 4.4;4A_16/2012 02.05.2012 E. 4;4A_163/2021 E. 5;4A_187/2021 E. 3.1.1;4A_189/2012 02.10.2012 E. 5;4A_2/2020 E. 3.1;4A_2/2020 E. 3.4.5;4A_202/2019 E. 4.3;4A_216/2016 E. 3;4A_216/2016 E. 3.2;4A_217/2018 E. 4.4;4A_218/2021 E. 3.1.1;4A_232/2019 E. 3.4.2;4A_234/2014 E. 3.2;4A_237/2023 E. 5.4.2,has_parents_but_none_in_same_query_gold
train,train_0326,Art. 41 OR,True,556,False,,1A.128/2001 18.01.2002 E. 3;1A.203/2004 16.03.2005 E. 4;1A.228/2004 03.08.2005 E. 9;1A.230/2006 05.06.2007 E. 3;1A.270/1999 19.05.2000 E. 2;1B_39/2012 10.05.2012 E. 3.1;1B_41/2011 24.03.2011 E. 2.1;1B_460/2022 E. 2.3.2;1B_80/2019 E. 3.3;1C_406/2008 05.02.2009 E. 1.2;1C_502/2015 E. 5.3.4;1C_908/2013 E. 2.3;1P.119/2000 09.10.2000 E. 2;1P.126/2005 27.04.2005 E. 3;1P.14/2000 31.01.2000 E. 1;1P.164/2002 25.06.2002 E. 1;1P.176/2005 28.06.2005 E. 4;1P.18/2007 30.07.2007 E. 3.3;1P.188/2005 14.07.2005 E. 3;1P.189/2003 15.12.2003 E. 1,has_parents_but_none_in_same_query_gold
train,train_0326,Art. 423 OR,True,75,False,,2C_422/2018 E. 2.3;2C_422/2018 E. 2.4;2C_422/2018 E. 2.5;2C_422/2018 E. 3.1;2C_422/2018 E. 3.2;2C_949/2010 18.05.2011 E. 6;4A_145/2024 E. 1.2;4A_145/2024 E. 2.5;4A_145/2024 E. 2.6;4A_145/2024 E. 3;4A_145/2024 E. 4.1;4A_222/2020 E. 2.2;4A_258/2012 08.04.2013 E. 8;4A_274/2025 E. 3.3;4A_274/2025 E. 3.5;4A_274/2025 E. 3.6;4A_274/2025 E. 3.7;4A_305/2007 03.03.2008 E. 1;4A_305/2007 03.03.2008 E. 2;4A_305/2007 03.03.2008 E. 4,has_parents_but_none_in_same_query_gold
train,train_0327,Art. 34 Abs. 3 RPV,True,54,False,,1A.184/2006 15.02.2007 E. 3;1A.19/2001 22.08.2001 E. 3;1A.193/2001 06.05.2002 E. 4;1A.78/2006 01.12.2006 E. 2;1C_127/2009 02.09.2009 E. 2;1C_127/2009 02.09.2009 E. 4;1C_145/2019 E. 2.1;1C_227/2014 E. 2;1C_227/2014 E. 3.1;1C_227/2014 E. 4.5;1C_227/2014 E. 5.4;1C_233/2017 E. 6.2;1C_238/2021 E. 10.6;1C_240/2020 E. 2.1;1C_258/2018 E. 4.2;1C_258/2018 E. 5.2;1C_258/2018 E. 5.4;1C_262/2018 E. 3.1;1C_262/2018 E. 3.2;1C_262/2018 E. 3.6,has_parents_but_none_in_same_query_gold
train,train_0328,Art. 190 StGB,True,183,False,,1A.55/2000 30.06.2000 E. 3;1B_106/2014 E. 2.1;1B_194/2015 E. 3;1B_288/2022 E. 2;1B_578/2012 18.10.2012 E. 3;1B_642/2021 E. 4.2;1C_418/2012 07.01.2013 E. 2;1C_493/2020 E. 3.1;1P.228/2005 20.04.2005 E. 3;1P.288/2000 08.08.2000 E. A;1P.408/2003 30.10.2003 E. 5;1P.42/2000 15.02.2000 E. A;1P.567/2003 13.10.2003 E. 2;2C_1067/2019 E. 2.3.2;2C_114/2019 E. 5.1.2;6B_1027/2021 E. 2.3;6B_1037/2021 E. 3.3;6B_1037/2021 E. 6.2.1;6B_1037/2021 E. 6.3.1;6B_1050/2023 E. 3.3.2,has_parents_but_none_in_same_query_gold
train,train_0333,Art. 321c OR,True,58,False,,1P.190/2000 05.07.2000 E. 4;1P.190/2000 05.07.2000 E. B;4A_11/2016 E. 5;4A_207/2017 E. 2.1;4A_259/2010 02.09.2010 E. 2;4A_338/2011 14.12.2011 E. 2;4A_338/2011 14.12.2011 E. C;4A_38/2020 E. 4.1;4A_38/2020 E. 4.2;4A_42/2011 15.07.2011 E. 5;4C.110/2000 09.10.2000 E. 1;4C.110/2000 09.10.2000 E. 2;4C.110/2000 09.10.2000 E. 5;4C.133/2000 08.09.2000 E. 1;4C.133/2000 08.09.2000 E. 2;4C.133/2000 08.09.2000 E. 3;4C.142/2005 15.06.2006 E. 5;4C.219/2004 25.10.2004 E. 1;4C.219/2004 25.10.2004 E. 3;4C.237/2004 01.10.2004 E. 3,has_parents_but_none_in_same_query_gold
train,train_0333,Art. 12 ArG,True,7,False,,4A_258/2010 23.08.2010 E. 1;4A_259/2010 02.09.2010 E. 2;4A_285/2019 E. 6.2.2;4A_38/2020 E. 4.4.1;4C.337/2001 01.03.2002 E. 2;BGE 136 III 539 E. 2.3;C 219/00 20.08.2002 E. 2,has_parents_but_none_in_same_query_gold
train,train_0334,Art. 37m BankG,False,0,False,,,no_parent_edges_found
train,train_0338,Art. 3 AsylG,True,32,False,,1A.267/2005 14.12.2005 E. 3;1C_195/2012 15.10.2012 E. 7;1C_218/2014 E. 3.1;1C_314/2014 E. 6.1;1C_314/2014 E. 6.2;1C_354/2017 E. 3.1;1C_390/2012 E. 2;2A.280/1999 09.08.2000 E. 3;2A.548/2003 26.11.2003 E. 2;2C_214/2013 E. 3.2;2C_278/2021 E. 2.3;2C_315/2018 E. 2.2.3;2C_588/2019 E. 5.1;2C_766/2019 E. 7.1;5A_824/2014 E. 2;6B_1471/2021 E. 3.3.3;6B_2/2008 13.10.2008 E. 3;6B_2/2023 E. 1.4.3;6S.353/2005 08.12.2005 E. 3.4;8C_1031/2009 22.12.2010 E. 2,has_parents_but_none_in_same_query_gold
train,train_0339,Art. 1 OR,True,203,False,,1C_402/2008 25.05.2009 E. 5;1C_613/2015 10.08.2016 E. 3.3;1P.299/2005 14.12.2005 E. 1;2C_109/2017 E. 3.1;2C_539/2023 E. 5.3.3;2C_689/2022 E. 6.4;2C_734/2016 20.10.2016 E. 4.4.3;2C_734/2016 20.10.2016 E. 4.5.5;2C_828/2013 E. 5.4;2C_828/2013 E. 5.5.4;2C_857/2014 E. 5.4;4A_109/2008 16.04.2008 E. 4;4A_115/2020 E. 5.4;4A_125/2017 E. 4.2;4A_126/2021 E. 3.4;4A_127/2013 E. 6;4A_131/2017 E. 4.1;4A_131/2024 E. 3;4A_131/2024 E. 3.3.2;4A_152/2009 29.06.2009 E. 4,has_parents_but_none_in_same_query_gold
train,train_0339,Art. 31 OR,True,85,False,,1P.303/2004 23.09.2004 E. 3;2A.650/2006 30.05.2007 E. 2;4A_106/2012 25.06.2012 E. 2;4A_112/2013 E. 3;4A_166/2021 E. 4.3.2;4A_203/2017 E. 1;4A_297/2019 E. 5.3;4A_306/2018 E. 5.3.2;4A_340/2011 13.09.2011 E. 3;4A_343/2009 05.01.2010 E. A;4A_35/2020 E. B;4A_393/2018 E. 2.4.4;4A_398/2018 25.02.2019 E. 4.1;4A_398/2018 25.02.2019 E. 5.3;4A_464/2019 E. 3.2;4A_507/2023 E. 6.1;4A_524/2012 18.04.2013 E. 4;4A_533/2013 E. 5;4A_56/2008 08.10.2009 E. 8;4A_562/2010 03.05.2011 E. 4,has_parents_but_none_in_same_query_gold
train,train_0339,Art. 20 OR,True,200,False,,2A.230/1999 02.02.2000 E. 5.-;2A.399/2002 31.03.2003 E. 3;2A.425/2000 20.07.2001 E. 2;2C_1069/2015 E. 3.2;2C_1069/2015 E. 3.3;2C_12/2016 16.08.2016 E. 2.2.2;2C_16/2008 16.05.2008 E. 5;2C_17/2008 16.05.2008 E. 6;2C_390/2016 06.11.2017 E. 5.3.3;2C_529/2022 E. 4.6;2C_71/2010 22.09.2010 E. 1;2D_14/2024 E. 6.2.1;2D_14/2024 E. 6.2.2;4A_101/2011 06.09.2011 E. 2;4A_106/2012 25.06.2012 E. 1;4A_109/2018 E. 3;4A_131/2017 E. 4.1;4A_133/2012 28.06.2012 E. 2;4A_155/2015 E. 3;4A_155/2015 E. 3.3,has_parents_but_none_in_same_query_gold
train,train_0339,Art. 158 StGB,True,250,False,,1A.101/2000 18.07.2000 E. 4;1A.105/2000 18.07.2000 E. 4;1A.109/2000 18.07.2000 E. 3;1A.110/2000 18.07.2000 E. 5;1A.125/2006 10.08.2006 E. 2;1A.153/2004 07.09.2004 E. 4;1A.153/2004 07.09.2004 E. A;1A.153/2004 07.09.2004 E. B;1A.161/2005 12.07.2005 E. 2;1A.175/2004 25.11.2004 E. 2;1A.178/2006 19.01.2007 E. 2;1A.188/2005 24.10.2005 E. 2;1A.194/2005 18.08.2005 E. 3;1A.197/2000 21.07.2000 E. 2;1A.197/2000 21.07.2000 E. I;1A.199/2004 07.01.2005 E. 7;1A.24/2004 11.08.2004 E. 7;1A.247/1999 24.01.2000 E. 3;1A.257/2003 28.01.2004 E. 6;1A.268/2005 17.11.2005 E. 5,has_parents_but_none_in_same_query_gold
train,train_0339,Art. 26 OR,True,33,False,,1A.64/2005 25.05.2005 E. 3;4A_106/2020 E. 5.3;4A_192/2016 E. 6.2;4A_29/2022 E. 2.1;4A_29/2022 E. 2.5;4A_29/2022 E. 2.6.2;4A_343/2009 05.01.2010 E. 3;4A_398/2018 25.02.2019 E. 4.2;4A_461/2016 E. 3.4;4A_461/2016 E. 4.2;4A_461/2016 E. 4.3.1;4A_525/2009 15.03.2010 E. 3;4A_533/2013 E. 4.4;4A_87/2018 E. 5.4;4A_92/2021 E. 3.1;4A_97/2016 E. 2.5;4C.12/2002 14.05.2002 E. 4;4C.248/2006 03.10.2006 E. 2;4C.250/2006 03.10.2006 E. 2;4C.352/2002 21.02.2003 E. 6,has_parents_but_none_in_same_query_gold
train,train_0339,Art. 28 OR,True,147,False,,1B_41/2011 24.03.2011 E. 2.2;1C_19/2010 17.09.2010 E. 3;1P.126/2005 27.04.2005 E. 3;1P.126/2005 27.04.2005 E. 4;1P.126/2005 27.04.2005 E. 8;1P.126/2005 27.04.2005 E. D;1P.36/2002 29.04.2002 E. 1;1P.385/2006 17.11.2006 E. 5;1P.584/2006 22.12.2006 E. A;2A.621/2005 30.01.2006 E. 1;2A.621/2005 30.01.2006 E. 4;2C_122/2018 E. 4.1;2C_20/2021 19.11.2021 E. 1.4.2;2C_465/2012 29.10.2012 E. 2;2C_978/2012 04.05.2013 E. 5.2.2;4A_106/2008 15.05.2008 E. 6;4A_106/2020 E. 2.3.5;4A_106/2020 E. B;4A_112/2013 E. 3;4A_112/2013 E. 3.5,has_parents_but_none_in_same_query_gold
train,train_0341,Art. 3 AsylG,True,32,True,Art. 54 AsylG,1A.267/2005 14.12.2005 E. 3;1C_195/2012 15.10.2012 E. 7;1C_218/2014 E. 3.1;1C_314/2014 E. 6.1;1C_314/2014 E. 6.2;1C_354/2017 E. 3.1;1C_390/2012 E. 2;2A.280/1999 09.08.2000 E. 3;2A.548/2003 26.11.2003 E. 2;2C_214/2013 E. 3.2;2C_278/2021 E. 2.3;2C_315/2018 E. 2.2.3;2C_588/2019 E. 5.1;2C_766/2019 E. 7.1;5A_824/2014 E. 2;6B_1471/2021 E. 3.3.3;6B_2/2008 13.10.2008 E. 3;6B_2/2023 E. 1.4.3;6S.353/2005 08.12.2005 E. 3.4;8C_1031/2009 22.12.2010 E. 2,parent_in_same_query_gold
train,train_0343,Art. 47 StGB,True,529,False,,1B_199/2018 E. 5.2;1B_199/2020 E. 3.2;1B_322/2017 E. 2.2;1B_366/2010 22.11.2010 E. 5;1B_44/2009 16.03.2009 E. 5;1B_588/2011 23.02.2012 E. 8;1C_282/2011 27.09.2011 E. 2;1C_294/2011 25.10.2011 E. A;1C_4/2012 19.04.2012 E. 7;1C_61/2015 E. 2.4;2C_1157/2016 02.11.2017 E. 6.2;2C_188/2009 07.07.2009 E. 2;2C_298/2020 E. 11.1;2C_676/2010 15.04.2011 E. 3;2C_851/2011 15.08.2012 E. 3;2C_881/2019 E. 2.3;2D_49/2011 25.09.2012 E. 5.2;6B_1005/2017 E. 4.2.3;6B_1008/2010 08.09.2011 E. 5;6B_1021/2017 E. 2.1,has_parents_but_none_in_same_query_gold
train,train_0344,Art. 182 BV,True,13,False,,2A.63/2006 10.08.2006 E. 2;2C_345/2015 E. 5.3;2C_681/2015 20.07.2016 E. 5.2.7;2C_681/2023 E. 4.9.1;6B_147/2007 09.07.2007 E. 3;6B_375/2007 15.11.2007 E. 1;6B_435/2008 06.11.2008 E. 3;9C_519/2019 E. 3.3.2;BGE 133 IV 222 E. 3.1;BGE 133 V 105 E. 4.2;BGE 141 II 169 E. 3.5;BGE 142 II 451 E. 5.2.7.1;H 162/05 28.12.2006 E. 4,has_parents_but_none_in_same_query_gold
train,train_0346,Art. 37h BankG,True,4,False,,Art. 13 BIV-FINMA;Art. 15 Abs. 2 BIV-FINMA;Art. 18 Abs. 1 LiqV;Art. 20 Abs. 2 InsV-FINMA,has_parents_but_none_in_same_query_gold
train,train_0347,Art. 8 StGB,True,30,False,,1C_398/2024 E. 6.3;6B_1029/2021 E. 1.2.2;6B_1029/2021 E. 1.2.3;6B_1227/2021 E. 1.3;6B_123/2014 E. 2.3;6B_1233/2017 E. 1.3;6B_127/2013 E. 3.1;6B_127/2013 E. 4.2.1;6B_1390/2020 E. 2.2.2;6B_230/2011 11.08.2011 E. 10.3;6B_45/2021 E. 3.1;6B_508/2014 E. 4.1;6B_518/2014 E. 10.7.1;6B_587/2019 27.05.2020 E. 2.2;6B_587/2019 27.05.2020 E. 2.4;6B_653/2022 E. 1.2;6B_653/2022 E. 4;6B_653/2022 E. 5.1;6B_74/2011 13.09.2011 E. 2;6B_86/2009 29.10.2009 E. 2,has_parents_but_none_in_same_query_gold
train,train_0348,Art. 183 StGB,True,94,False,,1B_108/2015 E. 4;1B_12/2017 E. 2.3;1B_219/2010 20.07.2010 E. 4;1B_228/2008 02.09.2008 E. 3;1B_237/2017 E. 3.2;1B_399/2013 29.11.2013 E. 4.3;1B_46/2011 01.06.2011 E. 2;1B_465/2012 06.09.2012 E. 3;1B_514/2021 E. A;1C_137/2014 E. 2;1C_323/2016 E. 5.1;1C_355/2018 E. 4.1;1C_355/2018 E. 4.8;1C_479/2015 E. 3.2.1;1C_632/2013 E. A;1C_661/2013 E. 4;1C_746/2021 E. 2.2;1C_91/2007 23.10.2007 E. 2;1C_91/2007 23.10.2007 E. 2.3;1C_91/2007 23.10.2007 E. F,has_parents_but_none_in_same_query_gold
train,train_0348,Art. 184 StGB,True,33,False,,1B_108/2015 E. 3;1B_12/2017 E. 2.3;1B_32/2017 E. 3.2;1B_379/2009 19.01.2010 E. 4;1B_379/2009 19.01.2010 E. A;1B_385/2009 20.01.2010 E. 4;1B_385/2009 20.01.2010 E. A;1B_399/2013 29.11.2013 E. 4.3;1B_465/2012 06.09.2012 E. 3;6B_1078/2020 26.10.2022 E. 4.3.1;6B_1078/2020 26.10.2022 E. B;6B_123/2014 E. 4.4.1;6B_123/2014 E. 4.5.4;6B_375/2013 E. 4.3.1;6B_375/2013 E. 7.3.3;6B_454/2012 05.02.2013 E. 4;6B_454/2012 05.02.2013 E. 4.4;6B_602/2008 19.11.2008 E. 1;6B_602/2008 19.11.2008 E. A;6B_685/2007 05.03.2008 E. 4,has_parents_but_none_in_same_query_gold
train,train_0350,Art. 2 URG,True,36,False,,4A_104/2008 08.05.2008 E. 3;4A_104/2008 08.05.2008 E. 4;4A_115/2017 E. 2.6.1;4A_115/2017 E. C;4A_115/2020 E. 3.1;4A_115/2020 E. 5.2;4A_295/2014 E. 3.6.3;4A_404/2007 13.02.2008 E. 2;4A_472/2021 17.06.2022 E. 5.2;4A_472/2021 17.06.2022 E. 5.3;4A_472/2021 17.06.2022 E. 6.1.2;4A_491/2022 E. 6.2.1;4A_522/2010 25.11.2010 E. 9;4A_78/2011 02.05.2011 E. 2;4C.111/2002 19.04.2004 E. 2;4C.117/2003 05.09.2003 E. 3;4C.117/2003 05.09.2003 E. 4;4C.117/2003 05.09.2003 E. 5;4C.117/2003 05.09.2003 E. 9;4C.120/2002 19.08.2002 E. 2,has_parents_but_none_in_same_query_gold
train,train_0350,Art. 3 URG,True,2,False,,4C.121/2003 14.07.2003 E. 3;BGE 121 III 118 E. 2,has_parents_but_none_in_same_query_gold
train,train_0350,Art. 11 URG,True,9,False,,4A_423/2011 26.09.2011 E. 5;4C.393/2004 22.06.2005 E. 1;4C.393/2004 22.06.2005 E. 4;Art. 18 URG;Art. 24b Abs. 2 URG;BGE 131 III 480 E. 1.4;BGE 131 III 480 E. 4;BGE 131 III 480 E. 4.1;BGE 131 III 480 E. 4.2,has_parents_but_none_in_same_query_gold
train,train_0350,Art. 15 URG,False,0,False,,,no_parent_edges_found
train,train_0351,Art. 22 JStG,True,4,False,,1B_233/2013 E. 1;6B_402/2022 E. 4.2.2;6B_593/2019 E. 3.3;Art. 21 Abs. 1 JStG,has_parents_but_none_in_same_query_gold
train,train_0351,Art. 23 JStG,True,6,False,,1B_233/2013 E. 1;6B_402/2022 E. 4.2.2;6B_593/2019 E. 3.3;6B_677/2008 23.02.2009 E. A;6B_741/2013 E. B;Art. 12f Abs. 1 V-StGB-MStG-JStG,has_parents_but_none_in_same_query_gold
train,train_0351,Art. 24 JStG,True,2,False,,6B_402/2022 E. 4.2.2;6B_593/2019 E. 3.3,has_parents_but_none_in_same_query_gold
train,train_0351,Art. 25 JStG,True,9,False,,6B_538/2008 07.01.2009 E. 2;6B_538/2008 07.01.2009 E. 3;6B_641/2012 06.02.2013 E. 1;Art. 12f Abs. 1 V-StGB-MStG-JStG;Art. 16 Abs. 2 363;Art. 19 StReG;Art. 30 Abs. 2 StReG;Art. 38 Abs. 3 StReG;BGE 135 IV 87 E. 3.1,has_parents_but_none_in_same_query_gold
train,train_0352,Art. 969 ZGB,True,8,False,,5A.22/2000 29.03.2001 E. 2;5A_194/2013 E. 4.3;5A_222/2015 E. 2.2;5A_250/2018 E. 4;5A_611/2024 E. A;5A_707/2007 08.02.2008 E. 5;Art. 38 GBV;BGE 127 III 195 E. 2b,has_parents_but_none_in_same_query_gold
train,train_0352,Art. 976a ZGB,True,2,False,,5A_726/2021 E. 3.2;Art. 69 Abs. 4 GBV,has_parents_but_none_in_same_query_gold
train,train_0355,Art. 8 BV,True,2034,False,,12T_5/2017 E. 2;1A.1/2007 18.04.2007 E. 3;1A.130/2005 11.10.2005 E. B;1A.153/2004 07.09.2004 E. C;1A.159/2005 20.02.2006 E. 3.2;1A.162/2002 10.12.2002 E. 3;1A.166/2005 14.07.2005 E. 4;1A.187/2001 19.04.2002 E. 2;1A.193/2006 04.06.2007 E. 7;1A.198/2001 27.08.2002 E. 1;1A.214/2002 12.09.2003 E. 7;1A.214/2002 12.09.2003 E. 7.2;1A.225/2002 27.05.2003 E. D;1A.247/2005 25.10.2005 E. 8;1A.283/2004 05.08.2005 E. 3;1A.301/2000 28.05.2001 E. 3;1A.37/2004 13.07.2004 E. 5;1A.61/2006 11.12.2006 E. 8;1A.8/2004 17.12.2004 E. 4;1A.91/2003 06.06.2003 E. 1,has_parents_but_none_in_same_query_gold
train,train_0357,Art. 123 StGB,True,135,False,,1B_1/2020 E. 5.2;1B_102/2012 24.05.2012 E. 2.5;1B_12/2013 01.02.2013 E. 4;1B_123/2011 11.07.2011 E. 2;1B_174/2013 27.05.2013 E. 3;1B_236/2014 E. 4.1;1B_288/2019 E. 4.3;1B_400/2019 E. 2.1;1B_412/2021 E. 3.3.2;1B_422/2017 E. 3.3;1B_435/2011 13.09.2011 E. 3;1B_579/2011 01.11.2011 E. 3;1B_606/2011 16.11.2011 E. 2;1B_69/2008 26.03.2008 E. 1;1B_77/2014 E. 2.1;1B_8/2011 20.01.2011 E. 2.5;1B_82/2014 E. 3.2;1B_96/2008 06.05.2008 E. 3;1C_104/2022 E. A;1C_382/2012 10.10.2012 E. 2,has_parents_but_none_in_same_query_gold
train,train_0358,Art. 10 BV,True,308,False,,1A.104/1999 05.04.2000 E. 5;1A.208/2004 19.01.2005 E. 2;1A.23/2005 04.07.2005 E. 5;1A.280/2004 27.10.2005 E. 2;1B_141/2007 24.07.2007 E. 3;1B_153/2013 17.05.2013 E. 2;1B_169/2022 E. 4;1B_195/2008 24.07.2008 E. C;1B_229/2017 E. 1.5;1B_24/2021 E. 6.1;1B_251/2021 E. 4;1B_251/2021 E. 6;1B_281/2016 E. C;1B_32/2011 15.02.2011 E. 2;1B_34/2017 E. 2;1B_377/2022 E. 8.2.3;1B_378/2013 E. 3.3;1B_416/2019 E. 2.2;1B_416/2019 E. 2.3;1B_416/2019 E. 2.4,has_parents_but_none_in_same_query_gold
train,train_0358,Art. 13 BV,True,2239,False,,1A.104/1999 05.04.2000 E. 6;1A.214/2005 23.01.2006 E. 5;1A.23/2005 04.07.2005 E. 5;1B_101/2008 28.10.2008 E. 2;1B_101/2008 28.10.2008 E. 3;1B_103/2021 E. 3.2;1B_115/2016 E. 2.4.1;1B_116/2016 E. 2.4.1;1B_131/2015 E. 3;1B_134/2011 14.07.2011 E. 4;1B_146/2016 E. 2.1;1B_175/2013 E. 1.3;1B_175/2013 E. 4.2.3;1B_191/2018 E. 1.3;1B_191/2018 E. 2;1B_193/2017 E. 3.5.1;1B_206/2007 07.01.2008 E. 6;1B_229/2017 E. 1.5;1B_231/2013 E. 3.3;1B_231/2015 E. 2.3,has_parents_but_none_in_same_query_gold
train,train_0358,Art. 36 BV,True,1471,False,,1A.104/1999 05.04.2000 E. 6;1A.129/2002 09.04.2003 E. 3;1A.151/2001 16.07.2002 E. 5;1A.159/2005 20.02.2006 E. 2;1A.162/2002 10.12.2002 E. 3;1A.198/2002 21.08.2003 E. 3;1A.212/2006 31.05.2007 E. 4;1A.219/2005 28.02.2006 E. 2;1A.219/2005 28.02.2006 E. 3;1A.220/2006 16.03.2007 E. 4;1A.240/2002 13.05.2003 E. 2;1A.244/2000 08.11.2001 E. 8;1A.65/2002 30.07.2002 E. 8;1A.73/1999 07.06.2000 E. 2;1B_10/2008 30.01.2008 E. 5;1B_102/2011 22.03.2011 E. 2;1B_103/2014 E. 2.2;1B_103/2018 E. 2.3;1B_11/2022 E. 3.2;1B_11/2022 E. 3.4,has_parents_but_none_in_same_query_gold
train,train_0358,Art. 185 BV,True,16,False,,1B_265/2009 25.01.2010 E. 4;1B_265/2009 25.01.2010 E. D;1C_141/2022 E. 4.2;2A.86/2002 21.02.2003 E. 4;2C_127/2010 15.07.2011 E. 3.2;2C_465/2019 E. 5.4;2E_2/2016 E. 4;2F_36/2021 E. 1.3;5A_467/2020 E. 5.1;6B_722/2013 E. 3.3;9C_287/2022 E. 3.2;9C_3/2023 E. 2.2.3;BGE 129 II 193 E. 4.1;BGE 129 II 193 E. 4.2.2;BGE 137 II 431 E. 3.2.1;BGE 149 I 91 E. 4.2,has_parents_but_none_in_same_query_gold
train,train_0360,Art. 197 StPO,True,101,False,,1B_101/2021 E. 2;1B_109/2016 E. 3;1B_114/2017 E. 2.1;1B_116/2018 E. 1.3;1B_125/2019 26.04.2019 E. 2;1B_150/2015 E. 2.1;1B_166/2016 E. 2.1;1B_167/2021 E. 3;1B_19/2018 E. 3.2;1B_194/2018 E. 3.1;1B_200/2022 E. 3.2;1B_201/2016 E. 3.1;1B_203/2016 E. 2;1B_21/2016 E. 2;1B_215/2021 E. 2.1;1B_225/2015 E. 2.1;1B_231/2013 E. 3.3;1B_236/2014 E. 2.5;1B_251/2016 E. 5.2;1B_251/2016 E. 5.4,has_parents_but_none_in_same_query_gold
train,train_0361,Art. 15 BV,True,166,False,,1A.136/2003 04.11.2004 E. 1;1A.136/2003 04.11.2004 E. 2;1A.159/2005 20.02.2006 E. 2;1A.69/2002 19.03.2003 E. 3;1C_127/2013 E. 8.2;1C_127/2013 E. 8.2.3;1C_297/2009 18.01.2010 E. 10;1C_322/2011 19.12.2011 E. 3;1C_521/2008 09.02.2009 E. 2.5;1C_527/2009 14.12.2009 E. 1;1D_11/2007 27.02.2008 E. 1;1D_11/2007 27.02.2008 E. 4;1D_11/2007 27.02.2008 E. B;1D_12/2007 27.02.2008 E. 2;1D_12/2007 27.02.2008 E. B;1P.149/2004 21.06.2004 E. 3;1P.149/2004 21.06.2004 E. B;1P.19/2000 23.03.2000 E. 3;1P.303/2001 24.08.2001 E. A;1P.303/2001 24.08.2001 E. C,has_parents_but_none_in_same_query_gold
train,train_0361,Art. 72 BV,True,5,False,,1C_527/2009 14.12.2009 E. 1;2P.118/2002 29.11.2002 E. 4;4A_41/2023 E. 2.2;BGE 129 I 91 E. 4.2;BGE 149 III 338 E. 2.2,has_parents_but_none_in_same_query_gold
train,train_0362,Art. 24 BV,True,82,False,,1B_675/2011 14.12.2011 E. 3;1B_677/2011 14.12.2011 E. 3;1C_328/2018 E. 5;1C_37/2013 E. 9;1C_370/2013 E.;1C_437/2016 E. 6.1;1P.339/2001 12.09.2001 E. 2;2A.273/2003 07.04.2004 E. 3.3;2C_1228/2012 E. 6.1;2C_147/2014 E. 5.3;2C_228/2018 E. 5.4;2C_273/2023 E. 5.3;2C_273/2023 E. 5.7;2C_306/2008 12.11.2008 E. 3;2C_335/2013 E. 3.4;2C_335/2013 E. 3.5;2C_335/2013 E. 4.1;2C_335/2013 E. A;2C_353/2008 27.03.2009 E. 2.2;2C_364/2010 23.09.2010 E. 2.2,has_parents_but_none_in_same_query_gold
train,train_0362,Art. 62 AIG,True,50,False,,2C_1007/2020 E. 2.1;2C_1062/2018 E. 2.1;2C_1070/2018 E. 3.2;2C_118/2023 E. 4.2;2C_128/2024 E. 9.3;2C_141/2021 E. 2.3;2C_163/2021 E. 6.4;2C_202/2025 E. 7.1;2C_204/2019 E. 2.1;2C_212/2019 E. 4.1;2C_234/2019 E. 3.2;2C_234/2019 E. 4.2;2C_293/2020 E. 2.1;2C_31/2024 E. 4;2C_31/2024 E. 4.1;2C_311/2021 E. 3;2C_358/2019 E. 3.1;2C_367/2023 E. 3.1;2C_408/2024 E. 1.2;2C_410/2021 E. 2,has_parents_but_none_in_same_query_gold
train,train_0362,Art. 63 AIG,True,68,True,Art. 37 Abs. 3 AIG,2C_1057/2022 E. 5.1;2C_1091/2018 E. 4.2;2C_1115/2018 E. 4.1;2C_112/2023 E. 4.1;2C_134/2021 E. 2.2;2C_14/2024 E. 7.2;2C_141/2021 E. 2.3;2C_16/2024 E. 5.2.1;2C_202/2025 E. 7.1;2C_204/2019 E. 2;2C_214/2025 E. 4.3;2C_234/2021 E. 3;2C_234/2024 E. 5.1;2C_30/2022 E. 4.1;2C_305/2018 E. 4.1;2C_318/2021 E. 3;2C_364/2023 E. 6.2.4;2C_386/2019 E. 5.2.2;2C_40/2025 E. 4.1;2C_41/2023 E. 6.2,parent_in_same_query_gold
train,train_0363,Art. 28 AHVV,True,79,False,,9C_105/2012 14.03.2012 E. 1;9C_105/2012 14.03.2012 E. 2;9C_105/2012 14.03.2012 E. 3;9C_117/2014 E. 2;9C_117/2014 E. 4.2;9C_121/2017 E. 5.1;9C_121/2017 E. 5.2;9C_121/2017 E. 6.2;9C_189/2023 E. 3.1;9C_2/2020 E. 2.2;9C_228/2021 E. 3;9C_251/2021 E. 2;9C_272/2021 E. 3.1;9C_303/2021 E. 2;9C_342/2010 05.07.2010 E. 1;9C_347/2021 E. 3.2.1;9C_356/2012 24.01.2013 E. 6;9C_360/2019 E. 4;9C_393/2024 E. 3;9C_545/2007 09.07.2008 E. 1,has_parents_but_none_in_same_query_gold
train,train_0364,Art. 41 OR,True,556,False,,1A.128/2001 18.01.2002 E. 3;1A.203/2004 16.03.2005 E. 4;1A.228/2004 03.08.2005 E. 9;1A.230/2006 05.06.2007 E. 3;1A.270/1999 19.05.2000 E. 2;1B_39/2012 10.05.2012 E. 3.1;1B_41/2011 24.03.2011 E. 2.1;1B_460/2022 E. 2.3.2;1B_80/2019 E. 3.3;1C_406/2008 05.02.2009 E. 1.2;1C_502/2015 E. 5.3.4;1C_908/2013 E. 2.3;1P.119/2000 09.10.2000 E. 2;1P.126/2005 27.04.2005 E. 3;1P.14/2000 31.01.2000 E. 1;1P.164/2002 25.06.2002 E. 1;1P.176/2005 28.06.2005 E. 4;1P.18/2007 30.07.2007 E. 3.3;1P.188/2005 14.07.2005 E. 3;1P.189/2003 15.12.2003 E. 1,has_parents_but_none_in_same_query_gold
train,train_0365,Art. 123 StGB,True,135,False,,1B_1/2020 E. 5.2;1B_102/2012 24.05.2012 E. 2.5;1B_12/2013 01.02.2013 E. 4;1B_123/2011 11.07.2011 E. 2;1B_174/2013 27.05.2013 E. 3;1B_236/2014 E. 4.1;1B_288/2019 E. 4.3;1B_400/2019 E. 2.1;1B_412/2021 E. 3.3.2;1B_422/2017 E. 3.3;1B_435/2011 13.09.2011 E. 3;1B_579/2011 01.11.2011 E. 3;1B_606/2011 16.11.2011 E. 2;1B_69/2008 26.03.2008 E. 1;1B_77/2014 E. 2.1;1B_8/2011 20.01.2011 E. 2.5;1B_82/2014 E. 3.2;1B_96/2008 06.05.2008 E. 3;1C_104/2022 E. A;1C_382/2012 10.10.2012 E. 2,has_parents_but_none_in_same_query_gold
train,train_0365,Art. 3 Abs. 3 StPO,True,1,False,,6B_338/2018 E. 2.1,has_parents_but_none_in_same_query_gold
train,train_0366,Art. 279 ZGB,True,25,False,,2C_1008/2013 E. 2.2;2C_160/2022 E. 2.1;5A_1025/2020 E. 3.2;5A_104/2009 19.03.2009 E. 2;5A_153/2007 24.09.2007 E. 1;5A_153/2007 24.09.2007 E. 3.1;5A_191/2011 30.06.2011 E. 1;5A_191/2011 30.06.2011 E. 2;5A_191/2011 30.06.2011 E. A;5A_244/2018 E. 2.6;5A_256/2007 20.07.2007 E. 3;5A_369/2014 E. 2.2;5A_382/2021 E. 3.1;5A_382/2021 E. 3.2;5A_689/2012 E. 3.1;5A_833/2008 05.08.2009 E. 2;5A_880/2020 E. 2.2.1;5A_984/2014 E. 3.2;5C.178/2006 16.11.2006 E. 5;5C.18/2000 17.07.2000 E. 3,has_parents_but_none_in_same_query_gold
train,train_0367,Art. 3 ZGB,True,41,False,,2C_1071/2012 E. 5.2;2C_865/2017 E. 2.3;4A_127/2024 E. 3.4.1;4A_293/2025 E. 3.3;4A_293/2025 E. 3.4;4A_302/2018 E. 2.2.2;4A_353/2014 E. 1.3.2;4A_393/2018 E. 2.4.4;4A_574/2008 23.06.2009 E. 7;4A_600/2014 E. 4.2.2;4A_91/2016 E. 2.4.2;4C.159/2000 14.12.2000 E. 3;4C.26/2000 06.09.2000 E. 2;4C.274/2004 18.11.2004 E. 6;4C.296/2002 28.11.2002 E. 1;4C.363/2001 07.07.2003 E. 4;4C.54/2002 10.06.2002 E. 2;4P.172/2004 18.11.2004 E. 9;4P.52/2002 04.06.2002 E. 1;5A_159/2014 E. 3.3.1,has_parents_but_none_in_same_query_gold
train,train_0368,Art. 8a SchKG,True,112,False,,1B_593/2022 E. 4.1;1B_593/2022 E. 4.2;4A_414/2014 E. 2.6.1;4A_414/2014 E. 2.6.2;4A_438/2015 E. 3;4A_440/2014 E. 2;4A_440/2014 E. 4.2;4A_440/2015 E. 2;4A_618/2013 E. 1.3;5A_122/2015 E. 2.3;5A_164/2021 E. 1.1;5A_164/2021 E. 3.3.3;5A_164/2021 E. 4.1.2;5A_164/2021 E. 4.5;5A_172/2016 E. 3.1;5A_201/2013 29.04.2013 E. 2;5A_201/2013 29.04.2013 E. 3;5A_244/2009 09.07.2009 E. 1;5A_244/2009 09.07.2009 E. 2;5A_244/2009 09.07.2009 E. 3,has_parents_but_none_in_same_query_gold
train,train_0368,Art. 118 ZPO,True,24,False,,2C_278/2021 E. 6.3;2C_79/2013 E. 2.2.1;4A_240/2015 15.06.2015 E. 2;4A_301/2020 E. 3.2;4A_314/2013 E. 3.1;4A_325/2015 E. 3.2;4A_456/2021 27.10.2021 E. A;4A_492/2020 E. 3.1;4A_492/2020 E. 5.4;4A_492/2020 E. B;4A_663/2016 E. 2.1;4D_62/2015 E. 5.5;5A_153/2014 E. 4.2;5A_186/2017 E. 4.2;5A_395/2012 16.07.2012 E. 4;5A_395/2012 16.07.2012 E. 4.4;5A_473/2013 E. 7;5A_588/2023 E. 4.2.1;5A_997/2014 E. 4.3.2;5A_997/2014 E. 4.3.3,has_parents_but_none_in_same_query_gold
train,train_0370,Art. 83 IPRG,True,12,False,,5A_164/2024 E. 3;5A_384/2007 03.10.2007 E. 4;5A_48/2017 25.09.2017 E. 5.4;5A_573/2007 06.12.2007 E. 5;5A_591/2021 12.12.2022 E. 3.1;5A_736/2007 20.03.2008 E. 3;5A_99/2009 15.04.2009 E. 2.2;5D_164/2015 E. 5;Art. 62 Abs. 3 IPRG;Art. 63 Abs. 2 IPRG;Art. 64 Abs. 2 IPRG;BGE 149 III 81 E. 3.1,has_parents_but_none_in_same_query_gold
train,train_0371,Art. 36 BV,True,1471,False,,1A.104/1999 05.04.2000 E. 6;1A.129/2002 09.04.2003 E. 3;1A.151/2001 16.07.2002 E. 5;1A.159/2005 20.02.2006 E. 2;1A.162/2002 10.12.2002 E. 3;1A.198/2002 21.08.2003 E. 3;1A.212/2006 31.05.2007 E. 4;1A.219/2005 28.02.2006 E. 2;1A.219/2005 28.02.2006 E. 3;1A.220/2006 16.03.2007 E. 4;1A.240/2002 13.05.2003 E. 2;1A.244/2000 08.11.2001 E. 8;1A.65/2002 30.07.2002 E. 8;1A.73/1999 07.06.2000 E. 2;1B_10/2008 30.01.2008 E. 5;1B_102/2011 22.03.2011 E. 2;1B_103/2014 E. 2.2;1B_103/2018 E. 2.3;1B_11/2022 E. 3.2;1B_11/2022 E. 3.4,has_parents_but_none_in_same_query_gold
train,train_0372,Art. 1 Abs. 2 LugÜ,False,0,False,,,no_parent_edges_found
train,train_0372,Art. 2 Abs. 1 LugÜ,False,0,False,,,no_parent_edges_found
train,train_0373,Art. 90 ZPO,True,38,False,,4A_15/2017 E. 3;4A_15/2017 E. 3.3.1;4A_150/2016 E. 4.2.1;4A_150/2016 E. 4.2.2;4A_150/2016 E. 4.2.3;4A_163/2022 E. 3.3;4A_182/2019 E. 2;4A_182/2019 E. 3.3;4A_182/2019 E. 3.6.1;4A_188/2015 E. 3;4A_203/2019 E. 2.1.2;4A_211/2022 E. 3;4A_38/2020 E. 3.1;4A_442/2017 E. 2.2;4A_442/2017 E. 2.3.2;4A_625/2015 E. 2.4;4A_658/2012 15.04.2013 E. 2;4A_8/2020 E. 3.4;4A_8/2020 E. 3.5.2;4A_83/2022 E. 4.3,has_parents_but_none_in_same_query_gold
train,train_0373,Art. 17 ZPO,True,20,False,,4A_112/2020 E. 3.2.4;4A_120/2022 E. 4.1;4A_131/2017 E. B;4A_242/2016 E. 2.4;4A_299/2022 E. 4.2;4A_4/2015 E. 2;4A_50/2019 E. 3.2.2;4A_568/2017 E. 2.2;4A_568/2017 E. 3;4A_58/2024 E. 3;4A_58/2024 E. 4;4A_628/2011 30.05.2012 E. 2;4A_66/2012 29.05.2012 E. 3;4D_75/2015 E. 4.1;4D_75/2015 E. 4.3;BGE 138 III 471 E. 3.1;BGE 138 III 471 E. 5.2.2;BGE 138 III 471 E. 5.26.2;BGE 142 III 623 E. 2.4;BGE 149 III 71 E. 4.1,has_parents_but_none_in_same_query_gold
train,train_0373,Art. 6 ZPO,True,175,False,,1C_415/2010 02.02.2011 E. 3;4A_111/2014 E. 1;4A_118/2010 19.04.2010 E. 3;4A_125/2017 E. 1.1;4A_128/2018 E. 1;4A_130/2022 E. 1.1;4A_141/2017 E. 2.2.1;4A_141/2017 E. 2.2.2;4A_147/2014 E. 1;4A_148/2011 08.09.2011 E. 1;4A_150/2016 E. 2.2;4A_150/2016 E. 4.1;4A_151/2014 E. 3.1;4A_17/2023 E. 1;4A_178/2016 E. 1;4A_18/2023 E. 1;4A_182/2019 E. 4.6;4A_184/2012 18.09.2012 E. 4;4A_184/2015 E. 1;4A_189/2024 E. 1,has_parents_but_none_in_same_query_gold
train,train_0376,Art. 58 DBG,True,176,False,,2A.150/2001 13.02.2002 E. 6;2A.157/2001 11.03.2002 E. 2;2A.157/2001 11.03.2002 E. 3;2A.175/2002 23.12.2002 E. 3;2A.263/2003 19.11.2003 E. 2;2A.315/2004 22.02.2005 E. 3;2A.399/2002 31.03.2003 E. 3;2A.457/2001 04.03.2002 E. 3;2A.465/2006 19.01.2007 E. 3;2A.55/2007 06.06.2007 E. 4;2A.583/2004 21.04.2005 E. 4;2A.590/2002 22.05.2003 E. 2;2A.590/2002 22.05.2003 E. 3;2A.602/2002 23.07.2003 E. 2;2A.602/2002 23.07.2003 E. 3;2A.652/2006 02.02.2007 E. 2;2A.706/2006 01.03.2007 E. 4;2A.71/2004 04.02.2005 E. 2;2A.73/2005 02.08.2005 E. 2.2;2A.73/2005 02.08.2005 E. 3,has_parents_but_none_in_same_query_gold
train,train_0377,Art. 31b AsylG,True,1,True,Art. 31a Abs. 1 AsylG,Art. 31a Abs. 1 AsylG,parent_in_same_query_gold
train,train_0380,Art. 16 BV,True,273,False,,1A.220/2006 16.03.2007 E. 1;1A.220/2006 16.03.2007 E. 4;1B_103/2014 E. 2.1;1B_134/2011 14.07.2011 E. 4;1B_169/2015 06.11.2015 E. 3.1;1B_196/2010 18.11.2010 E. 4;1B_26/2009 02.03.2009 E. 3;1B_26/2009 02.03.2009 E. B;1B_26/2014 E. 4;1B_285/2020 E. 4.4.1;1B_292/2010 23.12.2010 E. 1;1B_349/2016 22.02.2017 E. 2.1;1B_349/2016 22.02.2017 E. 3;1B_349/2016 22.02.2017 E. 3.1;1B_502/2011 05.10.2011 E. 8;1B_77/2008 15.07.2008 E. 2;1C_122/2015 E. 2.1;1C_129/2016 E. 2.1;1C_137/2018 27.11.2018 E. 4.5;1C_137/2018 27.11.2018 E. 6.1,has_parents_but_none_in_same_query_gold
train,train_0380,Art. 174 StGB,True,84,False,,1B_10/2009 14.05.2009 E. A;1B_13/2011 05.04.2011 E. A;1B_158/2012 15.10.2012 E. 1.2;1B_158/2012 15.10.2012 E. 2;1B_222/2012 19.07.2012 E. 1;1B_222/2012 19.07.2012 E. 2;1B_222/2012 19.07.2012 E. A;1B_263/2015 E. 2.5;1B_288/2009 26.02.2010 E. A;1B_316/2012 31.07.2012 E. A;1B_340/2015 E. A;1B_385/2013 E. A;1B_402/2019 E. 2;1B_555/2019 E. 2.3;1B_677/2012 18.02.2013 E. 1;1C_167/2013 E. 6.1;1C_280/2021 E. 2;1C_34/2020 E. 3.2;1C_354/2023 E. B;1C_500/2015 E. 6.1,has_parents_but_none_in_same_query_gold
train,train_0382,Art. 61 StGB,True,214,True,Art. 16 Abs. 3 JStG,1B_142/2014 E. A;1B_165/2008 10.07.2008 E. 4;1B_165/2008 10.07.2008 E. A;1B_165/2008 10.07.2008 E. B;1B_195/2023 E. A;1B_199/2018 E. 4.3;1B_199/2018 E. 5.3;1B_207/2020 E. A;1B_214/2009 21.08.2009 E. A;1B_221/2008 15.09.2008 E. 2;1B_221/2008 15.09.2008 E. 5;1B_266/2019 E. 1;1B_277/2010 07.09.2010 E. 2;1B_320/2008 07.01.2009 E. 2;1B_320/2008 07.01.2009 E. 3;1B_370/2020 E. 2.2;1B_431/2012 08.08.2012 E. A;1B_434/2021 E. 2.5;1B_44/2009 16.03.2009 E. A;1B_457/2016 E. 3.6,parent_in_same_query_gold
train,train_0384,Art. 182 ZGB,True,10,False,,5A_251/2024 E. 2.2;5A_672/2012 03.04.2013 E. 8;5A_751/2013 E. 3.2.3;5A_778/2018 E. 5.5;5A_907/2019 E. 6.3.1;5C.257/2006 22.12.2006 E. 1;5P.391/2000 11.12.2000 E. 3;BGE 121 III 393 E. 5b;BGE 145 III 474 E. 5.5;BGE 145 III 474 E. 65,has_parents_but_none_in_same_query_gold
train,train_0385,Art. 125 ZGB,True,502,False,,2A.68/2000 05.10.2000 E. 4;5A_10/2010 23.02.2010 E. B;5A_100/2007 04.07.2007 E. 4;5A_1003/2014 E. 4.2.2;5A_1022/2019 E. 4;5A_1024/2021 E. 4.1;5A_103/2008 05.05.2008 E. 2.2;5A_103/2008 05.05.2008 E. C;5A_104/2018 E. 4;5A_104/2018 E. 5.2;5A_104/2018 E. 5.4;5A_11/2010 18.03.2010 E. 1;5A_11/2010 18.03.2010 E. 2;5A_11/2010 18.03.2010 E. 5;5A_111/2016 E. 6.1.3;5A_112/2020 E. 2.2;5A_122/2011 09.06.2011 E. 4;5A_129/2015 E. 5;5A_14/2014 E. 3.2;5A_14/2019 E. 3.2,has_parents_but_none_in_same_query_gold
train,train_0386,Art. 32a USG,True,54,False,,1C_223/2015 E. 3.2.1;1C_601/2018 E. 12.1;2C_160/2014 E. 6.4.2;2C_17/2024 E. 1.3;2C_17/2024 E. 1.5.4;2C_239/2011 21.02.2012 E. 2;2C_239/2011 21.02.2012 E. 3;2C_239/2011 21.02.2012 E. 3.2;2C_239/2011 21.02.2012 E. 4;2C_239/2011 21.02.2012 E. 5;2C_239/2011 21.02.2012 E. 5.3;2C_239/2011 21.02.2012 E. 5.4;2C_239/2011 21.02.2012 E. 6;2C_415/2009 22.04.2010 E. 2;2C_656/2008 29.05.2009 E. 3;2P.110/2006 11.10.2006 E. 4;2P.110/2006 11.10.2006 E. 5;2P.209/2003 23.03.2004 E. 2;2P.223/2005 08.05.2006 E. 5;2P.266/2003 05.03.2004 E. 1,has_parents_but_none_in_same_query_gold
train,train_0386,Art. 41a USG,True,2,False,,1A.99/2004 18.10.2004 E. 4;1P.45/1999 14.04.2000 E. 5,has_parents_but_none_in_same_query_gold
train,train_0387,Art. 684 ZGB,True,306,False,,1A.102/2003 07.10.2003 E. 4;1A.141/2006 27.09.2006 E. 8;1A.18/2001 29.10.2001 E. 5;1A.220/2002 10.02.2003 E. 3;1A.23/2005 04.07.2005 E. 5;1A.246/2003 31.03.2004 E. 1;1A.249/2003 31.03.2004 E. 3;1A.288/2003 06.02.2004 E. 1;1A.288/2003 06.02.2004 E. B;1A.92/2003 15.12.2003 E. C;1C_145/2008 03.07.2008 E. 3;1C_145/2016 E. 18;1C_158/2016 E. 4.2;1C_201/2015 E. 3.3.4;1C_231/2012 E. 3.1.3;1C_284/2009 08.06.2010 E. 6.1;1C_298/2010 19.10.2010 E. 2;1C_332/2019 E. 4.1.1;1C_340/2013 E. 3.5;1C_356/2013 E. 2.1.2,has_parents_but_none_in_same_query_gold
train,train_0389,Art. 125 ZGB,True,502,False,,2A.68/2000 05.10.2000 E. 4;5A_10/2010 23.02.2010 E. B;5A_100/2007 04.07.2007 E. 4;5A_1003/2014 E. 4.2.2;5A_1022/2019 E. 4;5A_1024/2021 E. 4.1;5A_103/2008 05.05.2008 E. 2.2;5A_103/2008 05.05.2008 E. C;5A_104/2018 E. 4;5A_104/2018 E. 5.2;5A_104/2018 E. 5.4;5A_11/2010 18.03.2010 E. 1;5A_11/2010 18.03.2010 E. 2;5A_11/2010 18.03.2010 E. 5;5A_111/2016 E. 6.1.3;5A_112/2020 E. 2.2;5A_122/2011 09.06.2011 E. 4;5A_129/2015 E. 5;5A_14/2014 E. 3.2;5A_14/2019 E. 3.2,has_parents_but_none_in_same_query_gold
train,train_0390,Art. 58 DBG,True,176,False,,2A.150/2001 13.02.2002 E. 6;2A.157/2001 11.03.2002 E. 2;2A.157/2001 11.03.2002 E. 3;2A.175/2002 23.12.2002 E. 3;2A.263/2003 19.11.2003 E. 2;2A.315/2004 22.02.2005 E. 3;2A.399/2002 31.03.2003 E. 3;2A.457/2001 04.03.2002 E. 3;2A.465/2006 19.01.2007 E. 3;2A.55/2007 06.06.2007 E. 4;2A.583/2004 21.04.2005 E. 4;2A.590/2002 22.05.2003 E. 2;2A.590/2002 22.05.2003 E. 3;2A.602/2002 23.07.2003 E. 2;2A.602/2002 23.07.2003 E. 3;2A.652/2006 02.02.2007 E. 2;2A.706/2006 01.03.2007 E. 4;2A.71/2004 04.02.2005 E. 2;2A.73/2005 02.08.2005 E. 2.2;2A.73/2005 02.08.2005 E. 3,has_parents_but_none_in_same_query_gold
train,train_0391,Art. 31 OR,True,85,False,,1P.303/2004 23.09.2004 E. 3;2A.650/2006 30.05.2007 E. 2;4A_106/2012 25.06.2012 E. 2;4A_112/2013 E. 3;4A_166/2021 E. 4.3.2;4A_203/2017 E. 1;4A_297/2019 E. 5.3;4A_306/2018 E. 5.3.2;4A_340/2011 13.09.2011 E. 3;4A_343/2009 05.01.2010 E. A;4A_35/2020 E. B;4A_393/2018 E. 2.4.4;4A_398/2018 25.02.2019 E. 4.1;4A_398/2018 25.02.2019 E. 5.3;4A_464/2019 E. 3.2;4A_507/2023 E. 6.1;4A_524/2012 18.04.2013 E. 4;4A_533/2013 E. 5;4A_56/2008 08.10.2009 E. 8;4A_562/2010 03.05.2011 E. 4,has_parents_but_none_in_same_query_gold
train,train_0391,Art. 24 OR,True,60,False,,2C_438/2011 27.05.2011 E. 2;2P.138/2004 19.10.2004 E. 7;4A_141/2017 E. 3.4.4;4A_233/2016 E. 5.2;4A_254/2020 E. 4.4.2;4A_331/2007 19.12.2007 E. 4;4A_335/2021 E. 6.1.2;4A_343/2009 05.01.2010 E. A;4A_35/2020 E. 3.2.2;4A_398/2018 25.02.2019 E. 4;4A_417/2007 14.02.2008 E. 2;4A_417/2007 14.02.2008 E. 3;4A_42/2021 E. 3.2;4A_461/2016 E. 4.3.1;4A_461/2016 E. 4.3.2;4A_92/2021 E. 3.3.2;4A_97/2016 E. 2.1;4A_97/2016 E. 2.4;4A_97/2016 E. 2.6.3;4A_97/2016 E. 2.6.4,has_parents_but_none_in_same_query_gold
train,train_0391,Art. 210 OR,True,13,False,,4A_235/2008 23.07.2008 E. B;4A_321/2012 14.01.2013 E. 4;4A_445/2019 E. 2.1;4A_68/2009 18.05.2009 E. 10;4A_753/2011 16.07.2012 E. 7;4A_753/2011 16.07.2012 E. B;4C.200/2006 20.09.2006 E. 3;4C.260/2001 04.01.2002 E. 3;4C.28/2001 11.05.2001 E. 1;4C.300/2006 19.02.2007 E. 2.4;BGE 133 III 335 E. 2.4.4;BGE 133 III 335 E. 70;BGE 138 III 601 E. 7.3,has_parents_but_none_in_same_query_gold
train,train_0391,Art. 67 OR,True,80,False,,2A.29/2000 12.05.2000 E. 3;2A.52/2000 17.04.2000 E. 2;2A.553/2002 22.08.2003 E. 4;2C_240/2017 E.;2C_240/2017 E. 3.4.4;2C_496/2011 16.06.2011 E. 2;2C_631/2009 22.02.2010 E. 2.2;2C_650/2009 22.02.2010 E. 2.2;2C_88/2012 28.08.2012 E. 4;4A_105/2015 E. 3.3;4A_105/2015 E. 3.3.1;4A_192/2016 E. 3;4A_192/2016 E. 6.2;4A_195/2014 27.11.2014 E. 6.1;4A_197/2018 E. 2;4A_197/2018 E. 3.2;4A_198/2008 07.07.2008 E. 3;4A_409/2022 E. 6.1;4A_476/2024 E. 5.3.4;4A_562/2010 03.05.2011 E. 1,has_parents_but_none_in_same_query_gold
train,train_0391,Art. 62 OR,True,91,False,,1B_190/2017 E. 2.2;1C_665/2024 E. 4.2.1;1P.385/2006 17.11.2006 E. 5;2C_123/2016 E. 5.4;2C_356/2012 11.02.2013 E. 5;2C_776/2012 19.02.2013 E. 3;4A_101/2025 E. 3;4A_127/2024 E. 3.2.2;4A_135/2007 28.08.2007 E. 3;4A_145/2024 E. 1.2;4A_145/2024 E. 4.1;4A_145/2024 E. 4.5;4A_145/2024 E. B;4A_178/2013 E. 2.3.1;4A_179/2020 E. 3.2;4A_257/2019 E. 4.3.1;4A_257/2019 E. 4.4.1;4A_305/2012 06.02.2013 E. 3;4A_332/2018 E. 5.1.4;4A_370/2016 E. B,has_parents_but_none_in_same_query_gold
train,train_0395,Art. 647a ZGB,True,7,False,,2C_351/2016 E. 6.4;5A_175/2019 E. 4.2;5A_29/2025 E. 3.3;5A_71/2024 E. 4.1;5C.16/2004 02.03.2004 E. 5;6B_1157/2020 08.09.2021 E. 3.3.1;6B_669/2010 04.10.2010 E. 2,has_parents_but_none_in_same_query_gold
train,train_0395,Art. 647b ZGB,True,7,False,,2C_351/2016 E. 5.2;2C_351/2016 E. 5.3;2C_351/2016 E. 6.4.1;5A_29/2025 E. 3.1;5A_29/2025 E. 3.3;5A_632/2011 08.11.2011 E. 4;5A_972/2020 E. 7.2.1,has_parents_but_none_in_same_query_gold
train,train_0395,Art. 712g ZGB,True,24,False,,5A_108/2010 06.04.2010 E. 3;5A_222/2007 04.02.2008 E. 3;5A_436/2018 E. 4.1;5A_474/2017 E. 3.1.3;5A_474/2017 E. 3.4.2;5A_474/2017 E. 4.2;5A_474/2017 E. 4.3;5A_521/2017 E. 4.1;5A_640/2012 13.11.2012 E. 4;5A_725/2013 E. 1.2.2;5A_735/2019 E. 5.2;5A_865/2011 24.05.2012 E. 3;5A_898/2015 E. 2.2;5A_972/2020 E. 5.2;5C.110/2001 15.10.2001 E. 2;5C.260/2000 21.06.2001 E. 3;5C.264/2006 30.03.2007 E. 3;5C.50/2004 23.06.2004 E. 3;5C.50/2004 23.06.2004 E. 4;BGE 127 III 506 E. 3a,has_parents_but_none_in_same_query_gold
train,train_0395,Art. 647d ZGB,True,26,False,,1C_116/2013 E. 4;5A_108/2010 06.04.2010 E. 2;5A_116/2011 14.03.2011 E. 5;5A_407/2015 E. 3.3;5A_410/2019 E. 4.3;5A_709/2010 01.03.2011 E. 2;5A_752/2015 E. 4;5A_79/2022 E. 3.1;5A_795/2012 21.02.2013 E. 2;5A_972/2020 E. 3.1;5A_972/2020 E. 5.2;5A_972/2020 E. 5.3;5C.110/2001 15.10.2001 E. 2;5C.110/2001 15.10.2001 E. 3;5C.110/2001 15.10.2001 E. 4;5C.110/2001 15.10.2001 E. 5;5C.36/2004 23.06.2004 E. 1;5C.36/2004 23.06.2004 E. 3;BGE 130 III 441 E. 1;BGE 130 III 441 E. 3.1,has_parents_but_none_in_same_query_gold
train,train_0395,Art. 647e ZGB,True,20,False,,5A_108/2010 06.04.2010 E. 2;5A_407/2015 E. 3.3;5A_407/2015 E. 3.4;5A_410/2019 E. 4.3;5A_410/2019 E. 4.4.3;5A_752/2015 E. 4;5A_831/2020 E. 4;5A_972/2020 E. 3.1;5A_972/2020 E. 6.2;5C.110/2001 15.10.2001 E. 2;5C.110/2001 15.10.2001 E. 3;5C.110/2001 15.10.2001 E. 4;5C.110/2001 15.10.2001 E. 5;5C.36/2004 23.06.2004 E. 3;BGE 130 III 441 E. 3.2;BGE 130 III 441 E. 3.4;BGE 136 III 261 E. 2.1;BGE 141 III 357 E. 3.3;BGE 141 III 357 E. 3.4;BGE 147 III 553 E. 4,has_parents_but_none_in_same_query_gold
train,train_0399,Art. 260 SchKG,True,525,False,,1A.188/2002 29.01.2003 E. A;1A.280/1999 05.01.2000 E. 1;1B_57/2014 E. 4.9.5;2A.579/2006 21.03.2007 E. 2;2C_252/2014 12.02.2016 E. 5.2;2C_252/2014 12.02.2016 E. 5.4;2C_598/2009 11.02.2010 E. 1;2C_72/2007 23.08.2007 E. 3;2C_72/2007 23.08.2007 E. A;2F_2/2009 23.09.2009 E. A;4A_100/2022 E. B;4A_109/2019 E. 1.1;4A_109/2019 E. 1.2;4A_109/2019 E. A;4A_109/2019 E. C;4A_127/2013 E. A;4A_15/2013 E. A;4A_188/2008 09.09.2008 E. 4;4A_19/2020 E. 2;4A_19/2020 E. 2.1,has_parents_but_none_in_same_query_gold
train,train_0399,Art. 265 SchKG,True,30,False,,2C_224/2023 E. 7.3;2C_869/2018 E. 2.2.3;4A_279/2023 E. 2.2.2;5A_294/2019 E. 3.2;5A_415/2017 E. 2.3;5A_415/2017 E. 3.2;5A_452/2007 22.01.2008 E. 2;5A_452/2007 22.01.2008 E. 3;5A_452/2007 22.01.2008 E. 4;5A_464/2021 E. 3.2;5A_464/2021 E. 3.4;5A_627/2009 04.12.2009 E. 2;5A_627/2009 04.12.2009 E. 3;5A_648/2016 E. 4.2.2;5A_772/2011 30.05.2012 E. 4;5A_843/2011 11.06.2012 E. 3;5C.256/2006 21.06.2007 E. 4;5C.297/2005 07.02.2006 E. 2;5P.426/2002 17.01.2003 E. 2;7B.180/2006 01.12.2006 E. 1,has_parents_but_none_in_same_query_gold
train,train_0399,Art. 265a SchKG,True,64,False,,1P.512/2004 06.01.2005 E. A;2C_195/2016 E. 2.2.1;4P.251/2003 07.01.2004 E. 2;5A_104/2010 28.04.2010 E. 3.2;5A_120/2012 21.06.2012 E. 1;5A_150/2017 E. 1.2;5A_150/2017 E. 1.3;5A_295/2013 E. 2.1;5A_295/2013 E. 2.2.1;5A_295/2013 E. 2.2.4;5A_295/2013 E. A;5A_377/2011 16.06.2011 E. 1;5A_415/2017 E. 3.2;5A_433/2019 E. 4.1;5A_464/2021 E. 3;5A_464/2021 E. 3.3;5A_464/2021 E. 3.4;5A_487/2014 E. 2.1;5A_487/2014 E. 2.2;5A_487/2014 E. 2.3,has_parents_but_none_in_same_query_gold
train,train_0402,Art. 16 BV,True,273,False,,1A.220/2006 16.03.2007 E. 1;1A.220/2006 16.03.2007 E. 4;1B_103/2014 E. 2.1;1B_134/2011 14.07.2011 E. 4;1B_169/2015 06.11.2015 E. 3.1;1B_196/2010 18.11.2010 E. 4;1B_26/2009 02.03.2009 E. 3;1B_26/2009 02.03.2009 E. B;1B_26/2014 E. 4;1B_285/2020 E. 4.4.1;1B_292/2010 23.12.2010 E. 1;1B_349/2016 22.02.2017 E. 2.1;1B_349/2016 22.02.2017 E. 3;1B_349/2016 22.02.2017 E. 3.1;1B_502/2011 05.10.2011 E. 8;1B_77/2008 15.07.2008 E. 2;1C_122/2015 E. 2.1;1C_129/2016 E. 2.1;1C_137/2018 27.11.2018 E. 4.5;1C_137/2018 27.11.2018 E. 6.1,has_parents_but_none_in_same_query_gold
train,train_0402,Art. 22 BV,True,148,False,,1A.69/2002 19.03.2003 E. 2;1B_285/2020 E. 4.4.1;1B_387/2021 E. 2;1B_387/2021 E. 4.5;1C_103/2024 E. 2;1C_109/2021 E. 4.3.2;1C_109/2024 E. 2;1C_110/2024 E. 2;1C_111/2024 E. 2;1C_140/2008 17.03.2009 E. 5;1C_140/2008 17.03.2009 E. 8.1;1C_147/2021 E. 7;1C_176/2013 07.01.2014 E. F;1C_181/2019 E. 10;1C_181/2019 E. 10.3;1C_181/2019 E. 4.1;1C_20/2018 E. 2.1;1C_226/2015 E. 3.1;1C_226/2015 E. 4.1;1C_226/2015 E. D,has_parents_but_none_in_same_query_gold
train,train_0402,Art. 13 BV,True,2239,False,,1A.104/1999 05.04.2000 E. 6;1A.214/2005 23.01.2006 E. 5;1A.23/2005 04.07.2005 E. 5;1B_101/2008 28.10.2008 E. 2;1B_101/2008 28.10.2008 E. 3;1B_103/2021 E. 3.2;1B_115/2016 E. 2.4.1;1B_116/2016 E. 2.4.1;1B_131/2015 E. 3;1B_134/2011 14.07.2011 E. 4;1B_146/2016 E. 2.1;1B_175/2013 E. 1.3;1B_175/2013 E. 4.2.3;1B_191/2018 E. 1.3;1B_191/2018 E. 2;1B_193/2017 E. 3.5.1;1B_206/2007 07.01.2008 E. 6;1B_229/2017 E. 1.5;1B_231/2013 E. 3.3;1B_231/2015 E. 2.3,has_parents_but_none_in_same_query_gold
train,train_0402,Art. 17 BV,True,159,False,,1B_134/2011 14.07.2011 E. 2;1B_134/2011 14.07.2011 E. 4;1B_169/2015 06.11.2015 E. 2.3;1B_169/2015 06.11.2015 E. 3.1;1B_26/2014 E. 4;1B_26/2014 E. 4.3.2;1B_292/2010 23.12.2010 E. 1;1B_292/2010 23.12.2010 E. 2;1B_292/2010 23.12.2010 E. 2.3;1B_349/2016 22.02.2017 E. 2.1;1B_349/2016 22.02.2017 E. 3;1B_349/2016 22.02.2017 E. 3.1;1B_510/2017 E. 3.4;1B_534/2012 E. 2.2.1;1B_77/2008 15.07.2008 E. 2;1B_87/2018 E. 3.2.3;1B_87/2018 E. 3.4;1C_122/2015 E. 2.1;1C_129/2016 E. 2.1;1C_129/2016 E. 2.2.1,has_parents_but_none_in_same_query_gold
train,train_0404,Art. 221 StPO,True,365,False,,1B_1/2023 E. 6.2;1B_100/2018 E. 3.1;1B_101/2018 E. 2.2;1B_101/2021 E. 2;1B_102/2011 22.03.2011 E. 2;1B_104/2016 E. 2;1B_104/2018 E. 2.1;1B_106/2021 E. 2.2;1B_106/2022 E. 3;1B_114/2017 E. 2.1;1B_116/2019 E. 2.2;1B_118/2023 E. 2;1B_12/2013 01.02.2013 E. 7;1B_123/2014 E. 5;1B_124/2023 E. 2;1B_124/2023 E. 3;1B_125/2020 E. 2;1B_126/2011 06.04.2011 E. 2;1B_129/2015 E. 2;1B_129/2015 E. 3.1,has_parents_but_none_in_same_query_gold
train,train_0406,Art. 3 UEG,False,0,False,,,no_parent_edges_found
train,train_0409,Art. 32 FINMAG,True,28,False,,1B_249/2015 E. 8.7;2C_1055/2014 E. 1.3.4;2C_1055/2014 E. 4.2;2C_1055/2014 E. 4.3;2C_1068/2017 09.10.2018 E. 1.2;2C_1068/2017 09.10.2018 E. 2.1;2C_122/2014 E. 2.4;2C_136/2019 E. 4.2;2C_176/2014 E. 2.4;2C_192/2019 E. 4.5;2C_303/2016 E. 2.5;2C_303/2016 E. 2.5.1;2C_305/2016 E. 2.1;2C_305/2016 E. 2.3.1;2C_345/2015 E. 2.1;2C_352/2016 E. 1.2.3;2C_45/2009 26.05.2009 E. 3.2;2C_571/2018 E. 1.2.3;2C_571/2018 E. 5.3.2;2C_671/2014 E. 2.3,has_parents_but_none_in_same_query_gold
train,train_0410,Art. 30 BüV,False,0,False,,,no_parent_edges_found
train,train_0413,Art. 46 ERV,False,0,False,,,no_parent_edges_found
train,train_0417,Art. 201 OR,True,19,False,,4A_223/2015 E. A;4A_321/2012 14.01.2013 E. 4;4A_340/2020 E. 2.3;4A_445/2019 E. 2.1;4A_534/2008 24.03.2009 E. 7;4A_592/2013 E. 5.2.2;4A_647/2015 11.08.2016 E. 8.3.3;4C.150/2000 10.10.2000 E. 4;4C.152/2003 29.08.2003 E. 3;4C.154/2000 10.10.2000 E. 4;4C.280/2000 14.12.2000 E. 2;4C.300/2006 19.02.2007 E. 2.4;4C.395/2001 28.05.2002 E. 2;4D_71/2017 E. 6.2;4P.312/2004 09.03.2005 E. 2;5A_206/2013 13.05.2013 E. 3;BGE 121 III 453 E. 4b;BGE 133 III 335 E. 2.4.1;BGE 133 III 335 E. 70,has_parents_but_none_in_same_query_gold
train,train_0417,Art. 31 OR,True,85,False,,1P.303/2004 23.09.2004 E. 3;2A.650/2006 30.05.2007 E. 2;4A_106/2012 25.06.2012 E. 2;4A_112/2013 E. 3;4A_166/2021 E. 4.3.2;4A_203/2017 E. 1;4A_297/2019 E. 5.3;4A_306/2018 E. 5.3.2;4A_340/2011 13.09.2011 E. 3;4A_343/2009 05.01.2010 E. A;4A_35/2020 E. B;4A_393/2018 E. 2.4.4;4A_398/2018 25.02.2019 E. 4.1;4A_398/2018 25.02.2019 E. 5.3;4A_464/2019 E. 3.2;4A_507/2023 E. 6.1;4A_524/2012 18.04.2013 E. 4;4A_533/2013 E. 5;4A_56/2008 08.10.2009 E. 8;4A_562/2010 03.05.2011 E. 4,has_parents_but_none_in_same_query_gold
train,train_0417,Art. 24 OR,True,60,False,,2C_438/2011 27.05.2011 E. 2;2P.138/2004 19.10.2004 E. 7;4A_141/2017 E. 3.4.4;4A_233/2016 E. 5.2;4A_254/2020 E. 4.4.2;4A_331/2007 19.12.2007 E. 4;4A_335/2021 E. 6.1.2;4A_343/2009 05.01.2010 E. A;4A_35/2020 E. 3.2.2;4A_398/2018 25.02.2019 E. 4;4A_417/2007 14.02.2008 E. 2;4A_417/2007 14.02.2008 E. 3;4A_42/2021 E. 3.2;4A_461/2016 E. 4.3.1;4A_461/2016 E. 4.3.2;4A_92/2021 E. 3.3.2;4A_97/2016 E. 2.1;4A_97/2016 E. 2.4;4A_97/2016 E. 2.6.3;4A_97/2016 E. 2.6.4,has_parents_but_none_in_same_query_gold
train,train_0417,Art. 187 OR,True,2,False,,2A.219/2003 11.02.2004 E. 2.1;2A.223/2004 28.09.2004 E. 1,has_parents_but_none_in_same_query_gold
train,train_0417,Art. 197 OR,True,30,False,,2C_835/2013 E. 3.2.1;4A_17/2023 E. 7.2;4A_18/2023 E. 5.2;4A_220/2013 E. 4.3.1;4A_220/2013 E. 4.3.2;4A_321/2012 14.01.2013 E. 4;4A_38/2021 E. 3.1;4A_401/2011 18.01.2012 E. 3;4A_417/2007 14.02.2008 E. 4;4A_417/2007 14.02.2008 E. 5;4A_445/2019 E. 2.1;4A_454/2019 E. 2;4A_514/2020 E. 3;4A_514/2020 E. 6.2.1;4A_538/2013 E. 4.1;4A_538/2013 E. 4.2;4C.172/2003 20.04.2004 E. 4;4C.200/2006 20.09.2006 E. 1;4C.200/2006 20.09.2006 E. 2;4C.242/2004 06.10.2004 E. 4,has_parents_but_none_in_same_query_gold
train,train_0417,Art. 205 OR,True,5,False,,2A.732/2004 10.08.2005 E. 2;4C.11/2001 04.04.2001 E. 4;4C.33/2004 08.02.2006 E. 2;5P.360/2001 14.12.2001 E. 4;BGE 124 III 456 E. 20bb,has_parents_but_none_in_same_query_gold
train,train_0419,Art. 321a OR,True,78,False,,2C_1067/2017 E. 3.4.2;2C_265/2009 01.09.2009 E. 3;2C_272/2011 05.12.2011 E. 3.3;2C_708/2012 E. 4.3;2C_88/2011 03.10.2011 E. 2;2C_989/2019 E. 1.1;4A_109/2021 E. 5.4;4A_115/2022 E. 4.3;4A_169/2016 E. 6.2;4A_173/2009 03.07.2009 E. 3;4A_173/2009 03.07.2009 E. B;4A_249/2019 E. 4.3.3;4A_260/2013 E. 4.4.3;4A_28/2009 26.03.2009 E. 3;4A_283/2010 11.08.2010 E. 2;4A_291/2008 02.12.2008 E. 4;4A_353/2024 E. 2.3;4A_370/2016 E. 2.3;4A_377/2019 E. 2.1;4A_381/2019 E. 3.2,has_parents_but_none_in_same_query_gold
train,train_0419,Art. 336a OR,True,110,False,,1C_103/2007 07.12.2007 E. 1;1C_103/2007 07.12.2007 E. 2;1C_103/2007 07.12.2007 E. 3;1C_103/2007 07.12.2007 E. B;1C_139/2007 23.10.2007 E. 4;1C_183/2007 05.02.2008 E. 5;1C_23/2024 E. 7.2;1C_350/2007 11.03.2008 E. A;1C_480/2024 E. 4.2;1C_606/2024 E. 3.3;1C_606/2024 E. 3.6;1P.169/2000 31.08.2000 E. 1;1P.169/2000 31.08.2000 E. 2;1P.169/2000 31.08.2000 E. 3;1P.169/2000 31.08.2000 E. A;2P.104/2004 14.03.2005 E. 3;2P.104/2004 14.03.2005 E. 7;4A_13/2010 03.02.2010 E. B;4A_186/2022 E. B;4A_194/2023 E. 2,has_parents_but_none_in_same_query_gold
train,train_0419,Art. 336 OR,True,143,False,,1C_103/2007 07.12.2007 E. 5;1C_130/2024 E. 3;1C_340/2023 E. 4.1;1C_340/2023 E. 4.1.1;1C_340/2023 E. 4.2;1C_514/2023 E. 6.1;1C_68/2007 14.09.2007 E. 2;1P.169/2000 31.08.2000 E. 3;2A.6/2005 05.07.2005 E. C;2P.152/2006 08.12.2006 E. 1;2P.252/2006 13.03.2007 E. 3;4A_13/2019 E. 7.1;4A_157/2022 E. 2;4A_157/2022 E. 3.1;4A_169/2013 E. 4.1.2;4A_169/2013 E. 4.2.2;4A_186/2022 E. B;4A_19/2015 E. 4.1;4A_19/2015 E. 4.6;4A_216/2019 E. 3,has_parents_but_none_in_same_query_gold
train,train_0420,Art. 39 URG,True,2,False,,2C_306/2019 E. 7;2C_306/2019 E. D,has_parents_but_none_in_same_query_gold
train,train_0420,Art. 33a URG,False,0,False,,,no_parent_edges_found
train,train_0420,Art. 28 ZGB,True,491,False,,1B_143/2011 01.06.2011 E. 4;1B_21/2012 27.03.2012 E. 2;1B_22/2012 11.05.2012 E. 2;1B_245/2015 E. 5.2;1B_294/2014 E. 3;1B_320/2015 E. 4.6;1B_562/2011 02.02.2012 E. 4;1B_562/2011 02.02.2012 E. 6;1B_643/2022 06.04.2023 E. 2;1B_652/2011 03.04.2012 E. 2;1B_75/2017 E. 4.1.2;1B_94/2019 E. 2.2;1C_175/2021 E. 5.3.1;1C_230/2011 31.05.2012 E. 10.6;1C_230/2011 31.05.2012 E. 12;1C_230/2011 31.05.2012 E. 8;1C_275/2012 21.09.2012 E. 1;1C_277/2023 E. 2.4;1C_382/2007 24.04.2008 E. 2;1C_382/2007 24.04.2008 E. 3,has_parents_but_none_in_same_query_gold
train,train_0420,Art. 3 DSG,True,31,False,,1A.225/2002 27.05.2003 E. 1;1C_214/2016 E. 4.4;1C_214/2016 E. 6.4;1C_230/2011 31.05.2012 E. 6;1C_285/2009 08.09.2010 E. 3;1C_394/2016 E. 4.2;1C_425/2020 E. 3.4.2;1C_50/2015 E. 5.2.1;1C_74/2015 E. 3.2;1C_93/2021 E. 4.3.3;2A.692/2006 01.02.2007 E. 4;2C_1065/2014 E. 6.1;2C_726/2018 E. 3.4;4A_125/2020 E. 3.1;4A_125/2020 E. 3.3;4A_125/2020 E. 3.4.1;4A_365/2017 E. 5.2.2;5C.166/2000 20.07.2001 E. 3;BGE 124 III 170 E. 3b;BGE 127 III 481 E. 3bb,has_parents_but_none_in_same_query_gold
train,train_0420,Art. 4 Abs. 3 DSG,True,34,False,,1A.225/2002 27.05.2003 E. 4;1C_230/2011 31.05.2012 E. 9;1C_394/2016 E. 4.10;1C_428/2016 E. 1.2;2A.355/1999 01.05.2000 E. 5;2A.424/2000 13.02.2001 E. 2;2A.96/2000 25.07.2001 E. 6;2C_1039/2018 18.03.2021 E. 6.4.1;2C_1039/2018 18.03.2021 E. 6.4.2;2C_1039/2018 18.03.2021 E. 6.4.3;2C_1039/2018 18.03.2021 E. 7.4.1;2C_1039/2018 18.03.2021 E. 7.4.2;2C_1040/2018 18.03.2021 E. 6.4.1;2C_1040/2018 18.03.2021 E. 6.4.2;2C_1040/2018 18.03.2021 E. 6.4.3;2C_1040/2018 18.03.2021 E. 7.4.1;2C_1040/2018 18.03.2021 E. 7.4.2;2C_171/2016 E. 4.1;2C_776/2013 E. 5.2.2;2C_825/2019 E. 5.3.6,has_parents_but_none_in_same_query_gold
train,train_0420,Art. 4 Abs. 4 DSG,True,27,False,,1C_230/2011 31.05.2012 E. 9;1C_415/2020 E. 2.1;2C_171/2016 E. 4.1;2C_825/2019 E. 4.4;2C_825/2019 E. 4.5;2C_874/2020 E. 6.4.4;4A_588/2018 E. 4.2;6B_1133/2021 E. 2.2;6B_1133/2021 E. 2.4.1;6B_1188/2018 E. 3.1;6B_1188/2018 E. 3.2;6B_1188/2018 E. 4;6B_1404/2019 E. 1.2;6B_1404/2019 E. 1.3.2;6B_1404/2019 E. 1.4;6B_1468/2019 E. 1.3.2;6B_345/2024 E. 2.1.3;6B_68/2023 E. 2.1.2;6B_810/2020 E. 2.6.2;7B_797/2023 E. 3.2,has_parents_but_none_in_same_query_gold
train,train_0420,Art. 28a ZGB,True,51,False,,1C_230/2011 31.05.2012 E. 10.6;2A.446/2001 07.02.2002 E. 3;2C_665/2010 24.05.2011 E. 6;2E_1/2013 E. C;4A_191/2014 E. A;4A_220/2011 05.09.2011 E. 3.3;4A_235/2014 E. A;4A_237/2014 E. A;4A_239/2014 E. A;4C.101/2005 02.06.2005 E. 2;4C.101/2005 02.06.2005 E. 3;5A_1021/2025 E. 1;5A_1050/2021 E. 1.1;5A_1063/2020 E. 1.1;5A_188/2008 25.09.2008 E. 5;5A_256/2016 E. 5.2.2;5A_286/2012 29.10.2012 E. 2;5A_376/2013 E. 2.1;5A_376/2013 E. 8.4;5A_445/2010 30.11.2010 E. 2,has_parents_but_none_in_same_query_gold
train,train_0421,Art. 27 EOG,True,16,False,,4C.119/2001 17.07.2001 E. 2;5A_810/2011 07.02.2012 E. 3;9C_189/2013 E. 2.1;9C_215/2014 E. 2.1;9C_298/2012 17.12.2012 E. 2;9C_298/2012 17.12.2012 E. 4;9C_376/2016 E. 1.1;9C_393/2024 E. 2.1;9C_469/2021 E. 5.1;BGE 128 V 20 E. 3b;BGE 139 V 50 E. 2.1;BGE 139 V 50 E. 4.2.1;BGE 139 V 537 E. 2.1;BGE 148 V 253 E. 5.1;H 326/03 31.08.2004 E. 3.2;I 334/01 15.02.2002 E. 3,has_parents_but_none_in_same_query_gold
train,train_0422,Art. 9 JStG,True,8,False,,6B_1000/2017 E. A;6B_115/2015 E. 3.5;6B_1159/2018 E. 4.3;6B_1159/2018 E. 4.4;Art. 26 Abs. 1 JStPO;BGE 141 IV 172 E. 3.5;BGE 145 IV 424 E. 4.3;BGE 145 IV 424 E. 4.4,has_parents_but_none_in_same_query_gold
train,train_0423,Art. 190 IPRG,True,113,False,,1P.113/2000 20.09.2000 E. 1;1P.113/2000 20.09.2000 E. 3;2C_266/2024 E. 2.5;4A_104/2024 E. 5.3.2;4A_176/2008 23.09.2008 E. 2;4A_176/2024 E. 3.3;4A_18/2008 20.06.2008 E. 2;4A_184/2024 E. 3.2;4A_184/2024 E. 3.3;4A_186/2024 E. 3.2;4A_186/2024 E. 3.3;4A_194/2008 21.08.2008 E. 2;4A_194/2008 21.08.2008 E. 3;4A_2/2007 28.03.2007 E. 4;4A_20/2022 E. 4.3;4A_224/2008 10.10.2008 E. 2;4A_240/2009 16.12.2009 E. 2;4A_244/2007 22.01.2008 E. 4;4A_244/2007 22.01.2008 E. 6;4A_254/2013 E. 1.1,has_parents_but_none_in_same_query_gold
train,train_0425,Art. 26 FIDLEG,True,1,False,,Art. 89 FIDLEG,has_parents_but_none_in_same_query_gold
train,train_0425,Art. 400 OR,True,98,False,,1P.558/2006 03.11.2006 E. 5;2C_1000/2020 E. 4.3.4;2C_356/2021 E. 7.1;2C_683/2022 E. 6.2.2;4A_10/2020 E. 4.2;4A_125/2020 E. 1.7.1;4A_127/2012 30.10.2012 E. 5;4A_13/2012 E. 3;4A_13/2012 E. 3.4;4A_13/2012 E. 4.1.3;4A_13/2012 E. 4.3.1;4A_13/2012 E. 4.3.2;4A_13/2012 E. 4.4.1;4A_13/2012 E. 4.4.2;4A_144/2012 11.09.2012 E. 3;4A_155/2011 10.01.2012 E. 5;4A_160/2025 E. 3;4A_160/2025 E. B;4A_266/2010 29.08.2011 E. 2;4A_284/2013 E. 4.2.4,has_parents_but_none_in_same_query_gold
train,train_0427,Art. 191 ZPO,True,15,False,,1C_577/2019 E. 2.1;1C_582/2018 E. 2.6;1C_85/2019 E. 2.1;2C_903/2018 E. 3.4.1;4A_14/2025 E. 6.3;4A_189/2018 E. 3.2.2;4A_498/2014 E. 3.3;4A_52/2022 E. 5.3.3;4A_532/2015 E. 3.1;4A_541/2013 E. 3.2.1;4A_697/2016 E. A;5A_256/2016 E. 9.3.2;5A_550/2019 E. 9.1.2;5A_984/2023 E. 3.3.1;BGE 143 III 297 E. 9.3.2,has_parents_but_none_in_same_query_gold
train,train_0427,Art. 13 DSG,True,45,False,,1C_230/2011 31.05.2012 E. 10;1C_230/2011 31.05.2012 E. 7;1C_285/2009 08.09.2010 E. 2;1C_285/2009 08.09.2010 E. 5;1C_285/2009 08.09.2010 E. 5.2;1C_285/2009 08.09.2010 E. 6;2C_37/2018 E. 6.1;2C_37/2018 E. 7;2C_776/2013 E. 5.2.2;2C_776/2013 E. 7.2.2;4A_576/2015 E. 2;4A_576/2015 E. 2.1;4A_576/2015 E. 2.2.1;4A_576/2015 E. 2.2.3;4A_588/2018 E. 4.3.1;6B_1133/2021 E. 2.3.2;6B_1133/2021 E. 2.4.2;6B_1133/2021 E. 2.4.3;6B_1188/2018 E. 3.3;6B_1362/2020 E. 14.4.2,has_parents_but_none_in_same_query_gold
train,train_0427,Art. 229 ZPO,True,140,False,,1C_274/2018 E. 3.1;1C_274/2018 E. 3.2;2C_194/2013 E. 3.1;2C_900/2022 E. 4.7;2C_900/2022 E. 4.8;2C_984/2012 21.03.2013 E. 2;4A_130/2023 E. 2.4;4A_149/2021 E. 6.2.2;4A_187/2021 E. A;4A_188/2020 E. 5;4A_188/2020 E. 5.3;4A_196/2021 E. 3.3;4A_205/2019 E. 3.2.1;4A_218/2020 E. 6.9;4A_233/2024 E. 7.1;4A_233/2024 E. 7.3;4A_234/2014 E. 5.4.1;4A_234/2014 E. 5.4.2;4A_234/2014 E. 5.4.3;4A_25/2019 E. 4.3,has_parents_but_none_in_same_query_gold
train,train_0428,Art. 336a OR,True,110,False,,1C_103/2007 07.12.2007 E. 1;1C_103/2007 07.12.2007 E. 2;1C_103/2007 07.12.2007 E. 3;1C_103/2007 07.12.2007 E. B;1C_139/2007 23.10.2007 E. 4;1C_183/2007 05.02.2008 E. 5;1C_23/2024 E. 7.2;1C_350/2007 11.03.2008 E. A;1C_480/2024 E. 4.2;1C_606/2024 E. 3.3;1C_606/2024 E. 3.6;1P.169/2000 31.08.2000 E. 1;1P.169/2000 31.08.2000 E. 2;1P.169/2000 31.08.2000 E. 3;1P.169/2000 31.08.2000 E. A;2P.104/2004 14.03.2005 E. 3;2P.104/2004 14.03.2005 E. 7;4A_13/2010 03.02.2010 E. B;4A_186/2022 E. B;4A_194/2023 E. 2,has_parents_but_none_in_same_query_gold
train,train_0431,Art. 26 WV,True,3,False,,6B_997/2017 E. 3.1;Art. 34 Abs. 2 WV;Art. 35 Abs. 2 WV,has_parents_but_none_in_same_query_gold
train,train_0431,Art. 27 WV,True,1,False,,Art. 26 Abs. 1 WV,has_parents_but_none_in_same_query_gold
train,train_0431,Art. 121a BV,True,35,False,,1C_106/2014 E. A;2C_1/2017 E. 4.1.1;2C_1011/2019 E. 3.3.2;2C_105/2017 E. 3.7;2C_1050/2016 E. 7;2C_143/2022 E. 4.4;2C_150/2022 E. 5.2;2C_27/2016 E. 6.3.4;2C_323/2018 E. 6.5.2;2C_323/2024 E. 4.7;2C_357/2022 E. 4.5.1;2C_363/2016 E. 2.1;2C_375/2022 E. 5.1.2;2C_402/2015 E. 3.2;2C_432/2023 E. 4.3;2C_654/2021 E. 3.4;2C_667/2020 E. 4.2.1;2C_692/2021 E. 5.2;2C_696/2023 E. 3.3;2C_716/2014 E. 3.1,has_parents_but_none_in_same_query_gold
train,train_0432,Art. 61 AsylG,True,3,False,,Art. 31 Abs. 3 AIG;Art. 65a Abs. 1 VZAE;Art. 85a Abs. 1 AIG,has_parents_but_none_in_same_query_gold
train,train_0432,Art. 85a AIG,True,4,False,,2C_175/2020 E. 4.2.3;2C_413/2019 E. 2.2;2C_939/2020 E. 2;BGE 147 I 268 E. 4.2.3,has_parents_but_none_in_same_query_gold
train,train_0433,Art. 43 AsylG,True,12,False,,2C_459/2011 26.04.2012 E. 2;2C_459/2011 26.04.2012 E. 3.2;2C_502/2017 E. 4.2.3;2P.139/2003 13.11.2003 E. 5;6B_118/2017 E. 1.2;6B_277/2011 03.11.2011 E. 1;Art. 31 Abs. 5 VZAE;BGE 130 I 1 E. 3.6;BGE 137 IV 297 E. 1.5.1;BGE 138 I 246 E. 3.2.2;BGE 138 I 246 E. 9.36;U 152/04 20.09.2005 E. 2,has_parents_but_none_in_same_query_gold
train,train_0433,Art. 61 AsylG,True,3,False,,Art. 31 Abs. 3 AIG;Art. 65a Abs. 1 VZAE;Art. 85a Abs. 1 AIG,has_parents_but_none_in_same_query_gold
train,train_0435,Art. 5 VwVG,True,1129,False,,12T_3/2021 E. 3;12T_3/2021 E. 4;1A.1/2000 08.05.2000 E. 2.-;1A.10/2004 18.10.2004 E. 2;1A.101/2001 13.08.2001 E. 1;1A.104/1999 05.04.2000 E. 1;1A.104/2001 15.03.2002 E. 1;1A.109/2006 05.10.2006 E. 1;1A.11/2005 06.07.2005 E. 1;1A.110/2003 28.10.2003 E. 1;1A.112/2006 19.09.2006 E. 1;1A.113/1999 26.05.2000 E. 1;1A.114/2001 14.03.2002 E. 1;1A.114/2005 12.09.2005 E. 1;1A.115/2001 08.10.2001 E. 2;1A.115/2003 23.02.2004 E. 1;1A.12/2004 30.09.2004 E. 1;1A.123/2002 22.10.2002 E. 1;1A.123/2002 22.10.2002 E. 1.6;1A.123/2005 10.11.2005 E. 1,has_parents_but_none_in_same_query_gold
train,train_0435,Art. 16 EleG,True,8,False,,1A.120/2006 12.02.2007 E. F;1C_417/2017 E. 6.1;1C_418/2017 E. 3.1;1C_419/2017 E. 5.1;1C_78/2012 10.10.2012 E. 7;Art. 13 Abs. 2 EleG;Art. 23 EleG;Art. 55 Abs. 1 EleG,has_parents_but_none_in_same_query_gold
train,train_0436,Art. 87 FIDLEG,False,0,False,,,no_parent_edges_found
train,train_0437,Art. 12 DBG,True,10,False,,2C_259/2021 E. 6.2;2C_476/2021 E. 2.4;2C_80/2012 16.01.2013 E. 4;5P.134/2002 05.09.2002 E. 1;5P.134/2002 05.09.2002 E. 2;5P.134/2002 05.09.2002 E. A;9C_273/2024 E. 5.3.1;9C_273/2024 E. 5.3.2;9C_273/2024 E. 5.3.3;Art. 9 Abs. 2 642.121,has_parents_but_none_in_same_query_gold
train,train_0440,Art. 19 DesG,False,0,False,,,no_parent_edges_found
train,train_0440,Art. 9 DesG,True,13,False,,4C.121/2003 14.07.2003 E. 1;4C.28/2004 13.07.2004 E. 2;4C.28/2004 13.07.2004 E. 2.2;4C.32/2004 10.06.2004 E. 3.1;4C.32/2004 10.06.2004 E. 3.2;4C.32/2004 10.06.2004 E. 3.3;Art. 11 DesG;BGE 129 III 545 E. 1;BGE 130 III 636 E. 2;BGE 130 III 636 E. 2.2;BGE 130 III 645 E. 3.1;BGE 130 III 645 E. 3.2;BGE 130 III 645 E. 3.3,has_parents_but_none_in_same_query_gold
train,train_0440,Art. 1 MSchG,True,26,False,,2C_713/2007 20.05.2008 E. 3.4;4A.15/2006 13.12.2006 E. 5;4A_116/2007 27.06.2007 E. 6;4A_129/2007 18.07.2007 E. 3;4A_347/2007 11.03.2008 E. 2.5;4A_363/2016 E. 3.3.3;4A_363/2016 E. 3.3.4;4A_389/2016 E. 4.2;4A_455/2008 01.12.2008 E. 2;4A_466/2007 23.01.2008 E. 3.3.2;4A_518/2021 06.04.2022 E. 6.3.1;4A_528/2013 E. 5.3.2;4A_566/2008 E. 2.4;4A_588/2024 E. 5.1;4C.142/2001 30.01.2002 E. 2;4C.354/1999 12.01.2000 E. 2;4C.46/2003 02.07.2003 E. 5;Art. 75 Abs. 2 MSchG;BGE 128 III 146 E. 2bb;BGE 134 II 223 E. 3.4.4,has_parents_but_none_in_same_query_gold
train,train_0440,Art. 55 MSchG,True,33,False,,4A_11/2020 E. 4.1;4A_207/2010 09.06.2011 E. 4;4A_265/2020 E. 10.3;4A_265/2020 E. 5;4A_265/2020 E. 5.2;4A_28/2021 E. 6.6.4;4A_286/2022 E. 6.3.1;4A_286/2022 E. 6.3.2;4A_286/2022 E. 7.2;4A_286/2022 E. 9.3;4A_286/2022 E. 9.3.3;4A_286/2022 E. 9.4;4A_297/2020 E. 2.3;4A_379/2019 E. 5.2;4A_379/2019 E. 5.4;4A_379/2019 E. 8.1;4A_379/2019 E. 8.1.1;4A_379/2019 E. 8.1.3;4A_379/2019 E. 8.3;4A_587/2021 E. 9,has_parents_but_none_in_same_query_gold
train,train_0440,Art. 57 MSchG,True,5,False,,4A_379/2019 E. 4.2;4A_379/2019 E. 5.2;4A_587/2021 E. 9.3;4C.52/2007 14.05.2007 E. 2;BGE 146 III 89 E. 3,has_parents_but_none_in_same_query_gold
train,train_0441,Art. 144 StGB,True,89,False,,1B_121/2019 E. 3.3;1B_184/2012 27.08.2012 E. 4;1B_195/2016 E. A;1B_244/2017 E. 2.2;1B_248/2011 29.11.2011 E. 3;1B_254/2014 E. 3.1;1B_283/2016 E. 5.4;1B_293/2023 E. 2;1B_347/2022 E. 4.4;1B_365/2014 12.01.2015 E. 3;1B_418/2018 E. 2.7;1B_422/2018 E. 2.7;1B_432/2011 20.09.2012 E. 3;1B_432/2011 20.09.2012 E. 4;1B_435/2011 13.09.2011 E. 3;1B_553/2017 E. 3.4;1B_556/2019 E. 2.1;1B_579/2011 01.11.2011 E. 3;1B_80/2009 07.04.2009 E. 2;1B_95/2015 E. A,has_parents_but_none_in_same_query_gold
train,train_0444,Art. 360 ZGB,True,4,False,,2C_622/2017 E. 2.2.4;5A_339/2009 29.09.2009 E. 6;BGE 121 IV 216 E. 3b;BGE 121 IV 216 E. 3c,has_parents_but_none_in_same_query_gold
train,train_0444,Art. 362 ZGB,True,1,False,,5A_674/2023 E. 6.2,has_parents_but_none_in_same_query_gold
train,train_0444,Art. 13 OR,True,29,False,,1C_61/2010 02.11.2010 E. 4;2C_143/2023 E. 5.3.3;2C_203/2023 E. 4.5;2C_72/2016 E. 5.5.1;2C_761/2022 E. 3.5;4A_32/2024 E. 5;4A_32/2024 E. 5.4.1;4A_32/2024 E. 5.4.2;4A_32/2024 E. 5.4.3;4A_460/2021 E. 3.1.2;4A_460/2021 E. 3.4;4A_545/2019 E. 5.2.4;4C.110/2003 08.07.2003 E. 3;4C.308/2004 10.11.2004 E. 2.2;4C.407/2004 07.01.2005 E. 3;5A_271/2008 11.06.2008 E. 3;5A_45/2024 E. 3;5A_45/2024 E. 4.1;5A_462/2022 E. 2.1.1;5A_482/2014 E. 3,has_parents_but_none_in_same_query_gold
train,train_0444,Art. 512 ZGB,True,7,False,,2C_114/2020 E. 4.3;2C_114/2020 E. A;5A_161/2010 08.07.2010 E. 5;5A_462/2022 E. 1;5A_462/2022 E. 2.1.1;5P.81/2005 15.07.2005 E. 2;6S.205/2002 06.01.2004 E. 5,has_parents_but_none_in_same_query_gold
train,train_0449,Art. 1a AHVG,True,32,False,,2C_348/2013 23.06.2014 E. 6.2;2C_348/2013 23.06.2014 E. 6.4;8C_788/2023 E. 3.3;8C_83/2022 E. 5.3;9C_157/2021 E. 4.2;9C_175/2025 E. 2;9C_294/2007 10.10.2007 E. 4;9C_370/2021 E. 4.1;9C_370/2021 E. 4.2;9C_474/2011 17.02.2012 E. 1;9C_492/2015 E. 5.2;9C_510/2020 E. 3.2;9C_760/2018 E. 5;9C_760/2018 E. 6.1;9C_760/2018 E. 6.3.7;9C_917/2009 25.05.2010 E. 2;Art. 141quater Abs. 1 AHVV;Art. 141quater Abs. 4 AHVV;Art. 141quinquies Abs. 1 AHVV;Art. 52d Abs. 1 AHVV,has_parents_but_none_in_same_query_gold
train,train_0449,Art. 1a UVG,True,65,False,,4A_442/2018 E. 2.2.2;8C_115/2020 E. 2.2;8C_115/2020 E. 4;8C_116/2015 05.05.2015 E. 4.5;8C_117/2023 E. 4.2;8C_297/2020 E. 2.2.2;8C_297/2020 E. 2.2.3;8C_297/2020 E. 2.2.4;8C_297/2020 E. 3.1;8C_297/2020 E. 3.3.4;8C_297/2020 E. A;8C_315/2021 E. 4.1;8C_343/2020 E. 1;8C_348/2021 E. 5;8C_358/2011 28.06.2011 E. 3.1;8C_372/2022 E. 2.3;8C_383/2019 E. 3;8C_402/2022 14.12.2022 E. 5.2;8C_402/2022 14.12.2022 E. 6.3.1;8C_402/2022 14.12.2022 E. 6.3.2,has_parents_but_none_in_same_query_gold
train,train_0449,Art. 1a MVG,True,1,False,,Art. 3 Abs. 2 MVG,has_parents_but_none_in_same_query_gold
train,train_0452,Art. 335 ZGB,True,16,False,,2A.457/2001 04.03.2002 E. A;5A_30/2025 E. 3;5A_401/2010 11.08.2010 E. 3;5A_669/2022 E. 4.3;5A_669/2022 E. 4.3.1;5A_669/2022 E. 4.6.2;5A_817/2009 11.02.2010 E. 1;5A_817/2009 11.02.2010 E. 2;5C.9/2001 18.05.2001 E. 2;5C.9/2001 18.05.2001 E. 3;5F_3/2024 E. 4.2;7B_207/2024 E. 1.4;7B_870/2024 E. 2.4;8C_716/2008 05.12.2008 E. A;9C_637/2022 E. 4.2;BGE 127 III 337 E. 2c,has_parents_but_none_in_same_query_gold
train,train_0452,Art. 488 ZGB,True,7,False,,2C_242/2014 E. 2.2.2;2C_242/2014 E. 2.2.8;5A_377/2016 E. 3.4.2;5A_894/2013 E. 2;5C.53/2006 12.04.2007 E. 5;5C.54/2006 12.04.2007 E. 3;5C.9/2001 18.05.2001 E. 3,has_parents_but_none_in_same_query_gold
train,train_0453,Art. 31 BV,True,634,False,,1A.283/2000 20.11.2000 E. 3;1B_1/2023 E. 3.1;1B_100/2009 20.05.2009 E. 2;1B_100/2018 E. 2.1;1B_102/2011 22.03.2011 E. 2;1B_103/2013 27.03.2013 E. 5;1B_104/2007 25.06.2007 E. 2;1B_104/2007 25.06.2007 E. 3;1B_104/2009 18.05.2009 E. 3;1B_104/2018 E. 1.3;1B_108/2015 E. 5.3;1B_12/2007 26.02.2007 E. 2;1B_120/2023 E. 2.1;1B_121/2019 E. 2;1B_121/2019 E. 3;1B_121/2019 E. 3.1;1B_122/2009 10.06.2009 E. 2;1B_123/2008 02.06.2008 E. 2;1B_124/2023 E. 1.2;1B_125/2020 E. 3.3,has_parents_but_none_in_same_query_gold
train,train_0455,Art. 264 StPO,True,102,True,Art. 248 Abs. 1 StPO,1B_136/2012 25.09.2012 E. 3;1B_172/2023 E. 2.1;1B_197/2014 E. 3.1;1B_198/2018 E. 2.5;1B_210/2017 E. 6.6;1B_219/2017 E. 3.1;1B_231/2013 E. 2;1B_231/2013 E. 3.2;1B_231/2013 E. 4.2;1B_249/2015 E. 8.18.4;1B_269/2017 E. 2.3;1B_27/2012 27.06.2012 E. 4;1B_273/2021 E. 3.3;1B_309/2012 06.11.2012 E. 3;1B_313/2013 E. 2.2;1B_314/2013 E. 2.2;1B_322/2016 E. 1.2.2;1B_347/2015 E. 4.3;1B_361/2016 E. 2;1B_369/2022 E. 3,parent_in_same_query_gold
train,train_0455,Art. 143 StPO,True,31,False,,1B_349/2022 E. 4.1;4A_368/2023 E. 4.4.1;6B_1025/2016 E. 1.3.3;6B_1085/2019 E. 1.2;6B_1085/2019 E. 2.3;6B_1085/2019 E. 2.4;6B_1162/2013 E. 1.5;6B_1163/2016 E. 2.5;6B_1401/2016 E. 2.2;6B_182/2016 E. 1.2;6B_193/2023 E. 5.3;6B_270/2021 E. 1.3.1;6B_295/2024 E. 1.1;6B_295/2024 E. 1.2;6B_466/2019 E. 1.1;6B_500/2012 04.04.2013 E. 1.2;6B_518/2014 E. 1.5;6B_655/2016 E. 1.4.3;6B_673/2014 E. 8.1;6B_676/2013 E. 4.4.3,has_parents_but_none_in_same_query_gold
train,train_0457,Art. 263 StGB,True,34,False,,1B_199/2018 E. 5.1;1B_199/2018 E. 5.2;1B_199/2018 E. 5.3;1B_322/2017 E. 2.2;1B_322/2017 E. 2.6;1B_403/2022 E. 3.3.2;5A_159/2015 E. 4.1;6A.98/2001 03.10.2002 E. 1;6A.98/2001 03.10.2002 E. 2;6B_1050/2020 E. 5.1;6B_1050/2020 E. 5.2;6B_1363/2019 E. 1.9;6B_1363/2019 E. 2.4.3;6B_239/2009 13.07.2009 E. 5;6B_239/2009 13.07.2009 E. B;6B_257/2020 24.06.2021 E. 4;6B_257/2020 24.06.2021 E. 4.4;6B_360/2020 E. 1.3.1;6B_360/2020 E. 1.3.3;6B_360/2020 E. 1.3.4,has_parents_but_none_in_same_query_gold
train,train_0458,Art. 30 DBG,True,17,False,,2A.11/2002 11.02.2002 E. 3;2A.122/2005 16.09.2005 E. 2.2;2A.122/2005 16.09.2005 E. 3;2A.193/2004 09.11.2004 E. 4.2;2A.311/2003 02.03.2004 E. 5;2A.323/2003 30.01.2004 E. 2;2A.445/2004 07.06.2005 E. 6;2C_1118/2015 E. 2.2;2C_1118/2015 E. 2.3.2;2C_1273/2012 E. 2.1;2C_199/2017 E. 5.1;2C_199/2017 E. 5.2;2C_308/2009 14.10.2009 E. 2;2C_383/2012 06.09.2012 E. 2;2C_383/2012 06.09.2012 E. 3;2C_741/2011 19.01.2012 E. 2;BGE 130 II 202 E. 3.1,has_parents_but_none_in_same_query_gold
train,train_0460,Art. 3 BEG,True,1,False,,5A_1026/2019 E. 3.3.1,has_parents_but_none_in_same_query_gold
train,train_0460,Art. 27 BEG,False,0,False,,,no_parent_edges_found
train,train_0460,Art. 24 BEG,True,1,False,,4F_7/2020 E. 5.2.2,has_parents_but_none_in_same_query_gold
train,train_0460,Art. 28 BEG,True,1,True,Art. 29 Abs. 5 BEG,Art. 29 Abs. 5 BEG,parent_in_same_query_gold
train,train_0460,Art. 29 BEG,False,0,False,,,no_parent_edges_found
train,train_0466,Art. 36 PatG,True,2,False,,4A_131/2016 E. 7;Art. 74 PatG,has_parents_but_none_in_same_query_gold
train,train_0468,Art. 715 ZGB,True,5,False,,5A_474/2012 09.07.2012 E. 1;6B_1161/2021 21.04.2023 E. 12.10.5;6B_1161/2021 21.04.2023 E. 12.9.8;9C_630/2023 E. 3.3.1;9C_630/2023 E. 3.3.2,has_parents_but_none_in_same_query_gold
train,train_0469,Art. 16a JStG,True,3,True,Art. 294 Abs. 2 StGB,Art. 16 Abs. 2 363;Art. 19 Abs. 4 JStG;Art. 294 Abs. 2 StGB,parent_in_same_query_gold
train,train_0469,Art. 294 StGB,True,8,False,,2C_639/2023 E. 1.3;2C_639/2023 E. 1.4;6B_109/2007 17.03.2008 E. 5;6B_109/2007 17.03.2008 E. 7;6B_585/2008 19.06.2009 E. 2;Art. 67c Abs. 9 StGB;BGE 134 IV 82 E. 5;BGE 134 IV 82 E. 7.3,has_parents_but_none_in_same_query_gold
train,train_0471,Art. 757 OR,True,34,False,,4A_15/2013 E. B;4A_218/2020 E. 6;4A_218/2020 E. A;4A_231/2011 20.09.2011 E. 2;4A_267/2008 08.12.2008 E. 1;4A_267/2008 08.12.2008 E. 2;4A_267/2008 08.12.2008 E. 3;4A_306/2009 08.02.2010 E. 7.1;4A_384/2016 E. 2.1.2;4A_384/2016 E. 2.3;4A_425/2015 10.12.2015 E. 4.4;4A_446/2009 08.12.2009 E. 2;4A_507/2007 22.02.2008 E. 3;4A_509/2007 28.01.2008 E. 2;4A_97/2013 E. 2;4C.111/2004 09.11.2004 E. 3;4C.263/2004 23.05.2005 E. 1;4C.312/2005 10.01.2006 E. 2;4C.312/2005 10.01.2006 E. 4;4C.363/2006 13.03.2007 E. 4,has_parents_but_none_in_same_query_gold
train,train_0472,Art. 960e OR,True,6,False,,2C_1059/2019 E. 3.1.2;2C_1059/2019 E. 4.1.1;2C_282/2022 E. 4.2;BGE 147 II 209 E. 3.1.2;BGE 147 II 209 E. 4.1.1;BGE 147 II 209 E. 4.2.1,has_parents_but_none_in_same_query_gold
train,train_0473,Art. 16 GBV,True,1,False,,Art. 86 Abs. 3 GBV,has_parents_but_none_in_same_query_gold
train,train_0473,Art. 6 GBV,True,1,False,,5A_341/2019 E. D,has_parents_but_none_in_same_query_gold
train,train_0473,Art. 949a ZGB,True,1,False,,5A_250/2018 E. 3.1,has_parents_but_none_in_same_query_gold
train,train_0473,Art. 160 GBV,True,1,False,,Art. 160a Abs. 1 GBV,has_parents_but_none_in_same_query_gold
train,train_0473,Art. 5 GBV,True,1,False,,Art. 54 Abs. 5 GBV,has_parents_but_none_in_same_query_gold
train,train_0474,Art. 123 StGB,True,135,False,,1B_1/2020 E. 5.2;1B_102/2012 24.05.2012 E. 2.5;1B_12/2013 01.02.2013 E. 4;1B_123/2011 11.07.2011 E. 2;1B_174/2013 27.05.2013 E. 3;1B_236/2014 E. 4.1;1B_288/2019 E. 4.3;1B_400/2019 E. 2.1;1B_412/2021 E. 3.3.2;1B_422/2017 E. 3.3;1B_435/2011 13.09.2011 E. 3;1B_579/2011 01.11.2011 E. 3;1B_606/2011 16.11.2011 E. 2;1B_69/2008 26.03.2008 E. 1;1B_77/2014 E. 2.1;1B_8/2011 20.01.2011 E. 2.5;1B_82/2014 E. 3.2;1B_96/2008 06.05.2008 E. 3;1C_104/2022 E. A;1C_382/2012 10.10.2012 E. 2,has_parents_but_none_in_same_query_gold
train,train_0474,Art. 49 StGB,True,306,True,BGE 143 IV 145 E. 8.2.3,1A.125/2002 23.09.2002 E. 3;1B_108/2015 E. 4;1B_115/2007 12.07.2007 E. 4;1B_12/2007 26.02.2007 E. 3;1B_125/2020 E. 3.5;1B_145/2007 19.09.2007 E. 4;1B_167/2007 28.08.2007 E. 2;1B_23/2014 E. 2.3.1;1B_258/2012 10.07.2012 E. 3;1B_330/2015 E. 4.3;1B_541/2017 E. 3.3;1B_96/2018 E. 2.3.2;1C_215/2021 E. 2.2;1C_248/2020 E. 3.3;1C_59/2023 E. 5.6;1C_621/2019 E. 4.3;1C_629/2020 E. 3.2;1C_710/2013 E. 3.2;1C_710/2013 E. 3.3;1P.148/2004 12.05.2004 E. 2,parent_in_same_query_gold
train,train_0475,Art. 46 VwVG,True,32,False,,1C_308/2018 E. 2.4;2C_314/2008 17.09.2008 E. 2;2C_314/2008 17.09.2008 E. 3;2C_318/2008 17.09.2008 E. 3;2C_318/2008 17.09.2008 E. 4;2C_318/2008 17.09.2008 E. 5;2C_359/2017 23.03.2018 E. 1.2.4;2C_412/2012 27.03.2013 E. 1.2;2C_440/2019 E. 3.4.3;2C_450/2012 27.03.2013 E. 1.2;2C_720/2016 E. 2.1;2C_87/2020 E. 3.2.3;2C_87/2020 E. 3.3;2C_88/2020 E. 3.2.3;2C_88/2020 E. 3.3;2C_97/2015 E. 1.3.1;8C_123/2019 E. 1.2.1;8C_447/2015 E. 2.1;8C_690/2014 E. 5.1;9C_174/2020 E. 6.2.1,has_parents_but_none_in_same_query_gold
train,train_0478,Art. 12 StHG,True,161,False,,2A.116/2007 13.06.2008 E. 1;2A.116/2007 13.06.2008 E. 3.2;2A.116/2007 13.06.2008 E. 4;2A.20/2005 17.10.2005 E. 2;2A.311/2003 02.03.2004 E. 1;2A.311/2003 02.03.2004 E. 3;2A.311/2003 02.03.2004 E. 5;2A.323/2003 30.01.2004 E. 2;2A.445/2004 07.06.2005 E. 1;2A.445/2004 07.06.2005 E. 4;2A.7/2006 10.01.2006 E. 3;2A.753/2006 20.06.2007 E. 1;2A.86/2005 12.10.2005 E. 2.2;2A.9/2004 21.02.2005 E. 1;2C_1000/2018 E. 2.2;2C_1026/2012 01.04.2013 E. 4;2C_1040/2014 E. 2.3;2C_1045/2013 E. 2.2;2C_1055/2019 E. 2.2.1;2C_1094/2018 E. 2.3,has_parents_but_none_in_same_query_gold
train,train_0479,Art. 141 StPO,True,210,False,,1B_124/2015 E. 1.1;1B_124/2015 E. 2.1.2;1B_134/2015 22.09.2015 E. 3.1;1B_159/2022 E. 4.1;1B_179/2012 13.04.2012 E. 2;1B_181/2018 E. 1.1;1B_210/2017 E. 2;1B_210/2017 E. 4.3;1B_210/2017 E. 6;1B_249/2015 E. 4;1B_249/2015 E. 9.8;1B_25/2023 E. 2.2;1B_25/2023 E. 2.4;1B_26/2016 E. 2;1B_266/2017 E. 2.2;1B_266/2017 E. 2.7;1B_286/2022 E. 4.3;1B_311/2015 E. 3.1;1B_311/2015 E. 3.3;1B_339/2017 E. 2.7,has_parents_but_none_in_same_query_gold
train,train_0480,Art. 237 ZPO,True,47,False,,4A_142/2015 E. 5;4A_144/2015 E. 5;4A_145/2023 E. 1.3;4A_145/2023 E. B;4A_172/2011 28.06.2011 E. 2;4A_197/2022 E. 2.4.1;4A_291/2015 03.02.2016 E. 3.3;4A_315/2022 E. B;4A_355/2013 E. 3.1;4A_428/2020 E. 7.1;4A_444/2018 E. 1;4A_503/2020 E. 1;4A_534/2020 E. 2;4A_534/2020 E. 2.2;4A_534/2020 E. A;4A_591/2015 E. 2.2;4A_591/2015 E. 2.2.1;4A_591/2015 E. 2.2.2;4A_642/2014 E. 3.6.1;4A_642/2014 E. 3.6.2,has_parents_but_none_in_same_query_gold
train,train_0480,Art. 75 BGG,True,2306,False,,1B_30/2017 E. 2.2;2C_108/2019 E. 2;2C_159/2015 E. 2.1;2C_225/2009 16.10.2009 E. 1;2C_486/2016 E. 2.1;2C_486/2016 E. 2.2;2C_786/2019 E. 3;2F_10/2022 E. 3.1;2F_26/2023 E. 2.1;4A_10/2016 E. 1.1;4A_100/2015 E. 1.1;4A_100/2021 E. 1.1;4A_101/2024 E. 1.1;4A_105/2014 E. 1;4A_105/2016 E. 1.2;4A_105/2022 E. 3.3;4A_105/2024 E. 1;4A_109/2018 E. 1;4A_109/2019 E. 1;4A_11/2016 E. 1,has_parents_but_none_in_same_query_gold
train,train_0480,Art. 76 BGG,True,496,False,,11Z_1/2025 E. 2.1;2C_71/2010 22.09.2010 E. 1;4A_1/2016 E. 1.1;4A_100/2015 E. 1.1;4A_100/2021 E. 1.1;4A_101/2024 E. 1.1;4A_103/2017 E. 1.2;4A_104/2021 E. 1.1;4A_105/2014 E. 1;4A_105/2017 E. 1;4A_105/2024 E. 1;4A_109/2018 E. 1;4A_109/2019 E. 1.1;4A_11/2016 E. 1;4A_111/2014 E. 1;4A_112/2023 E. 1;4A_113/2014 E. 1;4A_115/2020 E. 1.1;4A_116/2015 09.11.2015 E. 2.1;4A_116/2023 E. 1,has_parents_but_none_in_same_query_gold
train,train_0480,Art. 119 BGG,True,51,False,,1C_362/2024 E. 1;2C_1006/2016 E. 1.2.2;2C_1014/2015 E. 2.3;2C_1021/2016 18.07.2017 E. 4.2;2C_167/2009 20.08.2009 E. 3;2C_212/2018 E. 2.2;2C_224/2007 10.09.2007 E. 3;2C_233/2016 E. 1.1;2C_24/2023 E. 1.2;2C_257/2016 E. 1.2.4;2C_296/2022 E. 2;2C_301/2016 E. 6.1;2C_301/2016 E. 6.2;2C_338/2015 E. 2.1;2C_384/2016 E. 1.3;2C_4/2022 E. 1.2;2C_412/2019 E. 1.3;2C_425/2017 E. 1.3;2C_487/2020 E. 1.3;2C_64/2007 29.03.2007 E. 2,has_parents_but_none_in_same_query_gold
train,train_0482,Art. 41 OR,True,556,False,,1A.128/2001 18.01.2002 E. 3;1A.203/2004 16.03.2005 E. 4;1A.228/2004 03.08.2005 E. 9;1A.230/2006 05.06.2007 E. 3;1A.270/1999 19.05.2000 E. 2;1B_39/2012 10.05.2012 E. 3.1;1B_41/2011 24.03.2011 E. 2.1;1B_460/2022 E. 2.3.2;1B_80/2019 E. 3.3;1C_406/2008 05.02.2009 E. 1.2;1C_502/2015 E. 5.3.4;1C_908/2013 E. 2.3;1P.119/2000 09.10.2000 E. 2;1P.126/2005 27.04.2005 E. 3;1P.14/2000 31.01.2000 E. 1;1P.164/2002 25.06.2002 E. 1;1P.176/2005 28.06.2005 E. 4;1P.18/2007 30.07.2007 E. 3.3;1P.188/2005 14.07.2005 E. 3;1P.189/2003 15.12.2003 E. 1,has_parents_but_none_in_same_query_gold
train,train_0483,Art. 55a KVG,True,158,False,,2C_856/2011 18.01.2012 E. 3;2P.231/2006 10.01.2007 E. 5;2P.305/2002 27.11.2003 E. 2.2;2P.305/2002 27.11.2003 E. 2.2.2;2P.305/2002 27.11.2003 E. 3;2P.305/2002 27.11.2003 E. 3.1;2P.305/2002 27.11.2003 E. 3.3;2P.305/2002 27.11.2003 E. 5.2.1;2P.305/2002 27.11.2003 E. 5.2.2;2P.305/2002 27.11.2003 E. 5.3.2;2P.305/2002 27.11.2003 E. 6.2;2P.305/2002 27.11.2003 E. 6.3;2P.305/2002 27.11.2003 E. 6.3.1;2P.305/2002 27.11.2003 E. 6.3.3;2P.305/2002 27.11.2003 E. 6.3.4;2P.305/2002 27.11.2003 E. 7.2.1;2P.305/2002 27.11.2003 E. 7.2.2;2P.305/2002 27.11.2003 E. 8.2;9C_133/2008 16.05.2008 E. 1;9C_14/2024 E. 10.3,has_parents_but_none_in_same_query_gold
train,train_0485,Art. 965 ZGB,True,14,False,,5A.14/2001 29.01.2002 E. 3;5A_341/2019 E. 5.4;5A_341/2019 E. 5.6.2;5A_383/2010 10.12.2010 E. 2;5A_454/2013 16.10.2013 E. 4.3;5A_614/2008 26.11.2008 E. 3;5A_614/2008 26.11.2008 E. 4;5A_803/2013 E. 2.2;BGE 121 III 97 E. 1b;BGE 121 III 97 E. 1c;BGE 135 III 103 E. 3.1;BGE 135 III 103 E. 4.4;BGE 147 III 1 E. 5.4;BGE 147 III 1 E. 5.6.2,has_parents_but_none_in_same_query_gold
train,train_0485,Art. 559 ZGB,True,34,False,,2C_195/2015 E. 4.4;2C_484/2018 E. 2.2;5A_162/2007 16.07.2007 E. 5;5A_221/2023 E. 1;5A_441/2020 E. 1.1;5A_441/2020 E. B;5A_495/2010 10.01.2011 E. 2;5A_595/2024 E. 3.3.2;5A_595/2024 E. 3.3.5;5A_595/2024 E. 3.3.7;5A_661/2007 06.06.2008 E. 2;5A_735/2018 E. 2;5A_757/2016 E. 1.1;5A_757/2016 E. 3.3.2;5A_757/2016 E. 3.3.3;5A_757/2016 E. 3.3.4;5C.126/2006 23.08.2006 E. 3;5D_305/2020 E. 3.2;5D_305/2020 E. 3.4;5D_305/2020 E. 4.2,has_parents_but_none_in_same_query_gold
train,train_0485,Art. 87 GBV,False,0,False,,,no_parent_edges_found
train,train_0485,Art. 50 GBV,False,0,False,,,no_parent_edges_found
train,train_0487,Art. 8 StPO,True,58,False,,1B_222/2016 E. 1.3;1B_222/2016 E. 2;1B_222/2016 E. 3.4;1B_222/2016 E. 3.5;1B_324/2012 26.11.2012 E. 3;6B_1053/2015 E. 4.2.1;6B_1094/2016 E. 2.3.1;6B_1095/2015 E. 2.1;6B_1104/2017 E. 2.3.1;6B_1120/2018 E. 3.2.1;6B_117/2018 E. 1.1;6B_1197/2019 05.05.2020 E. 3.1;6B_1220/2016 E. 1.3.1;6B_1362/2020 E. 10.3.5;6B_1407/2016 E. 3.2;6B_158/2021 E. 2.4.1;6B_167/2018 E. 1.1;6B_192/2014 E. 2.1;6B_215/2013 E. 2.1;6B_215/2013 E. 2.2,has_parents_but_none_in_same_query_gold
train,train_0487,Art. 21 JStG,True,1,False,,Art. 11 Abs. 1 JStG,has_parents_but_none_in_same_query_gold
train,train_0487,Art. 10 JStPO,False,0,False,,,no_parent_edges_found
train,train_0487,Art. 31 StPO,True,18,False,,1B_279/2015 E. 1;1B_86/2021 E. 2;1B_88/2023 26.05.2023 E. 3.1;1B_88/2023 26.05.2023 E. 3.3;1B_91/2023 E. 3.1;1B_91/2023 E. 3.3;6B_1029/2021 E. 1.2.3;6B_1237/2018 E. 1.5.1;6B_1395/2021 E. 6.1;6B_1427/2020 E. 3.1;6B_15/2019 E. 1.3;6B_15/2019 E. 1.4;6B_214/2019 E. 4.4;6B_214/2019 E. 4.5;6B_372/2018 E. 1.2;6B_584/2016 E. 1.1.2;6B_672/2021 E. 3.3;BGE 148 IV 385 E. 1.2.3.3,has_parents_but_none_in_same_query_gold
train,train_0487,Art. 168 StPO,True,21,False,,1B_125/2015 E. 3.4;1B_249/2015 E. 9.6;1B_269/2017 E. 2.3;1B_361/2016 E. 5.2;1B_611/2021 E. 7.2;6B_1139/2016 E. 1;6B_1139/2016 E. 3;6B_129/2024 E. 2.4.5;6B_129/2024 E. 2.4.6;6B_235/2021 E. 2.2.3;6B_235/2021 E. 2.4.4;6B_323/2021 E. 2.3.3;6B_515/2014 E. 5.5;6B_773/2022 26.10.2022 E. 4.2;6B_967/2019 E. 2.3.2;6B_967/2019 E. 2.3.3;6B_967/2019 E. 2.3.4;6B_967/2019 E. 2.3.6;7B_254/2022 E. 2.1;BGE 142 IV 207 E. 9.6,has_parents_but_none_in_same_query_gold
train,train_0490,Art. 8 RAG,True,1,False,,Art. 23 Abs. 3 RAG,has_parents_but_none_in_same_query_gold
train,train_0490,Art. 5 RAG,True,2,False,,2C_505/2010 07.04.2011 E. 3;Art. 43 Abs. 5 RAG,has_parents_but_none_in_same_query_gold
train,train_0490,Art. 7 RAG,True,3,False,,2C_163/2014 E. 2.2;4A_418/2015 E. A;Art. 23 Abs. 3 RAG,has_parents_but_none_in_same_query_gold
train,train_0490,Art. 6 RAG,True,4,False,,2C_163/2014 E. 3.2;2C_602/2018 E. 3.2.2;5P.425/2006 27.11.2006 E. 2;Art. 39a RAG,has_parents_but_none_in_same_query_gold
train,train_0490,Art. 9 RAG,True,1,False,,Art. 9a Abs. 1 RAV,has_parents_but_none_in_same_query_gold
train,train_0490,Art. 35 FIDLEG,True,2,False,,Art. 35 Abs. 1bis FIDLEG;Art. 8 Abs. 5 FIDLEG,has_parents_but_none_in_same_query_gold
train,train_0490,Art. 644 OR,True,2,False,,4A.9/2006 18.07.2006 E. 3;BGE 132 III 668 E. 3.3.2,has_parents_but_none_in_same_query_gold
train,train_0491,Art. 27 BV,True,1031,False,,1A.11/2005 06.07.2005 E. 4.1;1A.124/2003 23.09.2003 E. 6;1A.14/2006 18.08.2006 E. 1.3;1A.14/2006 18.08.2006 E. B;1A.15/2006 10.08.2006 E. 3;1A.151/2001 16.07.2002 E. 5;1A.153/2004 07.09.2004 E. 5;1A.153/2004 07.09.2004 E. C;1A.253/2005 17.02.2006 E. 2.6;1A.71/2004 08.03.2005 E. 3;1A.71/2004 08.03.2005 E. 9;1A.71/2004 08.03.2005 E. 9.2;1A.71/2004 08.03.2005 E. D;1B_120/2018 29.05.2018 E. 1.4;1B_153/2009 10.09.2009 E. 1;1B_153/2009 10.09.2009 E. 2;1B_193/2017 E. 3.7;1B_193/2017 E. C;1B_229/2017 E. 1.5;1B_231/2013 E. 3.3,has_parents_but_none_in_same_query_gold
train,train_0494,Art. 24 UVG,True,163,False,,1C_106/2008 24.09.2008 E. 6;1C_320/2019 E. 4.2;4A_206/2014 18.09.2014 E. 5.3.2;5P.329/2003 23.12.2003 E. 5;8C_10/2009 03.08.2009 E. 3;8C_106/2021 E. 3;8C_117/2011 19.08.2011 E. 2;8C_133/2011 03.05.2011 E. 3;8C_133/2011 03.05.2011 E. 4;8C_134/2021 E. 3.1;8C_139/2009 26.08.2009 E. 3;8C_164/2007 13.09.2007 E. 3;8C_167/2015 E. 4;8C_168/2016 E. 2;8C_171/2011 01.09.2011 E. 4;8C_19/2017 E. 4.1;8C_219/2010 26.07.2010 E. 2;8C_239/2021 E. 3.1;8C_262/2007 27.06.2007 E. 1;8C_269/2025 E. 3.1,has_parents_but_none_in_same_query_gold
train,train_0495,Art. 234 ZPO,True,15,True,Art. 245 Abs. 2 ZPO,4A_156/2023 E. 2.3;4A_180/2020 E. 3.5;4A_182/2020 E. 3.5;4A_85/2020 E. 2.2;4A_85/2020 E. A;4D_42/2021 E. 4.1;4D_42/2021 E. 4.2;4D_42/2021 E. 4.3;5A_125/2016 E. 4.3;5A_150/2017 E. 2.2.2;5A_704/2015 E. 6.4;5A_764/2015 E. 1;Art. 245 Abs. 2 ZPO;BGE 146 III 194 E. 3.5;BGE 146 III 297 E. 2.2,parent_in_same_query_gold
train,train_0496,Art. 643 OR,True,6,False,,2C_196/2017 E. 4.3.1;4A_64/2024 E. 3.3.7;4C.164/2001 13.12.2001 E. 4;5A_353/2019 E. 3.6;BGE 128 III 137 E. 4b;BGE 145 II 49 E. 4.3.1,has_parents_but_none_in_same_query_gold
train,train_0497,Art. 97 OR,True,141,False,,1C_26/2008 18.06.2008 E. 2;2C_390/2016 06.11.2017 E. 5.3.1;2C_476/2025 E. 2.7;2C_574/2021 E. 4.3.1;4A_141/2022 E. 2;4A_148/2021 E. 4.4;4A_16/2012 02.05.2012 E. 4;4A_163/2021 E. 5;4A_187/2021 E. 3.1.1;4A_189/2012 02.10.2012 E. 5;4A_2/2020 E. 3.1;4A_2/2020 E. 3.4.5;4A_202/2019 E. 4.3;4A_216/2016 E. 3;4A_216/2016 E. 3.2;4A_217/2018 E. 4.4;4A_218/2021 E. 3.1.1;4A_232/2019 E. 3.4.2;4A_234/2014 E. 3.2;4A_237/2023 E. 5.4.2,has_parents_but_none_in_same_query_gold
train,train_0499,Art. 5 ChemG,True,2,True,Art. 50 Abs. 1 ChemG,Art. 5 Abs. 1 ChemV;Art. 50 Abs. 1 ChemG,parent_in_same_query_gold
train,train_0501,Art. 659 Abs. 5 OR,False,0,False,,,no_parent_edges_found
train,train_0501,Art. 112 OR,True,31,False,,1C_169/2024 E. 3.3;1C_563/2024 E. 5.3;2A.602/2005 27.02.2006 E. 3;2C_1143/2013 E. 3.2.3;4A_10/2013 E. 3.2;4A_10/2013 E. 3.3;4A_10/2013 E. 4.1;4A_109/2008 16.04.2008 E. 4;4A_152/2016 E. 4.2;4A_213/2008 29.07.2008 E. 5;4A_325/2014 E. 4;4A_350/2007 03.10.2007 E. 3;4A_627/2011 08.03.2012 E. 3;4C.217/2002 24.06.2003 E. 1;4C.316/2002 25.03.2003 E. 3;4C.346/2000 16.03.2001 E. 2;4D_64/2010 07.06.2010 E. 1;5A_454/2020 E. 3.2;5A_560/2023 E. 7.3;5A_876/2010 03.06.2011 E. 4,has_parents_but_none_in_same_query_gold
train,train_0501,Art. 698 OR,True,10,False,,4A_340/2021 E. 6.2;4C.324/2001 07.02.2002 E. 2;4C.327/2005 24.11.2006 E. 3;5A_425/2020 15.12.2022 E. 4.4.2;8C_433/2019 E. 5.2.4;8C_621/2018 E. 4.5.1;9C_335/2018 E. 6.2.2;BGE 128 III 142 E. 3b;BGE 145 V 200 E. 4.5.1;BGE 147 III 561 E. 6.2,has_parents_but_none_in_same_query_gold
train,train_0501,Art. 721 Abs. 2 OR,False,0,False,,,no_parent_edges_found
train,train_0501,Art. 652 OR,True,1,False,,6B_134/2014 E. 3.4,has_parents_but_none_in_same_query_gold
train,train_0501,Art. 2 ZGB,True,625,False,,1A.130/2000 16.11.2000 E. 2;1B_321/2013 E. 2.1;1C_151/2015 E. 3;1C_270/2011 29.08.2011 E. 5;1C_307/2020 E. 3;1C_307/2020 E. 5;1C_330/2012 22.04.2013 E. 5;1C_402/2008 25.05.2009 E. 5;1P.126/2005 27.04.2005 E. 3;1P.217/2000 27.06.2000 E. 3;1P.250/2000 26.02.2001 E. 4;1P.584/2006 22.12.2006 E. 5;1P.584/2006 22.12.2006 E. A;1P.659/2005 16.11.2005 E. 1;2A.455/2006 01.03.2007 E. C;2A.52/2003 23.01.2004 E. 5;2C_1057/2012 E. 4.2.1;2C_107/2017 E. 3.3.3;2C_112/2014 15.09.2014 E. 6.2.2;2C_117/2017 E. 3.2.1,has_parents_but_none_in_same_query_gold
train,train_0501,Art. 736 OR,True,3,False,,4P.55/2004 09.11.2004 E. 3;5A_235/2007 14.11.2007 E. 2;5A_235/2007 14.11.2007 E. 4,has_parents_but_none_in_same_query_gold
train,train_0502,Art. 27 IPRG,True,47,True,Art. 25 IPRG,2A.655/2004 11.04.2005 E. 2;2C_1000/2012 21.02.2013 E. 4;2C_209/2010 04.10.2010 E. 3;2C_568/2024 E. 6.3.1;4A_203/2014 E. 3.1;4A_203/2014 E. 4.3;4A_390/2024 E. 3.2;4A_461/2019 E. 4.2;4A_8/2008 05.06.2008 E. 3;4P.97/2006 20.07.2007 E. 3;5A.20/2005 21.12.2005 E. 3;5A_138/2020 E. 3;5A_185/2013 12.03.2013 E. 1;5A_199/2014 E. 2;5A_225/2008 23.04.2008 E. 1;5A_415/2011 21.09.2011 E. 2;5A_458/2023 E. 4;5A_519/2008 E. 5.1;5A_528/2020 E. 5;5A_544/2007 04.02.2008 E. 3,parent_in_same_query_gold
train,train_0503,Art. 9 GwG,True,50,True,Art. 37 Abs. 1 GwG,1A.87/2002 11.06.2002 E. A;1B_193/2018 E. 2.2;1B_195/2018 E. 2.2;1B_243/2021 E. 3.4;1B_433/2017 E. 1.2;1B_433/2017 E. 1.3;1B_433/2017 E. 1.5;1B_433/2017 E. 1.8;1B_433/2017 E. 4.8;1B_433/2017 E. 4.9;1B_433/2017 E. A;1B_437/2018 E. 1.2;1B_437/2018 E. 1.3;1B_437/2018 E. 1.5;1B_437/2018 E. A;1B_437/2018 E. B;1B_453/2018 E. A;1B_487/2018 E. A;1B_49/2021 E. 5.4;1B_604/2021 E. 5.2,parent_in_same_query_gold
train,train_0503,Art. 37 GwG,True,12,False,,1B_243/2021 E. A;1B_433/2017 E. 4.10;1B_433/2017 E. 5.2;1B_453/2018 E. 4;1B_453/2018 E. 4.1;1B_461/2021 E. A;1B_49/2021 E. A;1B_604/2021 E. B;1B_604/2021 E. D;1B_92/2023 E. 3;2C_192/2019 E. 4.3;2C_192/2019 E. 5.4.1,has_parents_but_none_in_same_query_gold
train,train_0503,Art. 2 WG,False,0,False,,,no_parent_edges_found
train,train_0503,Art. 146 StGB,True,580,False,,1A.113/2001 04.09.2001 E. 3;1A.125/2006 10.08.2006 E. 2;1A.128/2000 11.05.2000 E. 4;1A.13/2001 29.05.2001 E. 3;1A.132/2005 04.07.2005 E. 2;1A.132/2005 04.07.2005 E. 5;1A.144/2001 20.12.2001 E. 2;1A.145/2002 13.11.2002 E. 2;1A.153/2004 07.09.2004 E. 4;1A.153/2004 07.09.2004 E. B;1A.154/2003 25.09.2003 E. 5;1A.155/2002 20.08.2002 E. 2;1A.167/2003 10.11.2003 E. 3;1A.175/2004 25.11.2004 E. 2;1A.177/2001 20.11.2001 E. 4;1A.182/2001 26.03.2002 E. 4;1A.185/2005 09.12.2005 E. 2;1A.186/2005 09.12.2005 E. 2.4;1A.188/2005 24.10.2005 E. 2;1A.194/2002 15.11.2002 E. 3,has_parents_but_none_in_same_query_gold
train,train_0504,Art. 864 ZGB,True,2,False,,5A_402/2015 E. 6.1;5A_402/2015 E. 6.2,has_parents_but_none_in_same_query_gold
train,train_0505,Art. 285 StGB,True,74,False,,1A.288/2005 22.12.2005 E. 2;1B_164/2009 31.08.2009 E. 2.6;1B_171/2021 E. 4.2;1B_176/2016 E. A;1B_179/2022 E. 6.1.1;1B_179/2022 E. 6.1.2;1B_236/2014 E. 4.1;1B_251/2021 E. 4;1B_251/2021 E. 5.2;1B_254/2010 23.08.2010 E. 2;1B_254/2010 23.08.2010 E. 2.4;1B_254/2014 E. 3.1;1B_302/2008 25.11.2008 E. 1;1B_443/2011 28.11.2011 E. A;1B_69/2008 26.03.2008 E. 1;1C_154/2014 E. 1;1C_16/2010 16.11.2010 E. B;1C_176/2013 07.01.2014 E. 1;1C_181/2019 E. 10.5;1C_428/2009 13.10.2010 E. B,has_parents_but_none_in_same_query_gold
train,train_0505,Art. 217 StPO,True,15,False,,1B_175/2013 E. 4.4.2;1B_351/2012 20.09.2012 E. 1.1;1B_351/2012 20.09.2012 E. 2;1B_42/2021 E. 4.4.7;1B_698/2011 09.05.2012 E. 3.3;1C_176/2013 07.01.2014 E. 5.3;1C_23/2021 E. 3.2;6B_1070/2018 E. 1.3.2;6B_297/2014 E. 3.4.1;6B_743/2013 E. 3.3;7B_275/2024 E. 2;BGE 137 I 31 E. 3;BGE 138 IV 153 E. 3.3.6;BGE 140 I 2 E. 5.3;BGE 140 IV 40 E. 4.4.2,has_parents_but_none_in_same_query_gold
train,train_0506,Art. 18 VFP,False,0,False,,,no_parent_edges_found
train,train_0507,Art. 1028 OR,True,2,False,,Art. 1032 OR;Art. 1098 Abs. 1 OR,has_parents_but_none_in_same_query_gold
train,train_0507,Art. 1085 OR,False,0,False,,,no_parent_edges_found
train,train_0508,Art. 26a VStV,True,5,False,,2C_450/2018 E. 5.4.2;2C_756/2010 19.01.2011 E. 3;9C_317/2024 E. 1.2.2;9C_334/2025 E. 3.3;9C_334/2025 E. 4.1,has_parents_but_none_in_same_query_gold
train,train_0511,Art. 321e OR,True,48,False,,1C_665/2024 E. 4.6;4A_173/2009 03.07.2009 E. 3;4A_173/2009 03.07.2009 E. B;4A_208/2007 24.09.2007 E. 5;4A_351/2011 05.09.2011 E. 2;4A_387/2007 16.11.2007 E. B;4A_498/2007 03.07.2008 E. 4.2;4A_526/2009 21.12.2009 E. 3;4A_579/2017 E. 4.1;4A_579/2017 E. 4.2.1;4A_579/2017 E. 4.2.2;4A_579/2017 E. 4.2.3;4A_579/2017 E. 4.2.4;4A_579/2017 E. 5.1;4A_579/2017 E. 5.2.1;4A_579/2017 E. 5.3.1;4A_579/2017 E. 5.3.2;4A_579/2017 E. 5.4.1;4A_579/2017 E. 5.4.2;4A_579/2017 E. 5.5,has_parents_but_none_in_same_query_gold
train,train_0511,Art. 97 OR,True,141,False,,1C_26/2008 18.06.2008 E. 2;2C_390/2016 06.11.2017 E. 5.3.1;2C_476/2025 E. 2.7;2C_574/2021 E. 4.3.1;4A_141/2022 E. 2;4A_148/2021 E. 4.4;4A_16/2012 02.05.2012 E. 4;4A_163/2021 E. 5;4A_187/2021 E. 3.1.1;4A_189/2012 02.10.2012 E. 5;4A_2/2020 E. 3.1;4A_2/2020 E. 3.4.5;4A_202/2019 E. 4.3;4A_216/2016 E. 3;4A_216/2016 E. 3.2;4A_217/2018 E. 4.4;4A_218/2021 E. 3.1.1;4A_232/2019 E. 3.4.2;4A_234/2014 E. 3.2;4A_237/2023 E. 5.4.2,has_parents_but_none_in_same_query_gold
train,train_0513,Art. 100 AIG,True,1,False,,Art. 107 Abs. 1 AIG,has_parents_but_none_in_same_query_gold
train,train_0515,Art. 2 URG,True,36,False,,4A_104/2008 08.05.2008 E. 3;4A_104/2008 08.05.2008 E. 4;4A_115/2017 E. 2.6.1;4A_115/2017 E. C;4A_115/2020 E. 3.1;4A_115/2020 E. 5.2;4A_295/2014 E. 3.6.3;4A_404/2007 13.02.2008 E. 2;4A_472/2021 17.06.2022 E. 5.2;4A_472/2021 17.06.2022 E. 5.3;4A_472/2021 17.06.2022 E. 6.1.2;4A_491/2022 E. 6.2.1;4A_522/2010 25.11.2010 E. 9;4A_78/2011 02.05.2011 E. 2;4C.111/2002 19.04.2004 E. 2;4C.117/2003 05.09.2003 E. 3;4C.117/2003 05.09.2003 E. 4;4C.117/2003 05.09.2003 E. 5;4C.117/2003 05.09.2003 E. 9;4C.120/2002 19.08.2002 E. 2,has_parents_but_none_in_same_query_gold
train,train_0515,Art. 29 URG,True,3,False,,4A_472/2021 17.06.2022 E. 5.3;BGE 126 III 129 E. 6c;BGE 148 III 305 E. 5.3,has_parents_but_none_in_same_query_gold
train,train_0515,Art. 3 URG,True,2,False,,4C.121/2003 14.07.2003 E. 3;BGE 121 III 118 E. 2,has_parents_but_none_in_same_query_gold
train,train_0515,Art. 7 URG,True,9,False,,2A.288/2002 24.03.2003 E. 3;4C.138/2003 25.08.2003 E. 3;Art. 30 Abs. 1 URG;Art. 34 Abs. 1 URG;Art. 71 URG;BGE 121 III 118 E. 2;BGE 129 III 715 E. 3.1;BGE 129 III 715 E. 3.2;BGE 129 III 715 E. 3.3,has_parents_but_none_in_same_query_gold
train,train_0515,Art. 63 URG,True,1,False,,4A_341/2008 20.01.2009 E. 3,has_parents_but_none_in_same_query_gold
train,train_0518,Art. 146 StGB,True,580,False,,1A.113/2001 04.09.2001 E. 3;1A.125/2006 10.08.2006 E. 2;1A.128/2000 11.05.2000 E. 4;1A.13/2001 29.05.2001 E. 3;1A.132/2005 04.07.2005 E. 2;1A.132/2005 04.07.2005 E. 5;1A.144/2001 20.12.2001 E. 2;1A.145/2002 13.11.2002 E. 2;1A.153/2004 07.09.2004 E. 4;1A.153/2004 07.09.2004 E. B;1A.154/2003 25.09.2003 E. 5;1A.155/2002 20.08.2002 E. 2;1A.167/2003 10.11.2003 E. 3;1A.175/2004 25.11.2004 E. 2;1A.177/2001 20.11.2001 E. 4;1A.182/2001 26.03.2002 E. 4;1A.185/2005 09.12.2005 E. 2;1A.186/2005 09.12.2005 E. 2.4;1A.188/2005 24.10.2005 E. 2;1A.194/2002 15.11.2002 E. 3,has_parents_but_none_in_same_query_gold
train,train_0519,Art. 3 MSchG,True,74,False,,4A_101/2007 28.08.2007 E. 4;4A_103/2008 07.07.2008 E. 8;4A_123/2015 E. 5.2.2;4A_129/2020 E. 4.4;4A_154/2023 E. 2.1.1;4A_154/2023 E. B;4A_207/2010 09.06.2011 E. 5;4A_265/2020 E. 10.3;4A_265/2020 E. 4.1;4A_265/2020 E. 7.1;4A_265/2020 E. 7.2;4A_265/2020 E. 8.3.5;4A_267/2020 E. 7.3.6;4A_28/2021 E. 6.1.2;4A_330/2008 27.01.2010 E. 3;4A_330/2014 E. 3.2.1;4A_335/2019 E. 7.2;4A_36/2018 E. 4;4A_371/2010 E. 5.1;4A_39/2011 08.08.2011 E. A,has_parents_but_none_in_same_query_gold
train,train_0519,Art. 2 URG,True,36,False,,4A_104/2008 08.05.2008 E. 3;4A_104/2008 08.05.2008 E. 4;4A_115/2017 E. 2.6.1;4A_115/2017 E. C;4A_115/2020 E. 3.1;4A_115/2020 E. 5.2;4A_295/2014 E. 3.6.3;4A_404/2007 13.02.2008 E. 2;4A_472/2021 17.06.2022 E. 5.2;4A_472/2021 17.06.2022 E. 5.3;4A_472/2021 17.06.2022 E. 6.1.2;4A_491/2022 E. 6.2.1;4A_522/2010 25.11.2010 E. 9;4A_78/2011 02.05.2011 E. 2;4C.111/2002 19.04.2004 E. 2;4C.117/2003 05.09.2003 E. 3;4C.117/2003 05.09.2003 E. 4;4C.117/2003 05.09.2003 E. 5;4C.117/2003 05.09.2003 E. 9;4C.120/2002 19.08.2002 E. 2,has_parents_but_none_in_same_query_gold
train,train_0519,Art. 136 IPRG,True,18,False,,4A_106/2009 01.10.2009 E. 5;4A_106/2009 01.10.2009 E. 6;4A_335/2019 E. 2;4A_347/2024 E. 2.1;4A_39/2011 08.08.2011 E. 13;4A_616/2009 11.05.2010 E. 7;6B_230/2011 11.08.2011 E. 10.3;Art. 157 Abs. 2 IPRG;BGE 136 III 23 E. 1992;BGE 136 III 23 E. 2.2;BGE 136 III 23 E. 5;BGE 136 III 23 E. 6.1;BGE 136 III 23 E. 6.2;BGE 136 III 23 E. 6.3;BGE 136 III 23 E. 6.4;BGE 136 III 23 E. 6.5.1;BGE 136 III 23 E. 6.5.2;BGE 136 III 23 E. 6.6.2.2,has_parents_but_none_in_same_query_gold
train,train_0521,Art. 469 ZGB,True,21,False,,4A_373/2009 27.10.2009 E. 2;5A_208/2019 E. 3.2;5A_208/2019 E. 5.3;5A_635/2010 29.10.2010 E. 2;5A_698/2008 24.04.2009 E. 4;5A_763/2018 E. 6.1.1;5A_799/2019 E. 6.3.1;5A_914/2013 E. 2.1;5A_914/2013 E. 3.2;5C.109/2004 16.07.2004 E. 3;5C.120/2005 01.03.2006 E. 2;5C.121/2005 06.02.2006 E. 3;5C.183/2003 09.12.2003 E. 1;5C.32/2004 06.10.2004 E. 5;5C.49/2004 27.10.2004 E. 1;5C.72/2004 26.05.2004 E. 3.2;5C.72/2004 26.05.2004 E. 4.2;5P.161/2005 06.02.2006 E. 8;BGE 131 III 106 E. 1.2;BGE 132 III 305 E. 3.3,has_parents_but_none_in_same_query_gold
train,train_0522,Art. 144 StGB,True,89,False,,1B_121/2019 E. 3.3;1B_184/2012 27.08.2012 E. 4;1B_195/2016 E. A;1B_244/2017 E. 2.2;1B_248/2011 29.11.2011 E. 3;1B_254/2014 E. 3.1;1B_283/2016 E. 5.4;1B_293/2023 E. 2;1B_347/2022 E. 4.4;1B_365/2014 12.01.2015 E. 3;1B_418/2018 E. 2.7;1B_422/2018 E. 2.7;1B_432/2011 20.09.2012 E. 3;1B_432/2011 20.09.2012 E. 4;1B_435/2011 13.09.2011 E. 3;1B_553/2017 E. 3.4;1B_556/2019 E. 2.1;1B_579/2011 01.11.2011 E. 3;1B_80/2009 07.04.2009 E. 2;1B_95/2015 E. A,has_parents_but_none_in_same_query_gold
train,train_0523,Art. 123 StGB,True,135,False,,1B_1/2020 E. 5.2;1B_102/2012 24.05.2012 E. 2.5;1B_12/2013 01.02.2013 E. 4;1B_123/2011 11.07.2011 E. 2;1B_174/2013 27.05.2013 E. 3;1B_236/2014 E. 4.1;1B_288/2019 E. 4.3;1B_400/2019 E. 2.1;1B_412/2021 E. 3.3.2;1B_422/2017 E. 3.3;1B_435/2011 13.09.2011 E. 3;1B_579/2011 01.11.2011 E. 3;1B_606/2011 16.11.2011 E. 2;1B_69/2008 26.03.2008 E. 1;1B_77/2014 E. 2.1;1B_8/2011 20.01.2011 E. 2.5;1B_82/2014 E. 3.2;1B_96/2008 06.05.2008 E. 3;1C_104/2022 E. A;1C_382/2012 10.10.2012 E. 2,has_parents_but_none_in_same_query_gold
train,train_0524,Art. 354 StPO,True,45,False,,1B_375/2016 E. 2;1B_527/2011 21.10.2011 E. 2;1C_464/2020 E. 1.2;2C_1090/2014 E. 2.2;4D_62/2013 E. 2.1;4D_62/2013 E. 2.3;6B_1021/2014 E. 4.6;6B_1154/2015 E. 1.1;6B_1154/2015 E. 1.3.5;6B_1155/2014 E. 2;6B_1304/2017 E. 2.4.2;6B_1319/2016 E. 2.1.1;6B_144/2020 E. 1.2.1;6B_188/2015 E. 2.3;6B_188/2015 E. 2.4;6B_188/2015 E. 2.6;6B_225/2017 E. 1.1;6B_284/2023 E. 3;6B_310/2012 E. 3.1;6B_310/2012 E. 3.3,has_parents_but_none_in_same_query_gold
train,train_0526,Art. 502 ZGB,True,1,False,,5P.81/2005 15.07.2005 E. 2,has_parents_but_none_in_same_query_gold
train,train_0529,Art. 8a SchKG,True,112,False,,1B_593/2022 E. 4.1;1B_593/2022 E. 4.2;4A_414/2014 E. 2.6.1;4A_414/2014 E. 2.6.2;4A_438/2015 E. 3;4A_440/2014 E. 2;4A_440/2014 E. 4.2;4A_440/2015 E. 2;4A_618/2013 E. 1.3;5A_122/2015 E. 2.3;5A_164/2021 E. 1.1;5A_164/2021 E. 3.3.3;5A_164/2021 E. 4.1.2;5A_164/2021 E. 4.5;5A_172/2016 E. 3.1;5A_201/2013 29.04.2013 E. 2;5A_201/2013 29.04.2013 E. 3;5A_244/2009 09.07.2009 E. 1;5A_244/2009 09.07.2009 E. 2;5A_244/2009 09.07.2009 E. 3,has_parents_but_none_in_same_query_gold
train,train_0530,Art. 3 BankG,True,18,False,,2A.111/2004 15.07.2004 E. 2;2A.145/2003 29.07.2003 E. 3.3;2A.169/2002 11.07.2002 E. 3;2A.442/1999 21.02.2000 E. 3;2A.509/1999 24.03.2000 E. 3;2A.614/1999 24.03.2000 E. 3;2A.65/2002 22.05.2002 E. 3;2C_163/2014 E. 4.2;2C_345/2015 E. 4.6;2C_860/2017 E. 7.3.2;2P.208/2002 06.02.2003 E. 3;4C.158/2006 10.11.2006 E. 1;4C.158/2006 10.11.2006 E. 2;6B_327/2010 19.08.2010 E. 4;BGE 121 II 147 E. 3a;BGE 126 II 111 E. 3a;BGE 129 II 438 E. 3.3.1;BGE 130 II 351 E. 2.1,has_parents_but_none_in_same_query_gold
train,train_0531,Art. 36 PatG,True,2,False,,4A_131/2016 E. 7;Art. 74 PatG,has_parents_but_none_in_same_query_gold
train,train_0531,Art. 40e PatG,True,6,False,,4A_443/2012 E. 2.3.3;4A_443/2012 E. 2.3.5;Art. 111 Abs. 4 PatV;Art. 29 Abs. 5 PatG;BGE 139 III 110 E. 2.3.3;BGE 139 III 110 E. 2.3.5,has_parents_but_none_in_same_query_gold
train,train_0542,Art. 58a AIG,True,201,False,,1C_337/2019 E. 5.4;2C_100/2025 E. 4.2;2C_1018/2021 E. 8.2;2C_1024/2019 E. 4.1;2C_1040/2022 E. 2.1;2C_1040/2022 E. 2.3;2C_1043/2022 E. 4.1.1;2C_1043/2022 E. 4.1.2;2C_1046/2021 E. 4.1;2C_1056/2021 E. 4.3;2C_1056/2021 E. 4.3.2;2C_1057/2022 E. 1.3;2C_106/2023 E. 3.1;2C_1083/2019 E. 2.3;2C_115/2022 E. 5;2C_116/2024 E. 3.1;2C_12/2025 E. 6.2.1;2C_125/2021 E. 3;2C_133/2019 E. 4.1;2C_14/2024 E. 4.1,has_parents_but_none_in_same_query_gold
train,train_0544,Art. 512 ZGB,True,7,False,,2C_114/2020 E. 4.3;2C_114/2020 E. A;5A_161/2010 08.07.2010 E. 5;5A_462/2022 E. 1;5A_462/2022 E. 2.1.1;5P.81/2005 15.07.2005 E. 2;6S.205/2002 06.01.2004 E. 5,has_parents_but_none_in_same_query_gold
train,train_0544,Art. 216 ZGB,True,7,False,,5A_907/2019 E. 4.2.2;5A_907/2019 E. 6.3.1;5C.205/2000 21.06.2001 E. 2;5C.61/2002 14.06.2002 E. 3;BGE 127 III 396 E. 2;BGE 128 III 314 E. 1974;P 30/06 05.02.2007 E. 4,has_parents_but_none_in_same_query_gold
train,train_0544,Art. 241 ZGB,True,1,False,,5A_682/2014 16.07.2015 E. 5.2.4,has_parents_but_none_in_same_query_gold
train,train_0544,Art. 473 ZGB,True,7,False,,5A_161/2010 08.07.2010 E. 5;5A_272/2017 E. A;5A_336/2019 E. A;5A_757/2016 E. 3.3.2;5C.276/2005 14.02.2006 E. 2;5D_305/2020 E. 3.2;P 40/00 29.11.2001 E. 2,has_parents_but_none_in_same_query_gold
train,train_0545,Art. 2 PatG,True,9,False,,4A_109/2011 21.07.2011 E. 4.1.2;4A_435/2010 04.03.2011 E. 2.2;4A_437/2010 04.03.2011 E. 2.2;4A_609/2019 E. 9.3.2;Art. 134 PatG;Art. 1a Abs. 2 PatG;Art. 1b Abs. 2 PatG;Art. 73 Abs. 1 PatV;Art. 97 Abs. 1 PatV,has_parents_but_none_in_same_query_gold
train,train_0545,Art. 50 PatG,True,3,False,,4C.124/2001 17.08.2001 E. 2;Art. 50a Abs. 3 PatG;BGE 121 III 125 E. 5bb,has_parents_but_none_in_same_query_gold
train,train_0551,Art. 27 FinfraG,True,3,False,,4A_475/2016 E. A;4A_659/2020 E. 5.2;Art. 73b FinfraG,has_parents_but_none_in_same_query_gold
train,train_0555,Art. 208 ZGB,True,35,False,,5A_141/2007 21.12.2007 E. 9;5A_141/2013 25.04.2013 E. 2;5A_234/2012 28.09.2012 E. 3;5A_253/2022 E. 4;5A_253/2022 E. 9;5A_253/2022 E. 9.1;5A_253/2022 E. 9.2;5A_336/2019 E. 8.3;5A_35/2009 27.04.2009 E. 2;5A_372/2008 25.11.2008 E. 2;5A_391/2018 E. 2.4.2;5A_454/2015 E. 3.4.1;5A_454/2015 E. 4.3;5A_471/2020 E. 3.4.2;5A_51/2014 E. 2.1;5A_550/2019 E. 9.2.1;5A_662/2008 06.02.2009 E. 2;5A_733/2009 10.02.2010 E. 8;5A_780/2019 31.08.2020 E. 3.1;5A_780/2019 31.08.2020 E. 3.3,has_parents_but_none_in_same_query_gold
train,train_0555,Art. 335 ZGB,True,16,False,,2A.457/2001 04.03.2002 E. A;5A_30/2025 E. 3;5A_401/2010 11.08.2010 E. 3;5A_669/2022 E. 4.3;5A_669/2022 E. 4.3.1;5A_669/2022 E. 4.6.2;5A_817/2009 11.02.2010 E. 1;5A_817/2009 11.02.2010 E. 2;5C.9/2001 18.05.2001 E. 2;5C.9/2001 18.05.2001 E. 3;5F_3/2024 E. 4.2;7B_207/2024 E. 1.4;7B_870/2024 E. 2.4;8C_716/2008 05.12.2008 E. A;9C_637/2022 E. 4.2;BGE 127 III 337 E. 2c,has_parents_but_none_in_same_query_gold
train,train_0555,Art. 52 ZGB,True,7,False,,1P.349/2006 21.11.2006 E. 5;2C_440/2019 E. 3.4.4;4A_101/2025 E. 2.3;5A_372/2021 E. 2.5;Art. 89a Abs. 6 ZGB;Art. 89a Abs. 7 ZGB;BGE 132 I 270 E. 5.5.3,has_parents_but_none_in_same_query_gold
train,train_0556,Art. 9 JStPO,True,2,False,,Art. 52 JStPO;Art. 6 Abs. 3 JStPO,has_parents_but_none_in_same_query_gold
train,train_0557,Art. 725 OR,True,95,False,,1P.258/2003 19.08.2003 E. 3;1P.456/2003 04.03.2004 E. 3;2A.252/2002 04.11.2002 E. 2;2A.332/2006 06.03.2007 E. 5.2;2A.90/2001 25.01.2002 E. 5;2C_465/2011 10.02.2012 E. 3;4A_15/2013 E. B;4A_188/2008 09.09.2008 E. 2;4A_188/2008 09.09.2008 E. 4;4A_267/2008 08.12.2008 E. 6;4A_267/2008 08.12.2008 E. B;4A_277/2010 02.09.2010 E. 2;4A_288/2011 13.02.2012 E. 3;4A_391/2009 12.02.2010 E. 2;4A_416/2016 E. 1;4A_418/2016 E. 1;4A_420/2016 E. 1;4A_474/2011 04.01.2012 E. 3;4A_496/2010 14.02.2011 E. 3;4A_645/2017 E. 6.1,has_parents_but_none_in_same_query_gold
train,train_0557,Art. 725a OR,True,66,False,,4A_381/2009 16.10.2009 E. 3;4C.366/2000 19.06.2001 E. 4;4C.366/2000 19.06.2001 E. 6;5A.9/2000 22.03.2001 E. 3;5A_235/2007 14.11.2007 E. 4;5A_269/2010 03.09.2010 E. 1;5A_269/2010 03.09.2010 E. 2;5A_269/2010 03.09.2010 E. 3;5A_269/2010 03.09.2010 E. A;5A_320/2007 04.02.2008 E. 3;5A_320/2007 04.02.2008 E. 4;5A_321/2007 04.02.2008 E. 3;5A_321/2007 04.02.2008 E. 4;5A_322/2007 04.02.2008 E. 3;5A_322/2007 04.02.2008 E. 4;5A_418/2007 04.02.2008 E. 3;5A_418/2007 04.02.2008 E. 4;5A_491/2008 22.08.2008 E. 1;5A_517/2011 16.12.2011 E. 1;5A_517/2011 16.12.2011 E. 3,has_parents_but_none_in_same_query_gold
train,train_0558,Art. 206 ZGB,True,34,False,,2C_1019/2012 E. 4.1;2C_1019/2012 E. B;2C_695/2010 04.04.2011 E. 1;2C_695/2010 04.04.2011 E. 2;5A_170/2011 09.06.2011 E. 3;5A_26/2015 E. 3.2;5A_279/2013 E. 3.2;5A_329/2008 06.08.2008 E. 3.2;5A_336/2019 E. 8.3;5A_454/2015 E. 3.3;5A_550/2019 E. 9.4;5A_550/2019 E. 9.4.1;5A_605/2008 28.01.2009 E. 4;5A_605/2008 28.01.2009 E. 5;5A_605/2008 28.01.2009 E. 6;5A_61/2013 04.07.2013 E. 5.2.2;5A_61/2013 04.07.2013 E. 5.3.3;5A_680/2024 E. 5.2;5A_742/2011 01.02.2012 E. 2;5A_742/2011 01.02.2012 E. 5,has_parents_but_none_in_same_query_gold
train,train_0558,Art. 209 ZGB,True,33,False,,2C_1019/2012 E. 4.1;5A_111/2007 08.01.2008 E. 4.2;5A_143/2015 E. 4.1;5A_182/2017 E. 3.3.2;5A_279/2013 E. 3.3;5A_279/2013 E. 3.4;5A_329/2008 06.08.2008 E. 3.2;5A_336/2019 E. 8.3;5A_345/2020 E. 6.4;5A_36/2023 E. 3.3.3;5A_37/2011 01.09.2011 E. 3;5A_390/2012 21.01.2013 E. 2;5A_550/2019 E. 9.5;5A_61/2013 04.07.2013 E. 3.3;5A_618/2012 E. 5.3;5A_680/2024 E. 4.4;5A_751/2013 E. 3.3.3;5A_771/2008 03.04.2009 E. 2;5A_844/2021 E. 2.1.2;5C.158/2006 23.03.2007 E. 4.2,has_parents_but_none_in_same_query_gold
train,train_0561,Art. 119 StGB,True,6,False,,1P.282/2002 29.05.2002 E. 1;1P.561/2002 14.10.2003 E. 3;1P.561/2002 14.10.2003 E. B;Art. 118 Abs. 1 StGB;BGE 129 I 402 E. 3.3;K 157/01 16.06.2004 E. 4,has_parents_but_none_in_same_query_gold
train,train_0562,Art. 29 OR,True,12,False,,1C_19/2010 17.09.2010 E. 3;4A_384/2024 E. 5.3;4A_488/2015 E. 1.4;4A_586/2013 E. 1;4C.175/2001 03.04.2002 E. 5;4C.214/2006 19.12.2006 E. 4;4C.310/2004 07.12.2004 E. 3;4C.37/2004 19.04.2004 E. B;4C.380/2002 01.03.2004 E. 4;4C.390/2005 02.05.2006 E. 4;4C.73/2000 22.06.2000 E. 2;5A_468/2008 10.10.2008 E. 2,has_parents_but_none_in_same_query_gold
train,train_0563,Art. 22 BV,True,148,False,,1A.69/2002 19.03.2003 E. 2;1B_285/2020 E. 4.4.1;1B_387/2021 E. 2;1B_387/2021 E. 4.5;1C_103/2024 E. 2;1C_109/2021 E. 4.3.2;1C_109/2024 E. 2;1C_110/2024 E. 2;1C_111/2024 E. 2;1C_140/2008 17.03.2009 E. 5;1C_140/2008 17.03.2009 E. 8.1;1C_147/2021 E. 7;1C_176/2013 07.01.2014 E. F;1C_181/2019 E. 10;1C_181/2019 E. 10.3;1C_181/2019 E. 4.1;1C_20/2018 E. 2.1;1C_226/2015 E. 3.1;1C_226/2015 E. 4.1;1C_226/2015 E. D,has_parents_but_none_in_same_query_gold
train,train_0564,Art. 21 AIG,True,2,False,,2C_160/2025 E. 1.1;Art. 52 Abs. 1 VZAE,has_parents_but_none_in_same_query_gold
train,train_0568,Art. 86 IPRG,True,22,False,,2C_484/2018 E. 2.1;4A_240/2022 E. 7;4A_398/2008 18.12.2008 E. 2;4A_398/2008 18.12.2008 E. 3;4A_398/2008 18.12.2008 E. B;4A_621/2023 E. 6.4.3;5A_1038/2020 E. 4.1;5A_1038/2020 E. 4.3.2;5A_1038/2020 E. 4.5.1;5A_296/2015 E. 5.4;5A_313/2015 E. 4;5A_364/2024 E. 3.1;5A_517/2018 E. 3.1;5A_627/2012 03.12.2012 E. 1;5C.2/2003 22.07.2003 E. 3;5C.261/2005 02.05.2006 E. 2;5C.261/2005 02.05.2006 E. 3;Art. 51 IPRG;Art. 79 Abs. 2 IPRG;BGE 132 III 677 E. 3.3,has_parents_but_none_in_same_query_gold
train,train_0568,Art. 90 IPRG,True,7,False,,4P.74/2003 18.09.2003 E. 4;5A_208/2019 E. 5.2;5C.261/2005 02.05.2006 E. 3;Art. 82 Abs. 3 IPRG;BGE 130 III 76 E. 4.4;BGE 132 III 677 E. 3.3;BGE 138 III 489 E. 3.4,has_parents_but_none_in_same_query_gold
train,train_0572,Art. 34 ZPO,True,13,False,,4A_220/2011 05.09.2011 E. 3.2;4A_236/2016 E. 2;4A_236/2016 E. 5.5.1;4A_291/2018 E. 3.3;4A_291/2018 E. 3.4.2;4A_291/2018 E. 3.5;4A_381/2022 E. 1.2;4A_580/2013 E. 2.3.2;4A_580/2013 E. 4.3;4A_580/2013 E. 4.4;4A_7/2018 E. 2.3.3;Art. 21 ZPO;BGE 144 III 235 E. 2.3.3,has_parents_but_none_in_same_query_gold
train,train_0574,Art. 12 JStG,True,12,True,Art. 13 Abs. 1 JStG,1B_231/2012 14.05.2012 E. 2;6B_115/2015 E. 3.1;6B_131/2018 E. 1.1;6B_273/2021 E. 1.6.2;6B_326/2020 17.04.2020 E. 3.3.1;6B_611/2016 E. 1.4;6B_623/2022 E. 1.5.2;Art. 13 Abs. 1 JStG;Art. 14 Abs. 2 JStG;Art. 47 Abs. 1 JStG;BGE 141 IV 172 E. 3.1;BGE 148 IV 419 E. 1.6.2,parent_in_same_query_gold
train,train_0574,Art. 13 JStG,True,14,False,,1B_231/2012 14.05.2012 E. 2;1B_292/2022 E. 2.1;1B_292/2022 E. 3.2.2;6B_115/2015 E. 3.1;6B_131/2018 E. 1.3.3;6B_273/2021 E. 1.6.2;6B_326/2020 17.04.2020 E. 3.3.1;6B_521/2024 E. 2.4.2;6B_611/2016 E. 1.4;6B_623/2022 E. 1.5.2;7B_202/2025 E. 3.3;Art. 14 Abs. 2 JStG;BGE 141 IV 172 E. 3.1;BGE 148 IV 419 E. 1.6.2,has_parents_but_none_in_same_query_gold
train,train_0574,Art. 14 JStG,True,33,False,,1B_231/2012 14.05.2012 E. 2;1B_273/2018 E. 1.2;1B_273/2018 E. 4.3.4;1B_292/2022 E. 2.1;1B_292/2022 E. 3.2.2;1B_32/2011 15.02.2011 E. 2;1B_437/2011 14.09.2011 E. 4;1B_479/2019 E. 2.3;6B_115/2015 E. 3.1;6B_1159/2018 E. 4.4;6B_1159/2018 E. B;6B_1159/2018 E. C;6B_120/2021 E. A;6B_1234/2023 E. 3.8.4;6B_1409/2021 E. A;6B_273/2021 E. 1.6.2;6B_326/2020 17.04.2020 E. 3.3.1;6B_490/2010 11.01.2011 E. A;6B_611/2016 E. 1.4;6B_623/2022 E. 1.5.2,has_parents_but_none_in_same_query_gold
train,train_0574,Art. 15 JStG,True,65,False,,1B_231/2012 14.05.2012 E. 2;1B_273/2018 E. 4.3.4;1B_292/2022 E. 2.1;1B_32/2011 15.02.2011 E. 2;1B_437/2011 14.09.2011 E. 4;1B_437/2011 14.09.2011 E. 5;1B_504/2011 06.12.2011 E. 6;1P.7/2007 07.08.2007 E. 5;2C_431/2016 E. 3.2;6B_115/2015 E. 3.1;6B_115/2015 E. 3.2;6B_115/2015 E. 3.4;6B_115/2015 E. 4.3;6B_115/2015 E. 4.5;6B_1159/2018 E. 4.4;6B_1159/2018 E. 4.5.2;6B_131/2018 E. 1.3.3;6B_273/2021 E. 1.3.3;6B_273/2021 E. 1.5.2;6B_273/2021 E. 1.6.2,has_parents_but_none_in_same_query_gold
train,train_0574,Art. 12 JStPO,True,1,False,,Art. 52 JStPO,has_parents_but_none_in_same_query_gold
train,train_0577,Art. 682 ZGB,True,13,False,,5A_127/2019 E. 1.1;5A_127/2019 E. 6.2.2;5A_127/2019 E. 6.3.1;5A_127/2019 E. 6.3.3;7B.60/2004 07.05.2004 E. 2;7B_64/2023 E. 4.3;Art. 126u Abs. 1 KKV;Art. 49 Abs. 2 BGBB;Art. 88 Abs. 3 KKV;Art. 95 Abs. 2 GBV;BGE 146 III 217 E. 6.2.2;BGE 146 III 217 E. 6.3.1;BGE 146 III 217 E. 6.3.3,has_parents_but_none_in_same_query_gold
train,train_0577,Art. 681a ZGB,True,12,False,,4A_79/2014 E. 3.3.2;4P.232/2004 03.01.2005 E. 1.1;4P.232/2004 03.01.2005 E. 2;5A_121/2013 E. 2.1;5A_659/2012 25.01.2013 E. 2;5A_664/2010 01.06.2011 E. 2;5A_668/2012 07.03.2013 E. 2;5A_669/2012 25.01.2013 E. 2;5A_671/2012 07.03.2013 E. 2;7B.203/2003 19.11.2003 E. 1;7B.203/2004 03.11.2004 E. 1;BGE 137 III 293 E. 2.2,has_parents_but_none_in_same_query_gold
train,train_0581,Art. 335 ZGB,True,16,False,,2A.457/2001 04.03.2002 E. A;5A_30/2025 E. 3;5A_401/2010 11.08.2010 E. 3;5A_669/2022 E. 4.3;5A_669/2022 E. 4.3.1;5A_669/2022 E. 4.6.2;5A_817/2009 11.02.2010 E. 1;5A_817/2009 11.02.2010 E. 2;5C.9/2001 18.05.2001 E. 2;5C.9/2001 18.05.2001 E. 3;5F_3/2024 E. 4.2;7B_207/2024 E. 1.4;7B_870/2024 E. 2.4;8C_716/2008 05.12.2008 E. A;9C_637/2022 E. 4.2;BGE 127 III 337 E. 2c,has_parents_but_none_in_same_query_gold
train,train_0582,Art. 963 ZGB,True,13,False,,2C_760/2016 E. 2.4.1;4A_325/2022 E. 5.1;5A.14/2001 29.01.2002 E. 3;5A_237/2018 E. 2.2;5A_346/2009 12.08.2009 E. 1;5A_346/2009 12.08.2009 E. 2;5A_454/2013 16.10.2013 E. 4.3;5A_664/2010 01.06.2011 E. 5;BGE 121 III 97 E. 4a;BGE 121 III 97 E. 4b;BGE 135 III 585 E. 2.1;BGE 137 III 293 E. 5.2;BGE 137 III 293 E. 5.3,has_parents_but_none_in_same_query_gold
train,train_0583,Art. 5 VwVG,True,1129,False,,12T_3/2021 E. 3;12T_3/2021 E. 4;1A.1/2000 08.05.2000 E. 2.-;1A.10/2004 18.10.2004 E. 2;1A.101/2001 13.08.2001 E. 1;1A.104/1999 05.04.2000 E. 1;1A.104/2001 15.03.2002 E. 1;1A.109/2006 05.10.2006 E. 1;1A.11/2005 06.07.2005 E. 1;1A.110/2003 28.10.2003 E. 1;1A.112/2006 19.09.2006 E. 1;1A.113/1999 26.05.2000 E. 1;1A.114/2001 14.03.2002 E. 1;1A.114/2005 12.09.2005 E. 1;1A.115/2001 08.10.2001 E. 2;1A.115/2003 23.02.2004 E. 1;1A.12/2004 30.09.2004 E. 1;1A.123/2002 22.10.2002 E. 1;1A.123/2002 22.10.2002 E. 1.6;1A.123/2005 10.11.2005 E. 1,has_parents_but_none_in_same_query_gold
train,train_0583,Art. 25a VwVG,True,179,False,,1A.188/2006 08.02.2007 E. 2;1C_179/2022 E. A;1C_214/2016 E. 4.7;1C_332/2018 E. 2.1;1C_362/2024 E. 3.1.3;1C_362/2024 E. 3.5;1C_37/2019 E. 3.1;1C_37/2019 E. 3.3;1C_37/2019 E. 4.1;1C_37/2019 E. 4.2;1C_37/2019 E. 4.3;1C_37/2019 E. 4.4;1C_37/2019 E. 5.1;1C_37/2019 E. 5.2;1C_37/2019 E. 5.4;1C_37/2019 E. 5.5;1C_37/2019 E. 6.1;1C_377/2019 E. 3;1C_377/2019 E. 3.1;1C_377/2019 E. 3.2,has_parents_but_none_in_same_query_gold
train,train_0583,Art. 3 BankG,True,18,False,,2A.111/2004 15.07.2004 E. 2;2A.145/2003 29.07.2003 E. 3.3;2A.169/2002 11.07.2002 E. 3;2A.442/1999 21.02.2000 E. 3;2A.509/1999 24.03.2000 E. 3;2A.614/1999 24.03.2000 E. 3;2A.65/2002 22.05.2002 E. 3;2C_163/2014 E. 4.2;2C_345/2015 E. 4.6;2C_860/2017 E. 7.3.2;2P.208/2002 06.02.2003 E. 3;4C.158/2006 10.11.2006 E. 1;4C.158/2006 10.11.2006 E. 2;6B_327/2010 19.08.2010 E. 4;BGE 121 II 147 E. 3a;BGE 126 II 111 E. 3a;BGE 129 II 438 E. 3.3.1;BGE 130 II 351 E. 2.1,has_parents_but_none_in_same_query_gold
train,train_0584,Art. 123 StGB,True,135,False,,1B_1/2020 E. 5.2;1B_102/2012 24.05.2012 E. 2.5;1B_12/2013 01.02.2013 E. 4;1B_123/2011 11.07.2011 E. 2;1B_174/2013 27.05.2013 E. 3;1B_236/2014 E. 4.1;1B_288/2019 E. 4.3;1B_400/2019 E. 2.1;1B_412/2021 E. 3.3.2;1B_422/2017 E. 3.3;1B_435/2011 13.09.2011 E. 3;1B_579/2011 01.11.2011 E. 3;1B_606/2011 16.11.2011 E. 2;1B_69/2008 26.03.2008 E. 1;1B_77/2014 E. 2.1;1B_8/2011 20.01.2011 E. 2.5;1B_82/2014 E. 3.2;1B_96/2008 06.05.2008 E. 3;1C_104/2022 E. A;1C_382/2012 10.10.2012 E. 2,has_parents_but_none_in_same_query_gold
train,train_0584,Art. 10 JStPO,False,0,False,,,no_parent_edges_found
train,train_0586,Art. 27 BV,True,1031,False,,1A.11/2005 06.07.2005 E. 4.1;1A.124/2003 23.09.2003 E. 6;1A.14/2006 18.08.2006 E. 1.3;1A.14/2006 18.08.2006 E. B;1A.15/2006 10.08.2006 E. 3;1A.151/2001 16.07.2002 E. 5;1A.153/2004 07.09.2004 E. 5;1A.153/2004 07.09.2004 E. C;1A.253/2005 17.02.2006 E. 2.6;1A.71/2004 08.03.2005 E. 3;1A.71/2004 08.03.2005 E. 9;1A.71/2004 08.03.2005 E. 9.2;1A.71/2004 08.03.2005 E. D;1B_120/2018 29.05.2018 E. 1.4;1B_153/2009 10.09.2009 E. 1;1B_153/2009 10.09.2009 E. 2;1B_193/2017 E. 3.7;1B_193/2017 E. C;1B_229/2017 E. 1.5;1B_231/2013 E. 3.3,has_parents_but_none_in_same_query_gold
train,train_0586,Art. 16 BV,True,273,False,,1A.220/2006 16.03.2007 E. 1;1A.220/2006 16.03.2007 E. 4;1B_103/2014 E. 2.1;1B_134/2011 14.07.2011 E. 4;1B_169/2015 06.11.2015 E. 3.1;1B_196/2010 18.11.2010 E. 4;1B_26/2009 02.03.2009 E. 3;1B_26/2009 02.03.2009 E. B;1B_26/2014 E. 4;1B_285/2020 E. 4.4.1;1B_292/2010 23.12.2010 E. 1;1B_349/2016 22.02.2017 E. 2.1;1B_349/2016 22.02.2017 E. 3;1B_349/2016 22.02.2017 E. 3.1;1B_502/2011 05.10.2011 E. 8;1B_77/2008 15.07.2008 E. 2;1C_122/2015 E. 2.1;1C_129/2016 E. 2.1;1C_137/2018 27.11.2018 E. 4.5;1C_137/2018 27.11.2018 E. 6.1,has_parents_but_none_in_same_query_gold
train,train_0586,Art. 22 BV,True,148,False,,1A.69/2002 19.03.2003 E. 2;1B_285/2020 E. 4.4.1;1B_387/2021 E. 2;1B_387/2021 E. 4.5;1C_103/2024 E. 2;1C_109/2021 E. 4.3.2;1C_109/2024 E. 2;1C_110/2024 E. 2;1C_111/2024 E. 2;1C_140/2008 17.03.2009 E. 5;1C_140/2008 17.03.2009 E. 8.1;1C_147/2021 E. 7;1C_176/2013 07.01.2014 E. F;1C_181/2019 E. 10;1C_181/2019 E. 10.3;1C_181/2019 E. 4.1;1C_20/2018 E. 2.1;1C_226/2015 E. 3.1;1C_226/2015 E. 4.1;1C_226/2015 E. D,has_parents_but_none_in_same_query_gold
train,train_0588,Art. 5 VwVG,True,1129,False,,12T_3/2021 E. 3;12T_3/2021 E. 4;1A.1/2000 08.05.2000 E. 2.-;1A.10/2004 18.10.2004 E. 2;1A.101/2001 13.08.2001 E. 1;1A.104/1999 05.04.2000 E. 1;1A.104/2001 15.03.2002 E. 1;1A.109/2006 05.10.2006 E. 1;1A.11/2005 06.07.2005 E. 1;1A.110/2003 28.10.2003 E. 1;1A.112/2006 19.09.2006 E. 1;1A.113/1999 26.05.2000 E. 1;1A.114/2001 14.03.2002 E. 1;1A.114/2005 12.09.2005 E. 1;1A.115/2001 08.10.2001 E. 2;1A.115/2003 23.02.2004 E. 1;1A.12/2004 30.09.2004 E. 1;1A.123/2002 22.10.2002 E. 1;1A.123/2002 22.10.2002 E. 1.6;1A.123/2005 10.11.2005 E. 1,has_parents_but_none_in_same_query_gold
train,train_0588,Art. 25a VwVG,True,179,True,BGE 146 I 145 E. 4.2;BGE 146 I 145 E. 4.4,1A.188/2006 08.02.2007 E. 2;1C_179/2022 E. A;1C_214/2016 E. 4.7;1C_332/2018 E. 2.1;1C_362/2024 E. 3.1.3;1C_362/2024 E. 3.5;1C_37/2019 E. 3.1;1C_37/2019 E. 3.3;1C_37/2019 E. 4.1;1C_37/2019 E. 4.2;1C_37/2019 E. 4.3;1C_37/2019 E. 4.4;1C_37/2019 E. 5.1;1C_37/2019 E. 5.2;1C_37/2019 E. 5.4;1C_37/2019 E. 5.5;1C_37/2019 E. 6.1;1C_377/2019 E. 3;1C_377/2019 E. 3.1;1C_377/2019 E. 3.2,parent_in_same_query_gold
train,train_0588,Art. 27 BV,True,1031,False,,1A.11/2005 06.07.2005 E. 4.1;1A.124/2003 23.09.2003 E. 6;1A.14/2006 18.08.2006 E. 1.3;1A.14/2006 18.08.2006 E. B;1A.15/2006 10.08.2006 E. 3;1A.151/2001 16.07.2002 E. 5;1A.153/2004 07.09.2004 E. 5;1A.153/2004 07.09.2004 E. C;1A.253/2005 17.02.2006 E. 2.6;1A.71/2004 08.03.2005 E. 3;1A.71/2004 08.03.2005 E. 9;1A.71/2004 08.03.2005 E. 9.2;1A.71/2004 08.03.2005 E. D;1B_120/2018 29.05.2018 E. 1.4;1B_153/2009 10.09.2009 E. 1;1B_153/2009 10.09.2009 E. 2;1B_193/2017 E. 3.7;1B_193/2017 E. C;1B_229/2017 E. 1.5;1B_231/2013 E. 3.3,has_parents_but_none_in_same_query_gold
train,train_0595,Art. 116 OR,True,27,False,,2C_172/2018 E. 2.2.4;2C_621/2018 E. 3.2.4;4A_176/2010 23.08.2010 E. 2;4A_346/2011 12.10.2011 E. 4;4A_346/2011 12.10.2011 E. B;4A_459/2023 E. 3.5.2;4A_604/2011 22.05.2012 E. 3;4A_604/2011 22.05.2012 E. 3.3;4A_604/2011 22.05.2012 E. 4.2;4A_90/2019 E. 5;4C.154/2001 02.10.2001 E. 3;4C.396/2002 10.06.2003 E. 2;4C.60/2002 16.05.2002 E. 1;5A_157/2023 E. 4.2;5A_159/2023 E. 4.2;5A_410/2021 E. 5.1;5A_654/2008 12.02.2009 E. 2;5A_949/2014 E. 3.4.1;9C_246/2024 E. 4.2.1;9C_246/2024 E. 4.3.1,has_parents_but_none_in_same_query_gold
train,train_0595,Art. 1 OR,True,203,False,,1C_402/2008 25.05.2009 E. 5;1C_613/2015 10.08.2016 E. 3.3;1P.299/2005 14.12.2005 E. 1;2C_109/2017 E. 3.1;2C_539/2023 E. 5.3.3;2C_689/2022 E. 6.4;2C_734/2016 20.10.2016 E. 4.4.3;2C_734/2016 20.10.2016 E. 4.5.5;2C_828/2013 E. 5.4;2C_828/2013 E. 5.5.4;2C_857/2014 E. 5.4;4A_109/2008 16.04.2008 E. 4;4A_115/2020 E. 5.4;4A_125/2017 E. 4.2;4A_126/2021 E. 3.4;4A_127/2013 E. 6;4A_131/2017 E. 4.1;4A_131/2024 E. 3;4A_131/2024 E. 3.3.2;4A_152/2009 29.06.2009 E. 4,has_parents_but_none_in_same_query_gold
train,train_0596,Art. 39 KVG,True,104,True,Art. 49a Abs. 4 KVG,2C_186/2020 E. 4.1;2C_196/2017 E. 3.2;2C_399/2012 08.06.2012 E. 1;2C_572/2010 23.03.2011 E. 1;2C_856/2011 18.01.2012 E. 3;2P.2/2006 03.02.2006 E. 2;2P.67/2004 23.09.2004 E. 1;4A_124/2023 E. 3.1;4A_124/2023 E. 3.5.1;4A_126/2023 E. 3.1;4A_126/2023 E. 3.5.1;4A_142/2023 E. 5.1;4D_11/2011 04.05.2011 E. 2;5C.108/2001 27.02.2002 E. 3;9C_14/2024 E. 3.4.2;9C_20/2013 E. 5.1;9C_343/2018 E. 2.1;9C_343/2018 E. 2.2.2;9C_343/2018 E. 5;9C_343/2018 E. 6,parent_in_same_query_gold
train,train_0597,Art. 19a BetmG,True,85,False,,1B_126/2014 E. A;1B_217/2014 E. A;1B_239/2011 15.07.2011 E. A;1B_480/2018 E. 3;1B_503/2012 25.01.2013 E. 4;1B_95/2015 E. 2.2.1;1P.723/2000 10.01.2001 E. A;2C_107/2016 E. A;2C_163/2020 E. A;2C_288/2016 E. A;2C_404/2018 E. 1;2C_501/2023 E. 7.4.3;2C_501/2023 E. A;2C_726/2021 E. A;2C_765/2018 E. 1;2C_81/2021 E. A;2C_877/2010 17.03.2011 E. 2;2C_986/2016 E. A;5A_497/2017 E. D;6A.49/2000 28.06.2000 E. A,has_parents_but_none_in_same_query_gold
train,train_0599,Art. 884 ZGB,True,20,False,,4A_134/2007 31.07.2007 E. 2;4A_134/2007 31.07.2007 E. 3;4A_141/2007 20.08.2007 E. 4;4A_508/2020 E. 5.1;4A_67/2007 15.06.2007 E. 4;4C.177/2001 01.02.2002 E. 2;4C.329/2002 19.02.2003 E. 1;5A_185/2023 E. A;5A_240/2017 E. 2.1;5A_402/2015 E. 4;5A_420/2008 28.05.2009 E. 5;5A_46/2008 19.03.2008 E. 2;5C.119/2002 31.07.2002 E. 1;5C.172/2000 01.11.2000 E. 2;5C.182/2005 02.12.2005 E. 6;5C.199/2001 29.11.2001 E. 3;5C.263/2001 12.02.2002 E. 3;5C.97/2006 30.06.2006 E. 2;6B_1161/2021 21.04.2023 E. 14.4.5;BGE 132 III 155 E. 6.2.2,has_parents_but_none_in_same_query_gold
train,train_0599,Art. 859 ZGB,True,5,False,,5C.279/2002 14.03.2003 E. 2;5C.36/2006 01.06.2006 E. 3;BGE 121 III 97 E. 1b;BGE 121 III 97 E. 4;BGE 121 III 97 E. 4c,has_parents_but_none_in_same_query_gold
train,train_0600,Art. 8 BV,True,2034,False,,12T_5/2017 E. 2;1A.1/2007 18.04.2007 E. 3;1A.130/2005 11.10.2005 E. B;1A.153/2004 07.09.2004 E. C;1A.159/2005 20.02.2006 E. 3.2;1A.162/2002 10.12.2002 E. 3;1A.166/2005 14.07.2005 E. 4;1A.187/2001 19.04.2002 E. 2;1A.193/2006 04.06.2007 E. 7;1A.198/2001 27.08.2002 E. 1;1A.214/2002 12.09.2003 E. 7;1A.214/2002 12.09.2003 E. 7.2;1A.225/2002 27.05.2003 E. D;1A.247/2005 25.10.2005 E. 8;1A.283/2004 05.08.2005 E. 3;1A.301/2000 28.05.2001 E. 3;1A.37/2004 13.07.2004 E. 5;1A.61/2006 11.12.2006 E. 8;1A.8/2004 17.12.2004 E. 4;1A.91/2003 06.06.2003 E. 1,has_parents_but_none_in_same_query_gold
train,train_0601,Art. 22 LugÜ,False,0,False,,,no_parent_edges_found
train,train_0601,Art. 15 Abs. 2 LugÜ,False,0,False,,,no_parent_edges_found
train,train_0601,Art. 15 Abs. 1 LugÜ,False,0,False,,,no_parent_edges_found
train,train_0601,Art. 16 Abs. 1 LugÜ,False,0,False,,,no_parent_edges_found
train,train_0601,Art. 23 LugÜ,False,0,False,,,no_parent_edges_found
train,train_0601,Art. 2 Abs. 1 LugÜ,False,0,False,,,no_parent_edges_found
train,train_0601,Art. 64 Abs. 1 LugÜ,False,0,False,,,no_parent_edges_found
train,train_0601,Art. 24 LugÜ,False,0,False,,,no_parent_edges_found
train,train_0602,Art. 60a GSchG,True,51,False,,1C_406/2008 05.02.2009 E. 1.2;2C_101/2007 22.08.2007 E. 2;2C_101/2007 22.08.2007 E. 3;2C_101/2007 22.08.2007 E. 4;2C_1084/2016 E. 3.3;2C_1131/2014 E. 4.3.3;2C_161/2016 E. 3.4.2;2C_239/2011 21.02.2012 E. 4;2C_275/2009 26.10.2010 E. 2;2C_296/2007 18.09.2007 E. 3;2C_322/2010 22.08.2011 E. 4;2C_411/2019 E. 4.2;2C_656/2008 29.05.2009 E. 3;2C_67/2015 E. 3.1;2C_759/2014 E. 6.2;2C_847/2008 08.09.2009 E. 2;2C_995/2012 E. 6.4;2C_995/2012 E. 7.3;2P.209/2003 23.03.2004 E. 1;2P.209/2003 23.03.2004 E. 4,has_parents_but_none_in_same_query_gold
train,train_0605,Art. 16b EOG,True,25,False,,8D_1/2012 21.12.2012 E. 2;9C_171/2008 28.05.2008 E. 2;9C_293/2010 08.07.2010 E. 3;9C_469/2021 E. 5.1;9C_527/2018 E. 2.1;9C_795/2016 E. 2;9C_810/2013 E. 10.1;9C_810/2013 E. 10.2;9C_810/2013 E. 11;9C_810/2013 E. 12;9C_810/2013 E. 3.1;9C_810/2013 E. 3.2;9C_810/2013 E. 7.1;9C_810/2013 E. 7.4;9C_810/2013 E. 8.1;Art. 16s Abs. 2 EOG;BGE 140 I 305 E. 10.1;BGE 140 I 305 E. 10.2;BGE 140 I 305 E. 11;BGE 140 I 305 E. 14,has_parents_but_none_in_same_query_gold
train,train_0607,Art. 970 ZGB,True,17,False,,1C_214/2023 E. 4.6.3;1C_228/2023 E. 4.6.3;1P.510/2000 27.06.2001 E. 4;2F_37/2022 E. 3.1;4A_553/2015 10.03.2016 E. 5.3.2;5A.16/2000 06.10.2000 E. 11;5A.16/2000 06.10.2000 E. 4;5A.16/2000 06.10.2000 E. 5;5A_502/2014 E. 3.1;5A_502/2014 E. 3.2.3;5A_799/2020 E. 3;BGE 126 III 512 E. 3c;BGE 126 III 512 E. 4a;BGE 126 III 512 E. 4b;BGE 126 III 512 E. 5a;BGE 127 I 145 E. 4b;BGE 142 III 329 E. 5.3.2,has_parents_but_none_in_same_query_gold
train,train_0609,Art. 27 IPRG,True,47,False,,2A.655/2004 11.04.2005 E. 2;2C_1000/2012 21.02.2013 E. 4;2C_209/2010 04.10.2010 E. 3;2C_568/2024 E. 6.3.1;4A_203/2014 E. 3.1;4A_203/2014 E. 4.3;4A_390/2024 E. 3.2;4A_461/2019 E. 4.2;4A_8/2008 05.06.2008 E. 3;4P.97/2006 20.07.2007 E. 3;5A.20/2005 21.12.2005 E. 3;5A_138/2020 E. 3;5A_185/2013 12.03.2013 E. 1;5A_199/2014 E. 2;5A_225/2008 23.04.2008 E. 1;5A_415/2011 21.09.2011 E. 2;5A_458/2023 E. 4;5A_519/2008 E. 5.1;5A_528/2020 E. 5;5A_544/2007 04.02.2008 E. 3,has_parents_but_none_in_same_query_gold
train,train_0611,Art. 948 ZGB,False,0,False,,,no_parent_edges_found
train,train_0611,Art. 81 GBV,False,0,False,,,no_parent_edges_found
train,train_0611,Art. 965 ZGB,True,14,False,,5A.14/2001 29.01.2002 E. 3;5A_341/2019 E. 5.4;5A_341/2019 E. 5.6.2;5A_383/2010 10.12.2010 E. 2;5A_454/2013 16.10.2013 E. 4.3;5A_614/2008 26.11.2008 E. 3;5A_614/2008 26.11.2008 E. 4;5A_803/2013 E. 2.2;BGE 121 III 97 E. 1b;BGE 121 III 97 E. 1c;BGE 135 III 103 E. 3.1;BGE 135 III 103 E. 4.4;BGE 147 III 1 E. 5.4;BGE 147 III 1 E. 5.6.2,has_parents_but_none_in_same_query_gold
train,train_0611,Art. 83 GBV,False,0,False,,,no_parent_edges_found
train,train_0611,Art. 967 ZGB,False,0,False,,,no_parent_edges_found
train,train_0614,Art. 120 FinfraG,True,15,True,Art. 151 Abs. 1 FinfraG,2C_546/2020 E. 5.3;2C_546/2020 E. 5.4.1;2C_546/2020 E. 5.4.3;2C_546/2020 E. 5.4.4;2C_546/2020 E. 5.5.2;2C_546/2020 E. 5.5.3;2C_546/2020 E. 5.7;2C_546/2020 E. 6.4;2C_546/2020 E. 6.5;2C_546/2020 E. 6.7;Art. 121 FinfraG;Art. 123 Abs. 1 FinfraG;Art. 125 Abs. 2 FinfraV;Art. 145 FinfraG;Art. 151 Abs. 1 FinfraG,parent_in_same_query_gold
train,train_0615,Art. 31 BV,True,634,False,,1A.283/2000 20.11.2000 E. 3;1B_1/2023 E. 3.1;1B_100/2009 20.05.2009 E. 2;1B_100/2018 E. 2.1;1B_102/2011 22.03.2011 E. 2;1B_103/2013 27.03.2013 E. 5;1B_104/2007 25.06.2007 E. 2;1B_104/2007 25.06.2007 E. 3;1B_104/2009 18.05.2009 E. 3;1B_104/2018 E. 1.3;1B_108/2015 E. 5.3;1B_12/2007 26.02.2007 E. 2;1B_120/2023 E. 2.1;1B_121/2019 E. 2;1B_121/2019 E. 3;1B_121/2019 E. 3.1;1B_122/2009 10.06.2009 E. 2;1B_123/2008 02.06.2008 E. 2;1B_124/2023 E. 1.2;1B_125/2020 E. 3.3,has_parents_but_none_in_same_query_gold
train,train_0616,Art. 146 StGB,True,580,False,,1A.113/2001 04.09.2001 E. 3;1A.125/2006 10.08.2006 E. 2;1A.128/2000 11.05.2000 E. 4;1A.13/2001 29.05.2001 E. 3;1A.132/2005 04.07.2005 E. 2;1A.132/2005 04.07.2005 E. 5;1A.144/2001 20.12.2001 E. 2;1A.145/2002 13.11.2002 E. 2;1A.153/2004 07.09.2004 E. 4;1A.153/2004 07.09.2004 E. B;1A.154/2003 25.09.2003 E. 5;1A.155/2002 20.08.2002 E. 2;1A.167/2003 10.11.2003 E. 3;1A.175/2004 25.11.2004 E. 2;1A.177/2001 20.11.2001 E. 4;1A.182/2001 26.03.2002 E. 4;1A.185/2005 09.12.2005 E. 2;1A.186/2005 09.12.2005 E. 2.4;1A.188/2005 24.10.2005 E. 2;1A.194/2002 15.11.2002 E. 3,has_parents_but_none_in_same_query_gold
train,train_0617,Art. 34 Abs. 1 RPV,True,32,False,,1C_113/2022 E. 4.1;1C_144/2013 E. 3.4;1C_145/2019 E. 2.1;1C_17/2015 E. 2;1C_204/2019 E. 2.1;1C_238/2021 E. 2;1C_240/2020 E. 2.1;1C_247/2020 E. 3.1;1C_251/2021 E. 2;1C_335/2022 E. 3.1;1C_347/2017 E. 3.2.4;1C_397/2015 E. 3;1C_426/2016 E. 3;1C_429/2015 E. 2;1C_439/2018 E. 3;1C_457/2017 25.03.2019 E. 3;1C_462/2022 E. 4.1;1C_482/2014 E. 4.1;1C_488/2021 E. 4.1;1C_514/2019 E. 3.3,has_parents_but_none_in_same_query_gold
train,train_0617,Art. 34 Abs. 4 RPV,True,51,False,,1A.154/2002 22.01.2003 E. 1;1A.184/2006 15.02.2007 E. 2;1A.237/2006 07.09.2007 E. 4;1A.64/2006 07.11.2006 E. 2;1A.85/2006 26.01.2007 E. 2;1C_110/2010 26.10.2010 E. 3;1C_113/2022 E. 5;1C_127/2009 02.09.2009 E. 3;1C_127/2009 02.09.2009 E. 5;1C_127/2009 02.09.2009 E. C;1C_15/2022 E. 3.1;1C_157/2009 26.11.2009 E. 3;1C_17/2015 E. 2;1C_191/2009 07.10.2009 E. 4;1C_226/2008 21.01.2009 E. 4;1C_238/2021 E. 2.2;1C_240/2020 E. 2.1;1C_247/2020 E. 3.1;1C_247/2020 E. 6.4;1C_251/2021 E. 2,has_parents_but_none_in_same_query_gold
train,train_0618,Art. 2 URG,True,36,False,,4A_104/2008 08.05.2008 E. 3;4A_104/2008 08.05.2008 E. 4;4A_115/2017 E. 2.6.1;4A_115/2017 E. C;4A_115/2020 E. 3.1;4A_115/2020 E. 5.2;4A_295/2014 E. 3.6.3;4A_404/2007 13.02.2008 E. 2;4A_472/2021 17.06.2022 E. 5.2;4A_472/2021 17.06.2022 E. 5.3;4A_472/2021 17.06.2022 E. 6.1.2;4A_491/2022 E. 6.2.1;4A_522/2010 25.11.2010 E. 9;4A_78/2011 02.05.2011 E. 2;4C.111/2002 19.04.2004 E. 2;4C.117/2003 05.09.2003 E. 3;4C.117/2003 05.09.2003 E. 4;4C.117/2003 05.09.2003 E. 5;4C.117/2003 05.09.2003 E. 9;4C.120/2002 19.08.2002 E. 2,has_parents_but_none_in_same_query_gold
train,train_0621,Art. 513 ZGB,True,5,False,,5A_894/2013 E. 4.2;5A_894/2013 E. 4.3;5C.72/2004 26.05.2004 E. 4.2;6S.205/2002 06.01.2004 E. 5;P 40/00 29.11.2001 E. 3,has_parents_but_none_in_same_query_gold
train,train_0621,Art. 527 Abs. 4 ZGB,True,1,False,,5A_69/2008 20.08.2008 E. 8,has_parents_but_none_in_same_query_gold
train,train_0621,Art. 494 ZGB,True,13,False,,2C_242/2014 E. 2.2.1;5A_121/2019 E. 5.2.3;5A_140/2014 E. 2.2;5A_530/2012 30.10.2012 E. 2;5A_68/2012 16.05.2012 E. 4;5A_69/2008 20.08.2008 E. 4;5A_84/2017 E. 3.3;5A_966/2021 E. 6.3.1;5C.46/2007 06.06.2007 E. 2;5C.46/2007 06.06.2007 E. 3;BGE 133 III 406 E. 1.13;BGE 133 III 406 E. 2.1;BGE 138 III 497 E. 4.2,has_parents_but_none_in_same_query_gold
train,train_0621,Art. 222 ZGB,True,3,False,,2C_790/2015 E. 2.3;2C_790/2015 E. 2.4.4;5P.117/2001 21.08.2001 E. 1,has_parents_but_none_in_same_query_gold
train,train_0622,Art. 335 ZGB,True,16,False,,2A.457/2001 04.03.2002 E. A;5A_30/2025 E. 3;5A_401/2010 11.08.2010 E. 3;5A_669/2022 E. 4.3;5A_669/2022 E. 4.3.1;5A_669/2022 E. 4.6.2;5A_817/2009 11.02.2010 E. 1;5A_817/2009 11.02.2010 E. 2;5C.9/2001 18.05.2001 E. 2;5C.9/2001 18.05.2001 E. 3;5F_3/2024 E. 4.2;7B_207/2024 E. 1.4;7B_870/2024 E. 2.4;8C_716/2008 05.12.2008 E. A;9C_637/2022 E. 4.2;BGE 127 III 337 E. 2c,has_parents_but_none_in_same_query_gold
train,train_0624,Art. 57 BV,True,15,False,,1C_176/2013 07.01.2014 E. 10.2.1;1C_176/2013 07.01.2014 E. 10.5.2;1C_269/2021 E. 3.1.1;1C_63/2023 E. 3.5.1;1C_653/2012 E. 5.1;2C_69/2021 E. 3.3.3;2C_69/2021 E. 4.3;2C_69/2021 E. 4.4;2C_875/2016 E. 2.1;5A_931/2014 E. 3;BGE 140 I 2 E. 10.2.1;BGE 140 I 2 E. 10.5.2;BGE 140 I 353 E. 5.1;BGE 148 II 218 E. 4.3;BGE 148 II 218 E. 4.4,has_parents_but_none_in_same_query_gold
train,train_0624,Art. 42 BV,True,8,False,,1C_105/2019 E. 7.1;2A.25/2000 26.07.2001 E. 2;2C_1076/2012 E. 7.1;2C_113/2024 E. 8.2;2P.318/2004 18.03.2005 E. 2;BGE 131 I 166 E. 2.2;BGE 140 I 176 E. 7.1;BGE 147 I 183 E. 7.1,has_parents_but_none_in_same_query_gold
train,train_0627,Art. 264 StPO,True,102,True,Art. 248 Abs. 1 StPO,1B_136/2012 25.09.2012 E. 3;1B_172/2023 E. 2.1;1B_197/2014 E. 3.1;1B_198/2018 E. 2.5;1B_210/2017 E. 6.6;1B_219/2017 E. 3.1;1B_231/2013 E. 2;1B_231/2013 E. 3.2;1B_231/2013 E. 4.2;1B_249/2015 E. 8.18.4;1B_269/2017 E. 2.3;1B_27/2012 27.06.2012 E. 4;1B_273/2021 E. 3.3;1B_309/2012 06.11.2012 E. 3;1B_313/2013 E. 2.2;1B_314/2013 E. 2.2;1B_322/2016 E. 1.2.2;1B_347/2015 E. 4.3;1B_361/2016 E. 2;1B_369/2022 E. 3,parent_in_same_query_gold
train,train_0629,Art. 143 FinfraG,True,4,False,,2C_315/2020 E. 8.1;2C_317/2020 E. 8.1;Art. 145 FinfraG;Art. 31 Abs. 2 FinfraV,has_parents_but_none_in_same_query_gold
train,train_0629,Art. 126 FinfraV,False,0,False,,,no_parent_edges_found
train,train_0631,Art. 335 ZGB,True,16,False,,2A.457/2001 04.03.2002 E. A;5A_30/2025 E. 3;5A_401/2010 11.08.2010 E. 3;5A_669/2022 E. 4.3;5A_669/2022 E. 4.3.1;5A_669/2022 E. 4.6.2;5A_817/2009 11.02.2010 E. 1;5A_817/2009 11.02.2010 E. 2;5C.9/2001 18.05.2001 E. 2;5C.9/2001 18.05.2001 E. 3;5F_3/2024 E. 4.2;7B_207/2024 E. 1.4;7B_870/2024 E. 2.4;8C_716/2008 05.12.2008 E. A;9C_637/2022 E. 4.2;BGE 127 III 337 E. 2c,has_parents_but_none_in_same_query_gold
train,train_0632,Art. 22 BV,True,148,False,,1A.69/2002 19.03.2003 E. 2;1B_285/2020 E. 4.4.1;1B_387/2021 E. 2;1B_387/2021 E. 4.5;1C_103/2024 E. 2;1C_109/2021 E. 4.3.2;1C_109/2024 E. 2;1C_110/2024 E. 2;1C_111/2024 E. 2;1C_140/2008 17.03.2009 E. 5;1C_140/2008 17.03.2009 E. 8.1;1C_147/2021 E. 7;1C_176/2013 07.01.2014 E. F;1C_181/2019 E. 10;1C_181/2019 E. 10.3;1C_181/2019 E. 4.1;1C_20/2018 E. 2.1;1C_226/2015 E. 3.1;1C_226/2015 E. 4.1;1C_226/2015 E. D,has_parents_but_none_in_same_query_gold
train,train_0632,Art. 16 BV,True,273,False,,1A.220/2006 16.03.2007 E. 1;1A.220/2006 16.03.2007 E. 4;1B_103/2014 E. 2.1;1B_134/2011 14.07.2011 E. 4;1B_169/2015 06.11.2015 E. 3.1;1B_196/2010 18.11.2010 E. 4;1B_26/2009 02.03.2009 E. 3;1B_26/2009 02.03.2009 E. B;1B_26/2014 E. 4;1B_285/2020 E. 4.4.1;1B_292/2010 23.12.2010 E. 1;1B_349/2016 22.02.2017 E. 2.1;1B_349/2016 22.02.2017 E. 3;1B_349/2016 22.02.2017 E. 3.1;1B_502/2011 05.10.2011 E. 8;1B_77/2008 15.07.2008 E. 2;1C_122/2015 E. 2.1;1C_129/2016 E. 2.1;1C_137/2018 27.11.2018 E. 4.5;1C_137/2018 27.11.2018 E. 6.1,has_parents_but_none_in_same_query_gold
train,train_0639,Art. 265a SchKG,True,64,True,Art. 198 ZPO;Art. 75 Abs. 2 SchKG,1P.512/2004 06.01.2005 E. A;2C_195/2016 E. 2.2.1;4P.251/2003 07.01.2004 E. 2;5A_104/2010 28.04.2010 E. 3.2;5A_120/2012 21.06.2012 E. 1;5A_150/2017 E. 1.2;5A_150/2017 E. 1.3;5A_295/2013 E. 2.1;5A_295/2013 E. 2.2.1;5A_295/2013 E. 2.2.4;5A_295/2013 E. A;5A_377/2011 16.06.2011 E. 1;5A_415/2017 E. 3.2;5A_433/2019 E. 4.1;5A_464/2021 E. 3;5A_464/2021 E. 3.3;5A_464/2021 E. 3.4;5A_487/2014 E. 2.1;5A_487/2014 E. 2.2;5A_487/2014 E. 2.3,parent_in_same_query_gold
train,train_0642,Art. 271 StGB,True,52,False,,1B_265/2009 25.01.2010 E. A;1C_126/2025 E. 1.2;2C_1042/2016 E. 1.3.2;2C_1042/2016 E. 5.1;2C_1042/2016 E. 5.5.1;2C_1043/2016 E. 1.3.2;2C_1043/2016 E. 5.1;2C_1043/2016 E. 5.5.1;2C_1044/2016 E. 1.3.2;2C_1044/2016 E. 5.1;2C_1044/2016 E. 5.5.1;2C_1058/2014 E. 3.1;2C_1058/2014 E. 3.2;2C_1058/2014 E. 4.7;2C_1156/2016 E. 2.3;2C_1156/2016 E. 3.1;2C_1156/2016 E. 3.1.1;2C_1156/2016 E. 3.1.4;2C_1156/2016 E. 3.2.2;2C_1156/2016 E. 3.3.3,has_parents_but_none_in_same_query_gold
train,train_0643,Art. 17 SchKG,True,779,False,,1C_146/2021 E. 2.2;1C_490/2021 E. 2.2;2A.399/2004 24.03.2005 E. 1;2C_971/2017 E. 1.2;2C_978/2012 04.05.2013 E. 5.4.3;2P.159/2005 30.06.2006 E. 2;2P.159/2005 30.06.2006 E. B;2P.348/2005 26.05.2006 E. 3;4A_304/2024 E. 6.4;4A_440/2014 E. 4.2;4A_545/2019 E. 4.5.2;4D_74/2023 E. C;5A_1/2013 18.03.2013 E. 4.2;5A_1/2020 E. 4;5A_1018/2021 E. 4;5A_102/2009 12.02.2009 E. 1;5A_103/2021 E. 2.2;5A_103/2021 E. 2.4.2;5A_1035/2015 E. 2.2;5A_1035/2015 E. 3.1.2,has_parents_but_none_in_same_query_gold
train,train_0643,Art. 22 SchKG,True,218,True,Art. 20a Abs. 2 SchKG,5A_1028/2017 E. 4;5A_103/2021 E. 2.3.1;5A_103/2021 E. 2.4.3;5A_1030/2019 E. 3.3.1;5A_104/2024 E. 2;5A_1044/2019 E. 3.5.3;5A_120/2012 21.06.2012 E. 3;5A_120/2012 21.06.2012 E. 4;5A_137/2018 28.11.2018 E. 3.1.4;5A_137/2024 E. 3.1.3;5A_141/2018 13.12.2018 E. 3.1.4;5A_143/2018 13.12.2018 E. 3.1.4;5A_149/2018 13.12.2018 E. 3.1.4;5A_153/2018 E. 3.1.4;5A_169/2022 E. 4;5A_172/2024 E. 3.3;5A_172/2024 E. D;5A_20/2021 E. 3.1.1;5A_205/2009 06.08.2009 E. 3;5A_219/2012 14.08.2012 E. 4,parent_in_same_query_gold
train,train_0643,Art. 95 SchKG,True,13,False,,4C.75/2006 20.06.2006 E. 2;4D_35/2019 E. 3.2;5A_146/2018 E. 3.5.2;5A_434/2023 E. 2.2;5A_5/2013 18.02.2013 E. 2;5A_5/2013 18.02.2013 E. 4;5A_571/2022 E. 2.2;5A_624/2022 E. 2.3;5A_648/2022 E. 2.2;6B_1104/2018 E. A;7B.126/2005 10.08.2005 E. 1;7B.216/2003 02.12.2003 E. 2;7B.251/2004 24.12.2004 E. 2,has_parents_but_none_in_same_query_gold
train,train_0644,Art. 102 StGB,True,55,False,,1B_188/2011 01.06.2011 E. 1;1B_188/2011 01.06.2011 E. B;1B_249/2015 E. 3.3;1B_249/2015 E. 6;1B_505/2019 E. 3.4;1B_516/2011 17.11.2011 E. 2;2A.168/2006 08.03.2007 E. 3;2C_147/2007 23.01.2008 E. 6;2C_175/2024 E. 8.4.3;2C_192/2019 E. 3.2;2C_192/2019 E. 4.3;2C_192/2019 E. 5.4.1;2C_383/2020 E. 4.7.2;2C_484/2010 E. 3.2;2C_916/2014 E. 7.2;2C_950/2012 E. 6.2.1;4A_249/2024 E. 1.1;4A_249/2024 E. B;5A_25/2025 E. 1.3;5A_25/2025 E. 6,has_parents_but_none_in_same_query_gold
train,train_0644,Art. 7 VStrR,True,29,False,,1C_520/2022 E. 4.2.1;1C_520/2022 E. 4.3.3;2C_150/2016 E. 3;6B_1007/2016 E. 1.1;6B_252/2017 E. 3.1.1;6B_444/2021 E. 3.2;6B_596/2019 E. 2.1;6B_596/2019 E. 2.2;6B_596/2019 E. 2.4;6P.9/2006 05.07.2006 E. 9;6S.352/2003 19.02.2004 E. 1.3;6S.357/2002 18.12.2002 E. 1;6S.488/2005 31.08.2006 E. 2;6S.677/2001 16.03.2002 E. 2;Art. 100 MWSTG;Art. 125 ZG;Art. 133 Abs. 2 BGS;Art. 18 Abs. 3 672.933.6;Art. 219 Abs. 4 VTS;Art. 25 Abs. 2 ALBAG,has_parents_but_none_in_same_query_gold
train,train_0644,Art. 181 DBG,True,14,False,,1S.9/2005 06.10.2005 E. 7;2A.258/2005 19.10.2005 E. 3;2C_113/2018 E. 4.2.1;2C_290/2011 12.09.2011 E. 8;2C_298/2020 E. 4.2;4C.3/2007 12.11.2007 E. 2.3;6B_1053/2017 E. 5.2;6B_1053/2017 E. 5.3;6B_252/2017 E. 3.1.1;7B_1352/2024 16.09.2025 E. A;7B_949/2024 16.09.2025 E. A;7B_973/2024 E. A;BGE 134 III 59 E. 2.3.5;BGE 144 I 242 E. 3.1.1,has_parents_but_none_in_same_query_gold
train,train_0644,Art. 57 StHG,False,0,False,,,no_parent_edges_found
train,train_0649,Art. 216 ZGB,True,7,False,,5A_907/2019 E. 4.2.2;5A_907/2019 E. 6.3.1;5C.205/2000 21.06.2001 E. 2;5C.61/2002 14.06.2002 E. 3;BGE 127 III 396 E. 2;BGE 128 III 314 E. 1974;P 30/06 05.02.2007 E. 4,has_parents_but_none_in_same_query_gold
train,train_0649,Art. 470 ZGB,True,12,False,,5A_122/2008 30.07.2008 E. 3;5A_238/2023 E. 7.1;5A_238/2023 E. 7.3;5A_238/2023 E. A;5A_610/2013 E. 2.2.1;5A_696/2019 E. 3.3;8C_669/2023 E. 7.2.3;9C_678/2012 30.01.2013 E. 4;BGE 139 V 1 E. 4.3;BGE 139 V 1 E. 4.4;BGE 150 III 160 E. 7.1;BGE 150 III 160 E. 7.3,has_parents_but_none_in_same_query_gold
train,train_0652,Art. 762 OR,True,14,False,,1C_22/2010 06.10.2010 E. 3;1C_22/2010 06.10.2010 E. 3.3;2A.478/2003 22.11.2004 E. 3;2C_585/2009 31.03.2010 E. 5;2C_715/2008 15.04.2009 E. 3;2C_734/2019 E. 2.1;2P.30/2000 07.09.2000 E. 2;2P.30/2000 07.09.2000 E. A;4A.4/2006 20.04.2006 E. 3;9C_37/2023 E. 2.3.2;BGE 126 I 250 E. 2a;BGE 126 I 250 E. 2c;BGE 131 II 1 E. 3.4;BGE 132 III 470 E. 3.3,has_parents_but_none_in_same_query_gold
train,train_0652,Art. 763 OR,True,4,False,,2A.478/2003 22.11.2004 E. 3;2P.217/2003 22.10.2003 E. 2;6B_1126/2017 E. 1;BGE 131 II 1 E. 3.4,has_parents_but_none_in_same_query_gold
train,train_0653,Art. 190 StGB,True,183,False,,1A.55/2000 30.06.2000 E. 3;1B_106/2014 E. 2.1;1B_194/2015 E. 3;1B_288/2022 E. 2;1B_578/2012 18.10.2012 E. 3;1B_642/2021 E. 4.2;1C_418/2012 07.01.2013 E. 2;1C_493/2020 E. 3.1;1P.228/2005 20.04.2005 E. 3;1P.288/2000 08.08.2000 E. A;1P.408/2003 30.10.2003 E. 5;1P.42/2000 15.02.2000 E. A;1P.567/2003 13.10.2003 E. 2;2C_1067/2019 E. 2.3.2;2C_114/2019 E. 5.1.2;6B_1027/2021 E. 2.3;6B_1037/2021 E. 3.3;6B_1037/2021 E. 6.2.1;6B_1037/2021 E. 6.3.1;6B_1050/2023 E. 3.3.2,has_parents_but_none_in_same_query_gold
train,train_0654,Art. 17 DSG,True,30,False,,1C_167/2019 E. 6.2;1C_214/2016 E. 6.2;1C_214/2016 E. 6.3;1C_214/2016 E. 7.4;1C_402/2016 E. 12;2A.355/1999 01.05.2000 E. 5;2C_1039/2018 18.03.2021 E. 4.3.2;2C_1039/2018 18.03.2021 E. 5.4.2;2C_1039/2018 18.03.2021 E. 5.4.4;2C_1040/2018 18.03.2021 E. 4.3.2;2C_1040/2018 18.03.2021 E. 5.4.2;2C_1040/2018 18.03.2021 E. 5.4.4;2C_1065/2014 E. 6.4.1;2C_874/2020 E. 6.2.4;8C_192/2008 08.04.2009 E. 3;8C_400/2013 E. 5.1;Art. 12 Abs. 4 OV-HFG;Art. 19 Abs. 4 DSG;Art. 51 Abs. 2 DSG;Art. 61 DSG,has_parents_but_none_in_same_query_gold
train,train_0654,Art. 28 ZGB,True,491,False,,1B_143/2011 01.06.2011 E. 4;1B_21/2012 27.03.2012 E. 2;1B_22/2012 11.05.2012 E. 2;1B_245/2015 E. 5.2;1B_294/2014 E. 3;1B_320/2015 E. 4.6;1B_562/2011 02.02.2012 E. 4;1B_562/2011 02.02.2012 E. 6;1B_643/2022 06.04.2023 E. 2;1B_652/2011 03.04.2012 E. 2;1B_75/2017 E. 4.1.2;1B_94/2019 E. 2.2;1C_175/2021 E. 5.3.1;1C_230/2011 31.05.2012 E. 10.6;1C_230/2011 31.05.2012 E. 12;1C_230/2011 31.05.2012 E. 8;1C_275/2012 21.09.2012 E. 1;1C_277/2023 E. 2.4;1C_382/2007 24.04.2008 E. 2;1C_382/2007 24.04.2008 E. 3,has_parents_but_none_in_same_query_gold
train,train_0654,Art. 5 Abs. 1 DSG,True,11,False,,1C_11/2013 E. 4.1;1C_236/2023 E. 2.1.2;1C_236/2023 E. 3.2;1C_452/2021 E. 3.2;1C_613/2019 17.06.2020 E. 2.2;1C_709/2017 E. 2.3.2;1C_710/2017 E. 2.3.2;1C_788/2021 07.03.2022 E. 3.2;2C_726/2018 E. 3.4;2C_726/2018 E. 3.5;2C_874/2020 E. 6.4.5,has_parents_but_none_in_same_query_gold
train,train_0654,Art. 13 DSG,True,45,False,,1C_230/2011 31.05.2012 E. 10;1C_230/2011 31.05.2012 E. 7;1C_285/2009 08.09.2010 E. 2;1C_285/2009 08.09.2010 E. 5;1C_285/2009 08.09.2010 E. 5.2;1C_285/2009 08.09.2010 E. 6;2C_37/2018 E. 6.1;2C_37/2018 E. 7;2C_776/2013 E. 5.2.2;2C_776/2013 E. 7.2.2;4A_576/2015 E. 2;4A_576/2015 E. 2.1;4A_576/2015 E. 2.2.1;4A_576/2015 E. 2.2.3;4A_588/2018 E. 4.3.1;6B_1133/2021 E. 2.3.2;6B_1133/2021 E. 2.4.2;6B_1133/2021 E. 2.4.3;6B_1188/2018 E. 3.3;6B_1362/2020 E. 14.4.2,has_parents_but_none_in_same_query_gold
train,train_0656,Art. 77b StGB,True,80,False,,1B_56/2007 15.05.2007 E. 3;2C_1024/2020 E. 5.3.4;2C_367/2021 E. 4.3.4;2C_71/2020 E. 5.2.2;6B_1038/2020 E. 1.5;6B_1048/2010 06.06.2011 E. 4.2;6B_1065/2010 31.03.2011 E. 1.10;6B_1065/2010 31.03.2011 E. 2;6B_1079/2023 E. 4.4;6B_1273/2021 E. 5.4.2;6B_131/2007 22.11.2007 E. 3;6B_1321/2016 E. 2.4;6B_164/2011 23.12.2011 E. 4;6B_169/2011 08.06.2011 E. 3.4;6B_175/2011 01.09.2011 E. 1;6B_184/2025 E. 4.3;6B_194/2012 17.07.2012 E. 4;6B_222/2008 27.05.2008 E. 1;6B_223/2021 E. 2.2.5;6B_245/2008 04.09.2008 E. 2,has_parents_but_none_in_same_query_gold
train,train_0656,Art. 79a StGB,True,6,False,,1B_192/2018 E. 2.3;6B_287/2020 E. 1.2;6B_955/2021 E. 3;7B_261/2023 E. 2.2.1;7B_948/2023 E. 1.1;BGE 150 IV 277 E. 2.2.1,has_parents_but_none_in_same_query_gold
train,train_0656,Art. 79 StGB,True,5,False,,6B_222/2008 27.05.2008 E. 1;6B_40/2020 E. 3.2.3;6B_728/2008 16.01.2009 E. 1;BGE 137 IV 249 E. 3.4.1;BGE 146 IV 267 E. 3.2.3,has_parents_but_none_in_same_query_gold
train,train_0661,Art. 15 IPRG,True,25,False,,4A_256/2014 E. 2.4;4A_578/2016 E. 2.2;4A_580/2016 E. 2.2;4C.344/2001 07.05.2002 E. 3;4C.94/2005 14.09.2005 E. 3;5A_163/2015 E. 4;5A_32/2021 E. 5.3;5A_545/2020 E. 6.3.4;5A_841/2017 E. 4.5.1;5A_841/2017 E. 6.4;5A_841/2017 E. 6.4.1;5A_874/2012 E. 4.2;5A_874/2012 E. 4.3;5A_897/2014 E. 3.2;5A_897/2014 E. 3.3.2;5A_963/2014 E. 4.1;5C.212/2004 11.02.2005 E. 2;BGE 128 III 346 E. 3.1.5;BGE 131 III 289 E. 2.5;BGE 131 III 289 E. 2.6,has_parents_but_none_in_same_query_gold
train,train_0662,Art. 19 BetmG,True,119,False,,1A.109/2003 03.06.2003 E. 4;1B_1/2009 22.01.2009 E. 2.4;1B_109/2007 28.06.2007 E. 2.1;1B_480/2018 E. 3;1B_585/2020 E. 3;1B_77/2012 01.11.2012 E. 2;1B_99/2013 13.05.2013 E. A;1P.27/2001 15.08.2001 E. B;1P.57/2004 02.06.2004 E. A;1P.6/2007 29.01.2007 E. 4.5;1P.6/2007 29.01.2007 E. 4.6;1P.660/2002 11.03.2003 E. 1.1;2A.605/2005 28.02.2006 E. 2;2C_147/2007 23.01.2008 E. 6;2C_381/2008 14.01.2009 E. 2;2C_41/2023 E. 6.4.3;6B_1021/2013 E. 7.3;6B_1026/2017 E. 1.2.2;6B_1070/2018 E. 4.3.2;6B_1081/2018 E. 3.1,has_parents_but_none_in_same_query_gold
train,train_0662,Art. 66a StGB,True,621,False,,1B_116/2019 E. 3.2;1B_116/2019 E. 3.3;1B_292/2021 E. 3;1B_334/2018 E. A;1B_364/2017 E. 4.3;1C_537/2021 E. 6.4.2;2C_1045/2019 E. 5.5;2C_1054/2018 E. 2.2;2C_108/2018 E. 3.3;2C_133/2022 E. 4;2C_139/2018 E. 2.3.1;2C_140/2017 E. 6.2;2C_148/2022 E. 3;2C_150/2024 E. 4.3.4;2C_169/2017 E. 3.1;2C_173/2020 E. 4.3.1;2C_188/2019 E. 2.2.1;2C_230/2022 E. 5.2;2C_231/2019 E. 2.2.2;2C_24/2019 E. 2.2,has_parents_but_none_in_same_query_gold
train,train_0662,Art. 36 BV,True,1471,False,,1A.104/1999 05.04.2000 E. 6;1A.129/2002 09.04.2003 E. 3;1A.151/2001 16.07.2002 E. 5;1A.159/2005 20.02.2006 E. 2;1A.162/2002 10.12.2002 E. 3;1A.198/2002 21.08.2003 E. 3;1A.212/2006 31.05.2007 E. 4;1A.219/2005 28.02.2006 E. 2;1A.219/2005 28.02.2006 E. 3;1A.220/2006 16.03.2007 E. 4;1A.240/2002 13.05.2003 E. 2;1A.244/2000 08.11.2001 E. 8;1A.65/2002 30.07.2002 E. 8;1A.73/1999 07.06.2000 E. 2;1B_10/2008 30.01.2008 E. 5;1B_102/2011 22.03.2011 E. 2;1B_103/2014 E. 2.2;1B_103/2018 E. 2.3;1B_11/2022 E. 3.2;1B_11/2022 E. 3.4,has_parents_but_none_in_same_query_gold
train,train_0662,Art. 13 BV,True,2239,False,,1A.104/1999 05.04.2000 E. 6;1A.214/2005 23.01.2006 E. 5;1A.23/2005 04.07.2005 E. 5;1B_101/2008 28.10.2008 E. 2;1B_101/2008 28.10.2008 E. 3;1B_103/2021 E. 3.2;1B_115/2016 E. 2.4.1;1B_116/2016 E. 2.4.1;1B_131/2015 E. 3;1B_134/2011 14.07.2011 E. 4;1B_146/2016 E. 2.1;1B_175/2013 E. 1.3;1B_175/2013 E. 4.2.3;1B_191/2018 E. 1.3;1B_191/2018 E. 2;1B_193/2017 E. 3.5.1;1B_206/2007 07.01.2008 E. 6;1B_229/2017 E. 1.5;1B_231/2013 E. 3.3;1B_231/2015 E. 2.3,has_parents_but_none_in_same_query_gold
train,train_0663,Art. 781 ZGB,True,18,False,,1E.5/2001 16.10.2001 E. 3;5A_171/2008 13.05.2008 E. 2;5A_235/2011 08.08.2011 E. 2;5A_259/2019 E. 5.1;5A_259/2019 E. 5.3.2;5A_341/2019 E. 3.4;5A_507/2010 15.12.2010 E. 6;5A_550/2011 24.10.2011 E. 4;5A_550/2011 24.10.2011 E. 5;5A_560/2009 07.10.2009 E. 1;5A_884/2012 E. 4.2;5C.111/2006 25.08.2006 E. 8;5C.270/2000 12.04.2001 E. 2;5C.270/2000 12.04.2001 E. 3;6B_913/2014 E. 2;BGE 132 III 651 E. 8;BGE 137 III 444 E. 2.1;BGE 147 III 1 E. 3.4,has_parents_but_none_in_same_query_gold
train,train_0663,Art. 975 ZGB,True,43,False,,1C_664/2024 E. 4.2.2;5A.6/2005 17.03.2005 E. 3;5A_1007/2020 E. 2.3.1;5A_134/2020 E. 1;5A_194/2013 E. 3.1;5A_194/2013 E. 4.1;5A_194/2013 E. 5;5A_195/2012 21.06.2012 E. 1;5A_222/2015 E. 2.3;5A_222/2015 E. C;5A_250/2018 E. 2.1;5A_250/2018 E. 2.2;5A_250/2018 E. 3.3;5A_250/2018 E. 3.5;5A_480/2016 E. 1.1;5A_480/2016 E. 1.2;5A_489/2010 06.12.2010 E. 3;5A_494/2020 E. 3.1;5A_520/2018 E. 2;5A_552/2018 E. 1,has_parents_but_none_in_same_query_gold
train,train_0663,Art. 956a ZGB,True,9,False,,5A_1024/2020 E. 1;5A_12/2021 E. 1;5A_12/2021 E. 2;5A_237/2018 E. 2.2;5A_237/2018 E. 2.3;5A_518/2017 E. 1.1;5A_595/2024 E. A;Art. 6 Abs. 3 GBV;BGE 144 III 310 E. 2.2.2,has_parents_but_none_in_same_query_gold
train,train_0663,Art. 977 ZGB,True,7,False,,5A_250/2018 E. 2.1;5A_250/2018 E. 2.2;5A_250/2018 E. 2.3;5A_250/2018 E. 3.3;5A_250/2018 E. 3.4.1;5A_726/2021 E. 4.1;5C.40/2000 23.03.2000 E. 3,has_parents_but_none_in_same_query_gold
train,train_0663,Art. 3 ZGB,True,41,False,,2C_1071/2012 E. 5.2;2C_865/2017 E. 2.3;4A_127/2024 E. 3.4.1;4A_293/2025 E. 3.3;4A_293/2025 E. 3.4;4A_302/2018 E. 2.2.2;4A_353/2014 E. 1.3.2;4A_393/2018 E. 2.4.4;4A_574/2008 23.06.2009 E. 7;4A_600/2014 E. 4.2.2;4A_91/2016 E. 2.4.2;4C.159/2000 14.12.2000 E. 3;4C.26/2000 06.09.2000 E. 2;4C.274/2004 18.11.2004 E. 6;4C.296/2002 28.11.2002 E. 1;4C.363/2001 07.07.2003 E. 4;4C.54/2002 10.06.2002 E. 2;4P.172/2004 18.11.2004 E. 9;4P.52/2002 04.06.2002 E. 1;5A_159/2014 E. 3.3.1,has_parents_but_none_in_same_query_gold
train,train_0663,Art. 973 ZGB,True,50,False,,1C_151/2010 21.06.2010 E. 2;1C_340/2016 E. 3.1;1C_585/2015 E. 2;2C_49/2014 E. 4.3;4A_393/2018 E. 2.4.4;4A_553/2015 10.03.2016 E. 5.3.2;4C.339/2004 12.01.2005 E. 4;5A_1007/2020 E. 2.1.2;5A_1043/2021 E. 3.2.2;5A_155/2012 29.05.2012 E. 4;5A_178/2017 E. 7.1;5A_28/2021 E. 3.4.3;5A_304/2015 E. 4.2;5A_361/2017 E. 2.4.6;5A_375/2010 25.11.2010 E. 3;5A_377/2017 E. 2.3.1;5A_412/2009 27.10.2009 E. 5;5A_449/2014 E. 2.2.1;5A_458/2019 E. 3.3;5A_473/2017 E. 3,has_parents_but_none_in_same_query_gold
train,train_0664,Art. 129 GBV,False,0,False,,,no_parent_edges_found
train,train_0666,Art. 10 ArG,True,5,False,,2C_162/2020 E. 2.2;2C_162/2020 E. A;2C_162/2020 E. B;2P.253/2003 13.07.2004 E. 2.3;BGE 130 I 279 E. 18.30,has_parents_but_none_in_same_query_gold
train,train_0666,Art. 17 ArG,True,6,True,Art. 16 ArG,2C_308/2008 05.03.2009 E. 5;2C_344/2008 26.03.2009 E. 4;2C_344/2008 26.03.2009 E. A;2C_748/2009 15.07.2010 E. 2;Art. 16 ArG;BGE 136 II 427 E. 2.3,parent_in_same_query_gold
train,train_0666,Art. 27 ArG,True,12,False,,2A.211/2006 16.01.2007 E. 3;2A.255/2001 22.03.2002 E. 2;2A.255/2001 22.03.2002 E. 3;2A.256/2001 22.03.2002 E.;2A.256/2001 22.03.2002 E. 2;2A.256/2001 22.03.2002 E. 3;2A.256/2001 22.03.2002 E. 5;2A.640/2004 07.11.2005 E. 2;2C_308/2008 05.03.2009 E. 5;2C_308/2008 05.03.2009 E. 6;2C_44/2013 E. 3.3;2P.251/2001 14.06.2002 E. 4,has_parents_but_none_in_same_query_gold
train,train_0667,Art. 2 FIDLEG,False,0,False,,,no_parent_edges_found
train,train_0669,Art. 8 AsylG,True,14,False,,1C_788/2021 07.03.2022 E. 5.1;2C_199/2018 E. 6.2;2C_214/2013 E. 3.2;2C_936/2019 E. 3.3.2;2P.318/2004 18.03.2005 E. 4;6B_1073/2015 E. 2.5;6B_1361/2020 E. 1.4.3;6B_1361/2020 E. 1.4.4;6B_1361/2020 E. 1.5.2;BGE 131 I 166 E. 4.2;BGE 148 IV 281 E. 1.4.3;BGE 148 IV 281 E. 1.4.4c;BGE 148 IV 281 E. 1.5.2;BGE 148 IV 281 E. 2.1,has_parents_but_none_in_same_query_gold
train,train_0670,Art. 58 SVG,True,50,False,,2C_94/2018 E. 1.2;2C_94/2018 E. 2;2C_94/2018 E. 4;2C_94/2018 E. 4.2;2C_94/2018 E. 4.3.3;2C_94/2018 E. 4.5;2C_94/2018 E. 4.5.2;4A_115/2014 E. 5.1;4A_234/2021 E. 2.4.3;4A_234/2021 E. B;4A_301/2016 15.12.2016 E. 6.1.2;4A_314/2022 E. 3.4.1;4A_364/2011 07.02.2012 E. 2;4A_364/2011 07.02.2012 E. 3;4A_364/2011 07.02.2012 E. B;4A_411/2023 E. B;4A_479/2009 23.12.2009 E. 4;4A_508/2018 E. 4.3.2;4A_707/2012 E. B;4C.102/2004 01.06.2004 E. 2,has_parents_but_none_in_same_query_gold
train,train_0673,Art. 20 OR,True,200,False,,2A.230/1999 02.02.2000 E. 5.-;2A.399/2002 31.03.2003 E. 3;2A.425/2000 20.07.2001 E. 2;2C_1069/2015 E. 3.2;2C_1069/2015 E. 3.3;2C_12/2016 16.08.2016 E. 2.2.2;2C_16/2008 16.05.2008 E. 5;2C_17/2008 16.05.2008 E. 6;2C_390/2016 06.11.2017 E. 5.3.3;2C_529/2022 E. 4.6;2C_71/2010 22.09.2010 E. 1;2D_14/2024 E. 6.2.1;2D_14/2024 E. 6.2.2;4A_101/2011 06.09.2011 E. 2;4A_106/2012 25.06.2012 E. 1;4A_109/2018 E. 3;4A_131/2017 E. 4.1;4A_133/2012 28.06.2012 E. 2;4A_155/2015 E. 3;4A_155/2015 E. 3.3,has_parents_but_none_in_same_query_gold
train,train_0676,Art. 25 URG,True,12,False,,2C_260/2023 E. 6.2;4C.393/2004 22.06.2005 E. 1;4C.393/2004 22.06.2005 E. 2;4C.393/2004 22.06.2005 E. 3;4C.393/2004 22.06.2005 E. 4;Art. 68 URG;BGE 131 III 480 E. 1.4;BGE 131 III 480 E. 2.1;BGE 131 III 480 E. 2.2;BGE 131 III 480 E. 3.1;BGE 131 III 480 E. 3.2;BGE 131 III 480 E. 4.2,has_parents_but_none_in_same_query_gold
train,train_0676,Art. 3 URG,True,2,False,,4C.121/2003 14.07.2003 E. 3;BGE 121 III 118 E. 2,has_parents_but_none_in_same_query_gold
train,train_0677,Art. 21 JStG,True,1,False,,Art. 11 Abs. 1 JStG,has_parents_but_none_in_same_query_gold
train,train_0678,Art. 144 StGB,True,89,False,,1B_121/2019 E. 3.3;1B_184/2012 27.08.2012 E. 4;1B_195/2016 E. A;1B_244/2017 E. 2.2;1B_248/2011 29.11.2011 E. 3;1B_254/2014 E. 3.1;1B_283/2016 E. 5.4;1B_293/2023 E. 2;1B_347/2022 E. 4.4;1B_365/2014 12.01.2015 E. 3;1B_418/2018 E. 2.7;1B_422/2018 E. 2.7;1B_432/2011 20.09.2012 E. 3;1B_432/2011 20.09.2012 E. 4;1B_435/2011 13.09.2011 E. 3;1B_553/2017 E. 3.4;1B_556/2019 E. 2.1;1B_579/2011 01.11.2011 E. 3;1B_80/2009 07.04.2009 E. 2;1B_95/2015 E. A,has_parents_but_none_in_same_query_gold
train,train_0678,Art. 9 JStPO,True,2,False,,Art. 52 JStPO;Art. 6 Abs. 3 JStPO,has_parents_but_none_in_same_query_gold
train,train_0680,Art. 31 DBG,True,17,False,,2A.587/2002 11.03.2003 E. 1;2C_101/2008 18.06.2008 E. 2;2C_120/2008 13.08.2008 E. 2;2C_164/2013 28.03.2014 E. 3.6.2;2C_187/2012 15.10.2012 E. 3;2C_356/2017 E. 3.3;6B_433/2013 23.09.2013 E. 2.3;9C_43/2010 05.05.2010 E. 3;9C_43/2010 05.05.2010 E. 4;9C_43/2010 05.05.2010 E. 5;9C_625/2023 E. 5.2.2;BGE 140 II 248 E. 3.6.2;H 17/04 15.11.2004 E. 4;H 187/03 02.09.2003 E. 2;H 46/05 08.05.2006 E. 5;H 64/06 11.04.2007 E. 4;H 83/06 24.04.2007 E. 4,has_parents_but_none_in_same_query_gold
train,train_0681,Art. 36 BV,True,1471,False,,1A.104/1999 05.04.2000 E. 6;1A.129/2002 09.04.2003 E. 3;1A.151/2001 16.07.2002 E. 5;1A.159/2005 20.02.2006 E. 2;1A.162/2002 10.12.2002 E. 3;1A.198/2002 21.08.2003 E. 3;1A.212/2006 31.05.2007 E. 4;1A.219/2005 28.02.2006 E. 2;1A.219/2005 28.02.2006 E. 3;1A.220/2006 16.03.2007 E. 4;1A.240/2002 13.05.2003 E. 2;1A.244/2000 08.11.2001 E. 8;1A.65/2002 30.07.2002 E. 8;1A.73/1999 07.06.2000 E. 2;1B_10/2008 30.01.2008 E. 5;1B_102/2011 22.03.2011 E. 2;1B_103/2014 E. 2.2;1B_103/2018 E. 2.3;1B_11/2022 E. 3.2;1B_11/2022 E. 3.4,has_parents_but_none_in_same_query_gold
train,train_0685,Art. 78 FIDLEG,False,0,False,,,no_parent_edges_found
train,train_0686,Art. 36a KKG,False,0,False,,,no_parent_edges_found
train,train_0687,Art. 2 NHG,True,161,False,,1A.109/2006 05.10.2006 E. 1;1A.11/2007 16.05.2007 E. 2;1A.115/2001 08.10.2001 E. 1;1A.115/2001 08.10.2001 E. 2;1A.115/2001 08.10.2001 E. 3;1A.115/2001 08.10.2001 E. B;1A.122/2004 30.05.2005 E. 2;1A.185/2006 05.03.2007 E. 5;1A.185/2006 05.03.2007 E. 6;1A.230/2000 28.08.2001 E. 1;1A.230/2000 28.08.2001 E. 4;1A.301/2000 28.05.2001 E. 2;1A.59/1995 28.04.2000 E. 1;1A.6/2005 15.08.2005 E. 2;1A.6/2005 15.08.2005 E. F;1A.6/2007 06.09.2007 E. 3;1A.73/1995 28.04.2000 E. 1;1C_107/2025 E. 3.2;1C_118/2010 20.10.2010 E. 6;1C_118/2016 E. 4.1,has_parents_but_none_in_same_query_gold
train,train_0689,Art. 5 DBG,True,11,False,,2C_18/2014 E. 2.2.2;2C_215/2009 01.10.2009 E. 2;2C_662/2010 25.03.2011 E. 3;2C_662/2010 25.03.2011 E. 7;2C_662/2010 25.03.2011 E. 8;2C_894/2013 E. 2.5.2;9C_663/2022 16.08.2023 E. 6.1.2;Art. 161 Abs. 4 DBG;BGE 137 II 246 E. 3;BGE 137 II 246 E. 7;BGE 137 II 246 E. 8,has_parents_but_none_in_same_query_gold
train,train_0692,Art. 98 GBV,True,1,False,,5A.6/2006 18.07.2006 E. 1,has_parents_but_none_in_same_query_gold
train,train_0693,Art. 357b OR,True,24,False,,4A_233/2013 E. 2.1;4A_233/2013 E. 2.2;4A_269/2023 E. 3;4A_300/2007 06.05.2008 E. 1;4A_301/2011 21.09.2011 E. 4;4A_376/2017 E. 5.2;4A_402/2023 E. 4.3.4;4A_408/2017 E. A;4A_535/2009 25.03.2010 E. 1;4A_62/2021 E. 3.2;4A_62/2021 E. A;5A_877/2014 E. 3.3;9C_229/2015 E. 3.1;9C_347/2011 26.01.2012 E. 3.1;9C_614/2009 28.01.2010 E. 3;B 106/06 06.02.2008 E. 2;BGE 137 III 556 E. 4.1;BGE 137 III 556 E. 4.5;BGE 138 V 32 E. 3.1.3;BGE 138 V 32 E. 3.3,has_parents_but_none_in_same_query_gold
train,train_0694,Art. 73 BPR,True,7,True,Art. 68 Abs. 1 BPR,1C_105/2020 07.10.2020 E. 3.2;1C_105/2020 07.10.2020 E. 3.4;1C_105/2020 07.10.2020 E. 3.6;Art. 68 Abs. 1 BPR;BGE 147 I 206 E. 3.2;BGE 147 I 206 E. 3.4;BGE 147 I 206 E. 3.6,parent_in_same_query_gold
train,train_0694,Art. 282 StGB,True,4,False,,6B_1062/2016 E. 4.2.1;7B_980/2023 E. 3.1;7B_980/2023 E. 3.2.1;7B_980/2023 E. B,has_parents_but_none_in_same_query_gold
train,train_0694,Art. 281 StGB,True,4,True,Art. 68 Abs. 1 BPR,8G.53/2002 12.06.2002 E. 1;Art. 60 Abs. 1 BPR;Art. 68 Abs. 1 BPR;BGE 128 IV 223 E. 1a,parent_in_same_query_gold
train,train_0694,Art. 68 BPR,True,1,False,,Art. 72 Abs. 2 BPR,has_parents_but_none_in_same_query_gold
train,train_0695,Art. 659 OR,True,30,False,,2A.660/2006 08.06.2007 E. 3;2A.9/2005 27.10.2005 E. 2;2A.9/2005 27.10.2005 E. B;2C_119/2018 E. 3.2;2C_119/2018 E. 4.2.2;2C_268/2009 08.10.2009 E. 2.2;2C_268/2009 08.10.2009 E. 3;2C_268/2009 08.10.2009 E. 3.2;2C_368/2013 02.02.2014 E. 6.3;2C_896/2008 30.10.2009 E. 2;2C_928/2014 E. 3.2;4A_209/2021 E. 6.3;4A_340/2021 E. 4.1;4A_340/2021 E. 5.2.1;4C.242/2001 05.03.2003 E. 5;5C.119/2004 23.12.2004 E. 2;9C_135/2023 E. 3.2.1;9C_135/2023 E. 5.5;Art. 4a Abs. 2 VStG;BGE 136 II 33 E. 2.2.1,has_parents_but_none_in_same_query_gold
train,train_0696,Art. 144 StGB,True,89,False,,1B_121/2019 E. 3.3;1B_184/2012 27.08.2012 E. 4;1B_195/2016 E. A;1B_244/2017 E. 2.2;1B_248/2011 29.11.2011 E. 3;1B_254/2014 E. 3.1;1B_283/2016 E. 5.4;1B_293/2023 E. 2;1B_347/2022 E. 4.4;1B_365/2014 12.01.2015 E. 3;1B_418/2018 E. 2.7;1B_422/2018 E. 2.7;1B_432/2011 20.09.2012 E. 3;1B_432/2011 20.09.2012 E. 4;1B_435/2011 13.09.2011 E. 3;1B_553/2017 E. 3.4;1B_556/2019 E. 2.1;1B_579/2011 01.11.2011 E. 3;1B_80/2009 07.04.2009 E. 2;1B_95/2015 E. A,has_parents_but_none_in_same_query_gold
train,train_0696,Art. 9 JStG,True,8,True,Art. 26 Abs. 1 JStPO,6B_1000/2017 E. A;6B_115/2015 E. 3.5;6B_1159/2018 E. 4.3;6B_1159/2018 E. 4.4;Art. 26 Abs. 1 JStPO;BGE 141 IV 172 E. 3.5;BGE 145 IV 424 E. 4.3;BGE 145 IV 424 E. 4.4,parent_in_same_query_gold
train,train_0696,Art. 15 JStG,True,65,False,,1B_231/2012 14.05.2012 E. 2;1B_273/2018 E. 4.3.4;1B_292/2022 E. 2.1;1B_32/2011 15.02.2011 E. 2;1B_437/2011 14.09.2011 E. 4;1B_437/2011 14.09.2011 E. 5;1B_504/2011 06.12.2011 E. 6;1P.7/2007 07.08.2007 E. 5;2C_431/2016 E. 3.2;6B_115/2015 E. 3.1;6B_115/2015 E. 3.2;6B_115/2015 E. 3.4;6B_115/2015 E. 4.3;6B_115/2015 E. 4.5;6B_1159/2018 E. 4.4;6B_1159/2018 E. 4.5.2;6B_131/2018 E. 1.3.3;6B_273/2021 E. 1.3.3;6B_273/2021 E. 1.5.2;6B_273/2021 E. 1.6.2,has_parents_but_none_in_same_query_gold
train,train_0696,Art. 12 JStG,True,12,False,,1B_231/2012 14.05.2012 E. 2;6B_115/2015 E. 3.1;6B_131/2018 E. 1.1;6B_273/2021 E. 1.6.2;6B_326/2020 17.04.2020 E. 3.3.1;6B_611/2016 E. 1.4;6B_623/2022 E. 1.5.2;Art. 13 Abs. 1 JStG;Art. 14 Abs. 2 JStG;Art. 47 Abs. 1 JStG;BGE 141 IV 172 E. 3.1;BGE 148 IV 419 E. 1.6.2,has_parents_but_none_in_same_query_gold
train,train_0696,Art. 13 JStG,True,14,False,,1B_231/2012 14.05.2012 E. 2;1B_292/2022 E. 2.1;1B_292/2022 E. 3.2.2;6B_115/2015 E. 3.1;6B_131/2018 E. 1.3.3;6B_273/2021 E. 1.6.2;6B_326/2020 17.04.2020 E. 3.3.1;6B_521/2024 E. 2.4.2;6B_611/2016 E. 1.4;6B_623/2022 E. 1.5.2;7B_202/2025 E. 3.3;Art. 14 Abs. 2 JStG;BGE 141 IV 172 E. 3.1;BGE 148 IV 419 E. 1.6.2,has_parents_but_none_in_same_query_gold
train,train_0698,Art. 58 VwVG,True,66,False,,1C_124/2011 11.05.2011 E. 2;1C_125/2011 11.05.2011 E. 2;1C_126/2011 11.05.2011 E. 2;1C_127/2011 11.05.2011 E. 2;1C_128/2011 11.05.2011 E. 2;1C_129/2011 11.05.2011 E. 2;1C_130/2011 11.05.2011 E. 2;1C_131/2011 11.05.2011 E. 2;1C_132/2011 11.05.2011 E. 2;1C_133/2011 11.05.2011 E. 2;1C_207/2025 E. 1.2;1C_216/2022 E. 2.4;1C_42/2021 E. 10;1C_604/2014 E. 3.3;2C_229/2008 13.10.2008 E. 2;2C_368/2017 20.04.2017 E. 6.1;2C_564/2013 E. 2.4;2C_733/2010 E. 1.2;2C_733/2010 E. 3.3;2C_733/2010 E. A,has_parents_but_none_in_same_query_gold
train,train_0701,Art. 237 StGB,True,44,False,,1B_267/2008 05.02.2009 E. 2;1B_267/2008 05.02.2009 E. 2.4;1B_387/2021 E. 4.2;6B_1059/2018 E. 2.2;6B_1220/2018 E. 2.2;6B_1220/2018 E. 2.4;6B_1220/2018 E. 2.5;6B_208/2021 29.03.2023 E. 5.1;6B_208/2021 29.03.2023 E. 5.2.1;6B_208/2021 29.03.2023 E. 5.2.2;6B_208/2021 29.03.2023 E. 5.2.3;6B_208/2021 29.03.2023 E. 5.2.4;6B_208/2021 29.03.2023 E. 5.2.5;6B_332/2019 E. 1.2;6B_332/2019 E. 2.1.2;6B_332/2019 E. 2.2.2;6B_332/2019 E. 2.2.3;6B_410/2015 E. 1.3.1;6B_427/2021 E. 2;6B_427/2021 E. 2.1.1,has_parents_but_none_in_same_query_gold
train,train_0702,Art. 144 StGB,True,89,False,,1B_121/2019 E. 3.3;1B_184/2012 27.08.2012 E. 4;1B_195/2016 E. A;1B_244/2017 E. 2.2;1B_248/2011 29.11.2011 E. 3;1B_254/2014 E. 3.1;1B_283/2016 E. 5.4;1B_293/2023 E. 2;1B_347/2022 E. 4.4;1B_365/2014 12.01.2015 E. 3;1B_418/2018 E. 2.7;1B_422/2018 E. 2.7;1B_432/2011 20.09.2012 E. 3;1B_432/2011 20.09.2012 E. 4;1B_435/2011 13.09.2011 E. 3;1B_553/2017 E. 3.4;1B_556/2019 E. 2.1;1B_579/2011 01.11.2011 E. 3;1B_80/2009 07.04.2009 E. 2;1B_95/2015 E. A,has_parents_but_none_in_same_query_gold
train,train_0702,Art. 21 JStG,True,1,True,Art. 11 Abs. 1 JStG,Art. 11 Abs. 1 JStG,parent_in_same_query_gold
train,train_0702,Art. 22 JStG,True,4,False,,1B_233/2013 E. 1;6B_402/2022 E. 4.2.2;6B_593/2019 E. 3.3;Art. 21 Abs. 1 JStG,has_parents_but_none_in_same_query_gold
train,train_0702,Art. 23 JStG,True,6,False,,1B_233/2013 E. 1;6B_402/2022 E. 4.2.2;6B_593/2019 E. 3.3;6B_677/2008 23.02.2009 E. A;6B_741/2013 E. B;Art. 12f Abs. 1 V-StGB-MStG-JStG,has_parents_but_none_in_same_query_gold
train,train_0702,Art. 24 JStG,True,2,False,,6B_402/2022 E. 4.2.2;6B_593/2019 E. 3.3,has_parents_but_none_in_same_query_gold
train,train_0702,Art. 25 JStG,True,9,False,,6B_538/2008 07.01.2009 E. 2;6B_538/2008 07.01.2009 E. 3;6B_641/2012 06.02.2013 E. 1;Art. 12f Abs. 1 V-StGB-MStG-JStG;Art. 16 Abs. 2 363;Art. 19 StReG;Art. 30 Abs. 2 StReG;Art. 38 Abs. 3 StReG;BGE 135 IV 87 E. 3.1,has_parents_but_none_in_same_query_gold
train,train_0704,Art. 4 StromVV,True,11,False,,2C_269/2012 27.10.2012 E. 3.4;2C_297/2019 E. 7.2;2C_488/2020 29.03.2023 E. 3.1;2C_518/2012 23.11.2012 E. 2;2C_681/2015 20.07.2016 E. 4.2.1;2C_681/2015 20.07.2016 E. 5.2.7;2C_739/2010 06.07.2011 E. C;BGE 138 I 454 E. 3.6.3;BGE 142 II 451 E. 4.2.1;BGE 142 II 451 E. 5.2.7.1;BGE 149 II 187 E. 3.1,has_parents_but_none_in_same_query_gold
train,train_0706,Art. 366 ZGB,False,0,False,,,no_parent_edges_found
train,train_0707,Art. 118 OR,True,3,False,,5A_145/2013 E. 4;5A_272/2011 07.09.2011 E. 3;9C_267/2023 E. 6.1.2,has_parents_but_none_in_same_query_gold
train,train_0708,Art. 2 OBG,True,4,False,,6B_231/2022 E. 2.2;6S.261/2000 18.08.2000 E. 1;BGE 126 IV 184 E. 304.3;BGE 148 IV 374 E. 314.3,has_parents_but_none_in_same_query_gold
train,train_0708,Art. 3 OBG,True,5,False,,1C_310/2014 E. 4.3;6A.89/2006 19.07.2007 E. 2;6B_298/2009 05.08.2009 E. 1.5;6B_344/2012 01.10.2012 E. 2;6B_610/2011 20.03.2012 E. 3,has_parents_but_none_in_same_query_gold
train,train_0708,Art. 100 SVG,True,9,False,,1B_432/2011 20.09.2012 E. 3;1C_610/2022 E. 4.2;1P.341/2004 27.07.2004 E. 2;5C.275/2000 07.09.2001 E. 4;6B_1387/2016 E. 2.2;6B_221/2014 E. 3;6S.280/2002 20.09.2002 E. 1;BGE 128 IV 272 E. 4.4;BGE 138 IV 258 E. 3.3,has_parents_but_none_in_same_query_gold
train,train_0709,Art. 118 OR,True,3,False,,5A_145/2013 E. 4;5A_272/2011 07.09.2011 E. 3;9C_267/2023 E. 6.1.2,has_parents_but_none_in_same_query_gold
train,train_0710,Art. 2 URG,True,36,False,,4A_104/2008 08.05.2008 E. 3;4A_104/2008 08.05.2008 E. 4;4A_115/2017 E. 2.6.1;4A_115/2017 E. C;4A_115/2020 E. 3.1;4A_115/2020 E. 5.2;4A_295/2014 E. 3.6.3;4A_404/2007 13.02.2008 E. 2;4A_472/2021 17.06.2022 E. 5.2;4A_472/2021 17.06.2022 E. 5.3;4A_472/2021 17.06.2022 E. 6.1.2;4A_491/2022 E. 6.2.1;4A_522/2010 25.11.2010 E. 9;4A_78/2011 02.05.2011 E. 2;4C.111/2002 19.04.2004 E. 2;4C.117/2003 05.09.2003 E. 3;4C.117/2003 05.09.2003 E. 4;4C.117/2003 05.09.2003 E. 5;4C.117/2003 05.09.2003 E. 9;4C.120/2002 19.08.2002 E. 2,has_parents_but_none_in_same_query_gold
train,train_0710,Art. 9 URG,False,0,False,,,no_parent_edges_found
train,train_0710,Art. 11 URG,True,9,False,,4A_423/2011 26.09.2011 E. 5;4C.393/2004 22.06.2005 E. 1;4C.393/2004 22.06.2005 E. 4;Art. 18 URG;Art. 24b Abs. 2 URG;BGE 131 III 480 E. 1.4;BGE 131 III 480 E. 4;BGE 131 III 480 E. 4.1;BGE 131 III 480 E. 4.2,has_parents_but_none_in_same_query_gold
train,train_0710,Art. 61 Abs. 1 URG,False,0,False,,,no_parent_edges_found
train,train_0710,Art. 67 URG,True,3,False,,4A_78/2011 02.05.2011 E. 3;6P.37/2005 24.06.2005 E. 3;6P.9/2006 05.07.2006 E. 9,has_parents_but_none_in_same_query_gold
train,train_0710,Art. 136 IPRG,True,18,False,,4A_106/2009 01.10.2009 E. 5;4A_106/2009 01.10.2009 E. 6;4A_335/2019 E. 2;4A_347/2024 E. 2.1;4A_39/2011 08.08.2011 E. 13;4A_616/2009 11.05.2010 E. 7;6B_230/2011 11.08.2011 E. 10.3;Art. 157 Abs. 2 IPRG;BGE 136 III 23 E. 1992;BGE 136 III 23 E. 2.2;BGE 136 III 23 E. 5;BGE 136 III 23 E. 6.1;BGE 136 III 23 E. 6.2;BGE 136 III 23 E. 6.3;BGE 136 III 23 E. 6.4;BGE 136 III 23 E. 6.5.1;BGE 136 III 23 E. 6.5.2;BGE 136 III 23 E. 6.6.2.2,has_parents_but_none_in_same_query_gold
train,train_0710,Art. 23 UWG,True,97,False,,1A.153/2004 07.09.2004 E. 4;1A.199/2005 09.11.2005 E. 3;1A.261/2004 25.01.2005 E. 4;1A.3/2006 06.02.2006 E. 5;1B_219/2016 E. A;1B_231/2013 E. 6.5;1B_235/2011 24.05.2011 E. 4;1B_235/2011 24.05.2011 E. C;1B_310/2012 22.08.2012 E. A;1B_677/2012 18.02.2013 E. A;1P.471/2004 04.01.2005 E. 2;1P.584/2006 22.12.2006 E. 9;1P.635/2005 07.02.2006 E. C;1P.757/2000 15.02.2001 E. A;4A_106/2009 01.10.2009 E. 6;4A_417/2009 26.03.2010 E. 3;4A_491/2022 E. 5.3;4A_507/2010 02.12.2010 E. 3;6B_1019/2017 E. 3.4;6B_106/2018 E. 2.4.1,has_parents_but_none_in_same_query_gold
train,train_0712,Art. 34 Abs. 2 RPV,True,17,False,,1A.126/2005 02.08.2005 E. 2;1A.226/2003 27.05.2004 E. 2;1C_110/2010 26.10.2010 E. 3;1C_110/2010 26.10.2010 E. F;1C_321/2023 E. 3.4.1;1C_321/2023 E. 3.4.2;1C_376/2009 30.07.2010 E. 3;1C_482/2014 E. 4.1;1C_49/2017 26.09.2017 E. 2.4;1C_520/2019 E. 3.1;1C_567/2015 E. 2;1C_578/2019 E. 4.1;1C_647/2012 E. 8;1C_647/2012 E. 9;1C_71/2015 E. 5.2;1C_774/2013 16.07.2014 E. 4.3;BGE 143 II 588 E. 70.1,has_parents_but_none_in_same_query_gold
train,train_0713,Art. 177 StGB,True,106,False,,1B_219/2016 E. A;1B_252/2018 E. A;1B_254/2018 E. A;1B_263/2015 E. A;1B_373/2016 E. 2.6;1B_380/2015 E. A;1B_383/2019 E. 2.3.2;1B_385/2013 E. A;1B_56/2009 25.05.2009 E. A;1B_66/2013 E. A;1C_325/2013 E. 3;1C_325/2013 E. A;1C_34/2020 E. 3.2;1C_52/2020 E. A;1C_524/2013 E. 3.2;1C_524/2013 E. 3.4;1C_524/2013 E. A;1P.156/2004 28.06.2004 E. 2;1P.312/2002 13.09.2002 E. A;1P.39/2003 11.03.2003 E. C,has_parents_but_none_in_same_query_gold
train,train_0713,Art. 332 StGB,True,1,False,,6S.455/2003 26.02.2004 E. 3,has_parents_but_none_in_same_query_gold
train,train_0713,Art. 123 StGB,True,135,False,,1B_1/2020 E. 5.2;1B_102/2012 24.05.2012 E. 2.5;1B_12/2013 01.02.2013 E. 4;1B_123/2011 11.07.2011 E. 2;1B_174/2013 27.05.2013 E. 3;1B_236/2014 E. 4.1;1B_288/2019 E. 4.3;1B_400/2019 E. 2.1;1B_412/2021 E. 3.3.2;1B_422/2017 E. 3.3;1B_435/2011 13.09.2011 E. 3;1B_579/2011 01.11.2011 E. 3;1B_606/2011 16.11.2011 E. 2;1B_69/2008 26.03.2008 E. 1;1B_77/2014 E. 2.1;1B_8/2011 20.01.2011 E. 2.5;1B_82/2014 E. 3.2;1B_96/2008 06.05.2008 E. 3;1C_104/2022 E. A;1C_382/2012 10.10.2012 E. 2,has_parents_but_none_in_same_query_gold
train,train_0715,Art. 8 BV,True,2034,False,,12T_5/2017 E. 2;1A.1/2007 18.04.2007 E. 3;1A.130/2005 11.10.2005 E. B;1A.153/2004 07.09.2004 E. C;1A.159/2005 20.02.2006 E. 3.2;1A.162/2002 10.12.2002 E. 3;1A.166/2005 14.07.2005 E. 4;1A.187/2001 19.04.2002 E. 2;1A.193/2006 04.06.2007 E. 7;1A.198/2001 27.08.2002 E. 1;1A.214/2002 12.09.2003 E. 7;1A.214/2002 12.09.2003 E. 7.2;1A.225/2002 27.05.2003 E. D;1A.247/2005 25.10.2005 E. 8;1A.283/2004 05.08.2005 E. 3;1A.301/2000 28.05.2001 E. 3;1A.37/2004 13.07.2004 E. 5;1A.61/2006 11.12.2006 E. 8;1A.8/2004 17.12.2004 E. 4;1A.91/2003 06.06.2003 E. 1,has_parents_but_none_in_same_query_gold
train,train_0718,Art. 183 StGB,True,94,False,,1B_108/2015 E. 4;1B_12/2017 E. 2.3;1B_219/2010 20.07.2010 E. 4;1B_228/2008 02.09.2008 E. 3;1B_237/2017 E. 3.2;1B_399/2013 29.11.2013 E. 4.3;1B_46/2011 01.06.2011 E. 2;1B_465/2012 06.09.2012 E. 3;1B_514/2021 E. A;1C_137/2014 E. 2;1C_323/2016 E. 5.1;1C_355/2018 E. 4.1;1C_355/2018 E. 4.8;1C_479/2015 E. 3.2.1;1C_632/2013 E. A;1C_661/2013 E. 4;1C_746/2021 E. 2.2;1C_91/2007 23.10.2007 E. 2;1C_91/2007 23.10.2007 E. 2.3;1C_91/2007 23.10.2007 E. F,has_parents_but_none_in_same_query_gold
train,train_0718,Art. 184 StGB,True,33,False,,1B_108/2015 E. 3;1B_12/2017 E. 2.3;1B_32/2017 E. 3.2;1B_379/2009 19.01.2010 E. 4;1B_379/2009 19.01.2010 E. A;1B_385/2009 20.01.2010 E. 4;1B_385/2009 20.01.2010 E. A;1B_399/2013 29.11.2013 E. 4.3;1B_465/2012 06.09.2012 E. 3;6B_1078/2020 26.10.2022 E. 4.3.1;6B_1078/2020 26.10.2022 E. B;6B_123/2014 E. 4.4.1;6B_123/2014 E. 4.5.4;6B_375/2013 E. 4.3.1;6B_375/2013 E. 7.3.3;6B_454/2012 05.02.2013 E. 4;6B_454/2012 05.02.2013 E. 4.4;6B_602/2008 19.11.2008 E. 1;6B_602/2008 19.11.2008 E. A;6B_685/2007 05.03.2008 E. 4,has_parents_but_none_in_same_query_gold
train,train_0720,Art. 78 FIDLEG,False,0,False,,,no_parent_edges_found
train,train_0723,Art. 4 StromVV,True,11,False,,2C_269/2012 27.10.2012 E. 3.4;2C_297/2019 E. 7.2;2C_488/2020 29.03.2023 E. 3.1;2C_518/2012 23.11.2012 E. 2;2C_681/2015 20.07.2016 E. 4.2.1;2C_681/2015 20.07.2016 E. 5.2.7;2C_739/2010 06.07.2011 E. C;BGE 138 I 454 E. 3.6.3;BGE 142 II 451 E. 4.2.1;BGE 142 II 451 E. 5.2.7.1;BGE 149 II 187 E. 3.1,has_parents_but_none_in_same_query_gold
train,train_0723,Art. 127 BV,True,90,False,,1C_167/2017 E. 3.2;1C_654/2020 E. 3.1;1C_654/2020 E. 4.1;1C_654/2020 E. 5.5;1P.364/2002 28.04.2003 E. 3;1P.802/2006 28.08.2007 E. 1;2A.203/2006 17.10.2007 E. C;2A.246/2004 21.12.2004 E. 6;2A.304/2004 01.12.2004 E. 2;2A.457/2001 04.03.2002 E. 3;2C_1011/2012 E. 7.4.1;2C_1027/2020 E. 5.2;2C_1127/2016 08.10.2018 E. 6.2;2C_1147/2016 E. 6.2;2C_1150/2016 E. 6.2;2C_116/2015 30.09.2015 E. 3;2C_116/2015 30.09.2015 E. 5.6;2C_138/2014 E. 1.3.3;2C_160/2014 E. 5.1;2C_18/2014 E. 1.3.5,has_parents_but_none_in_same_query_gold
train,train_0724,Art. 199 ZGB,True,1,False,,5A_907/2019 E. 4.1.2,has_parents_but_none_in_same_query_gold
train,train_0724,Art. 216 ZGB,True,7,False,,5A_907/2019 E. 4.2.2;5A_907/2019 E. 6.3.1;5C.205/2000 21.06.2001 E. 2;5C.61/2002 14.06.2002 E. 3;BGE 127 III 396 E. 2;BGE 128 III 314 E. 1974;P 30/06 05.02.2007 E. 4,has_parents_but_none_in_same_query_gold
train,train_0724,Art. 225 ZGB,False,0,False,,,no_parent_edges_found
train,train_0724,Art. 241 ZGB,True,1,False,,5A_682/2014 16.07.2015 E. 5.2.4,has_parents_but_none_in_same_query_gold
train,train_0727,Art. 9 UVG,True,73,False,,2A.402/2000 23.08.2001 E. A;2C_373/2021 E. 6.1;8C_1029/2009 11.01.2010 E. 2.2;8C_108/2012 30.04.2012 E. 2;8C_167/2022 E. 3.1;8C_176/2018 E. 13;8C_176/2018 E. 2;8C_232/2018 E. 1;8C_378/2024 E. 3;8C_40/2012 07.11.2012 E. 2;8C_420/2007 29.01.2008 E. 4;8C_442/2024 E. 3.1;8C_457/2021 E. 3.2;8C_462/2010 22.10.2010 E. 3;8C_465/2010 24.11.2010 E. 3;8C_5/2015 E. 2;8C_507/2015 E. 2.1;8C_517/2020 E. 2.2;8C_52/2010 02.07.2010 E. 2;8C_524/2023 E. 3,has_parents_but_none_in_same_query_gold
train,train_0727,Art. 16 UVG,True,110,False,,4A_413/2021 E. 7;8C_173/2008 20.08.2008 E. 2;8C_175/2007 06.10.2008 E. 2;8C_181/2009 30.09.2009 E. 2;8C_247/2014 E. 2;8C_265/2009 05.10.2009 E. 2;8C_269/2025 E. 3.1;8C_29/2012 15.02.2012 E. 3;8C_301/2013 E. 4.2;8C_354/2007 04.08.2008 E. 2;8C_380/2013 E. 3;8C_43/2021 E. 2.2;8C_430/2018 E. 3;8C_431/2009 06.10.2009 E. 2;8C_447/2017 E. 2.2;8C_467/2010 23.11.2010 E. 3;8C_523/2024 E. 1.2;8C_575/2024 E. 3.1;8C_578/2010 27.10.2010 E. 3;8C_604/2021 E. 3.2,has_parents_but_none_in_same_query_gold
train,train_0727,Art. 18 UVG,True,161,False,,5A_642/2016 E. 2;5P.36/2007 03.05.2007 E. 3;8C_112/2022 E. 4.2;8C_115/2018 27.06.2018 E. 3;8C_117/2023 E. 2.2;8C_121/2017 E. 7.7;8C_171/2011 01.09.2011 E. 4;8C_181/2009 30.09.2009 E. 2;8C_214/2023 20.02.2024 E. 6.1;8C_217/2008 20.03.2009 E. 2;8C_219/2022 E. 2;8C_228/2017 E. 4.2.2;8C_248/2017 E. 2;8C_260/2011 25.07.2011 E. 2;8C_261/2019 E. 4.3.1;8C_261/2019 E. 4.3.2;8C_277/2014 30.01.2015 E. 3;8C_301/2013 E. 4.2;8C_319/2007 06.05.2008 E. 2;8C_337/2007 19.02.2008 E. 3,has_parents_but_none_in_same_query_gold
train,train_0727,Art. 10 UVG,True,222,False,,8C_100/2011 01.06.2011 E. 2;8C_1011/2010 19.05.2011 E. 3;8C_1024/2009 01.03.2010 E. 2;8C_1032/2008 28.04.2009 E. 2;8C_106/2009 08.06.2009 E. 4;8C_123/2007 19.02.2008 E. 4;8C_126/2017 E. 4.1;8C_126/2017 E. 4.2;8C_126/2017 E. 4.3;8C_141/2022 E. 5.3;8C_16/2008 02.09.2008 E. 3;8C_175/2007 06.10.2008 E. 2;8C_181/2009 30.09.2009 E. 2;8C_183/2020 E. 4.3.2;8C_191/2011 16.09.2011 E. 5;8C_201/2020 E. 4;8C_201/2020 E. 5.3;8C_208/2021 22.11.2021 E. 5.1;8C_214/2022 E. 3.2;8C_245/2017 E. 2,has_parents_but_none_in_same_query_gold
train,train_0728,Art. 88 GBV,False,0,False,,,no_parent_edges_found
train,train_0729,Art. 65 IPRG,True,16,False,,5A.32/2000 25.01.2001 E. 2;5A_545/2020 E. 5.3;5A_700/2010 17.01.2011 E. 2.3;5C.212/2004 11.02.2005 E. 2;5C.287/2006 06.12.2007 E. 3;5P.135/2000 29.05.2000 E. 4;5P.330/2003 11.03.2004 E. 2;9C_593/2009 24.11.2009 E. 1;Art. 45a Abs. 4 IPRG;Art. 58 Abs. 2 IPRG;BGE 126 III 257 E. 4b;BGE 130 III 336 E. 2.1;BGE 130 III 336 E. 2.2;BGE 134 III 326 E. 3.3;BGE 135 V 425 E. 1.1;BGE 148 III 245 E. 5.3,has_parents_but_none_in_same_query_gold
train,train_0730,Art. 977 ZGB,True,7,False,,5A_250/2018 E. 2.1;5A_250/2018 E. 2.2;5A_250/2018 E. 2.3;5A_250/2018 E. 3.3;5A_250/2018 E. 3.4.1;5A_726/2021 E. 4.1;5C.40/2000 23.03.2000 E. 3,has_parents_but_none_in_same_query_gold
train,train_0730,Art. 969 ZGB,True,8,False,,5A.22/2000 29.03.2001 E. 2;5A_194/2013 E. 4.3;5A_222/2015 E. 2.2;5A_250/2018 E. 4;5A_611/2024 E. A;5A_707/2007 08.02.2008 E. 5;Art. 38 GBV;BGE 127 III 195 E. 2b,has_parents_but_none_in_same_query_gold
train,train_0731,Art. 22 BV,True,148,False,,1A.69/2002 19.03.2003 E. 2;1B_285/2020 E. 4.4.1;1B_387/2021 E. 2;1B_387/2021 E. 4.5;1C_103/2024 E. 2;1C_109/2021 E. 4.3.2;1C_109/2024 E. 2;1C_110/2024 E. 2;1C_111/2024 E. 2;1C_140/2008 17.03.2009 E. 5;1C_140/2008 17.03.2009 E. 8.1;1C_147/2021 E. 7;1C_176/2013 07.01.2014 E. F;1C_181/2019 E. 10;1C_181/2019 E. 10.3;1C_181/2019 E. 4.1;1C_20/2018 E. 2.1;1C_226/2015 E. 3.1;1C_226/2015 E. 4.1;1C_226/2015 E. D,has_parents_but_none_in_same_query_gold
train,train_0731,Art. 31 BV,True,634,False,,1A.283/2000 20.11.2000 E. 3;1B_1/2023 E. 3.1;1B_100/2009 20.05.2009 E. 2;1B_100/2018 E. 2.1;1B_102/2011 22.03.2011 E. 2;1B_103/2013 27.03.2013 E. 5;1B_104/2007 25.06.2007 E. 2;1B_104/2007 25.06.2007 E. 3;1B_104/2009 18.05.2009 E. 3;1B_104/2018 E. 1.3;1B_108/2015 E. 5.3;1B_12/2007 26.02.2007 E. 2;1B_120/2023 E. 2.1;1B_121/2019 E. 2;1B_121/2019 E. 3;1B_121/2019 E. 3.1;1B_122/2009 10.06.2009 E. 2;1B_123/2008 02.06.2008 E. 2;1B_124/2023 E. 1.2;1B_125/2020 E. 3.3,has_parents_but_none_in_same_query_gold
train,train_0732,Art. 674 ZGB,True,21,False,,1C_445/2020 E. 3.3.3;5A_101/2016 E. 4;5A_163/2022 E. 1.1;5A_181/2007 26.06.2007 E. 2;5A_181/2007 26.06.2007 E. 4;5A_245/2012 13.09.2012 E. 1;5A_245/2012 13.09.2012 E. 3;5A_245/2012 13.09.2012 E. 4;5A_452/2022 E. 1;5A_641/2016 E. 2.1;5A_641/2016 E. 2.3;5A_661/2008 09.03.2009 E. 4;5A_665/2022 E. 4.3;5C.20/2003 18.06.2003 E. 1;5C.307/2005 19.05.2006 E. 7;5D_213/2023 E. 4.2;5D_213/2023 E. 4.4.1;BGE 138 III 650 E. 3.1;BGE 138 III 650 E. 4;BGE 138 III 650 E. 4.2,has_parents_but_none_in_same_query_gold
train,train_0735,Art. 16 BV,True,273,False,,1A.220/2006 16.03.2007 E. 1;1A.220/2006 16.03.2007 E. 4;1B_103/2014 E. 2.1;1B_134/2011 14.07.2011 E. 4;1B_169/2015 06.11.2015 E. 3.1;1B_196/2010 18.11.2010 E. 4;1B_26/2009 02.03.2009 E. 3;1B_26/2009 02.03.2009 E. B;1B_26/2014 E. 4;1B_285/2020 E. 4.4.1;1B_292/2010 23.12.2010 E. 1;1B_349/2016 22.02.2017 E. 2.1;1B_349/2016 22.02.2017 E. 3;1B_349/2016 22.02.2017 E. 3.1;1B_502/2011 05.10.2011 E. 8;1B_77/2008 15.07.2008 E. 2;1C_122/2015 E. 2.1;1C_129/2016 E. 2.1;1C_137/2018 27.11.2018 E. 4.5;1C_137/2018 27.11.2018 E. 6.1,has_parents_but_none_in_same_query_gold
train,train_0735,Art. 36 BV,True,1471,False,,1A.104/1999 05.04.2000 E. 6;1A.129/2002 09.04.2003 E. 3;1A.151/2001 16.07.2002 E. 5;1A.159/2005 20.02.2006 E. 2;1A.162/2002 10.12.2002 E. 3;1A.198/2002 21.08.2003 E. 3;1A.212/2006 31.05.2007 E. 4;1A.219/2005 28.02.2006 E. 2;1A.219/2005 28.02.2006 E. 3;1A.220/2006 16.03.2007 E. 4;1A.240/2002 13.05.2003 E. 2;1A.244/2000 08.11.2001 E. 8;1A.65/2002 30.07.2002 E. 8;1A.73/1999 07.06.2000 E. 2;1B_10/2008 30.01.2008 E. 5;1B_102/2011 22.03.2011 E. 2;1B_103/2014 E. 2.2;1B_103/2018 E. 2.3;1B_11/2022 E. 3.2;1B_11/2022 E. 3.4,has_parents_but_none_in_same_query_gold
train,train_0737,Art. 32 FINMAG,True,28,False,,1B_249/2015 E. 8.7;2C_1055/2014 E. 1.3.4;2C_1055/2014 E. 4.2;2C_1055/2014 E. 4.3;2C_1068/2017 09.10.2018 E. 1.2;2C_1068/2017 09.10.2018 E. 2.1;2C_122/2014 E. 2.4;2C_136/2019 E. 4.2;2C_176/2014 E. 2.4;2C_192/2019 E. 4.5;2C_303/2016 E. 2.5;2C_303/2016 E. 2.5.1;2C_305/2016 E. 2.1;2C_305/2016 E. 2.3.1;2C_345/2015 E. 2.1;2C_352/2016 E. 1.2.3;2C_45/2009 26.05.2009 E. 3.2;2C_571/2018 E. 1.2.3;2C_571/2018 E. 5.3.2;2C_671/2014 E. 2.3,has_parents_but_none_in_same_query_gold
train,train_0739,Art. 198 StGB,True,55,False,,1B_13/2011 05.04.2011 E. 3;1B_402/2015 E. 3.6;1B_435/2011 13.09.2011 E. 3;1B_579/2011 01.11.2011 E. 3;1B_8/2023 E. 3.1.2;1C_530/2019 E. 2.2;1P.47/2004 28.04.2004 E. C;1P.470/2002 20.11.2002 E. 3;1P.587/2003 29.01.2004 E. 2.4;2C_672/2009 21.04.2010 E. A;6B_1027/2021 E. 2.5.1;6B_1048/2022 E. 1.4;6B_1074/2020 E. 3.4;6B_1102/2019 E. 2.2;6B_1178/2019 E. C;6B_1179/2021 E. 4.2.3;6B_1260/2019 E. 2.2.3;6B_1308/2023 E. 3.3;6B_1503/2021 E. 1.4;6B_1503/2021 E. B,has_parents_but_none_in_same_query_gold
train,train_0740,Art. 4 GwG,True,12,False,,2C_269/2013 E. 9.7.1;2C_71/2018 E. 2.4;2C_867/2015 E. 2.1;2C_867/2015 E. 4.2.1;2C_887/2017 E. 4.3.2;6B_731/2021 24.11.2022 E. 6.3.4;6B_731/2021 24.11.2022 E. 6.4.3;Art. 18 Abs. 2 611.015.3;Art. 3 Abs. 1 MGwV;BGE 139 II 404 E. 9.7.1;BGE 143 II 162 E. 2.1;BGE 143 II 162 E. 4.2.1,has_parents_but_none_in_same_query_gold
train,train_0742,Art. 3 ZGB,True,41,False,,2C_1071/2012 E. 5.2;2C_865/2017 E. 2.3;4A_127/2024 E. 3.4.1;4A_293/2025 E. 3.3;4A_293/2025 E. 3.4;4A_302/2018 E. 2.2.2;4A_353/2014 E. 1.3.2;4A_393/2018 E. 2.4.4;4A_574/2008 23.06.2009 E. 7;4A_600/2014 E. 4.2.2;4A_91/2016 E. 2.4.2;4C.159/2000 14.12.2000 E. 3;4C.26/2000 06.09.2000 E. 2;4C.274/2004 18.11.2004 E. 6;4C.296/2002 28.11.2002 E. 1;4C.363/2001 07.07.2003 E. 4;4C.54/2002 10.06.2002 E. 2;4P.172/2004 18.11.2004 E. 9;4P.52/2002 04.06.2002 E. 1;5A_159/2014 E. 3.3.1,has_parents_but_none_in_same_query_gold
train,train_0742,Art. 674 ZGB,True,21,False,,1C_445/2020 E. 3.3.3;5A_101/2016 E. 4;5A_163/2022 E. 1.1;5A_181/2007 26.06.2007 E. 2;5A_181/2007 26.06.2007 E. 4;5A_245/2012 13.09.2012 E. 1;5A_245/2012 13.09.2012 E. 3;5A_245/2012 13.09.2012 E. 4;5A_452/2022 E. 1;5A_641/2016 E. 2.1;5A_641/2016 E. 2.3;5A_661/2008 09.03.2009 E. 4;5A_665/2022 E. 4.3;5C.20/2003 18.06.2003 E. 1;5C.307/2005 19.05.2006 E. 7;5D_213/2023 E. 4.2;5D_213/2023 E. 4.4.1;BGE 138 III 650 E. 3.1;BGE 138 III 650 E. 4;BGE 138 III 650 E. 4.2,has_parents_but_none_in_same_query_gold
train,train_0743,Art. 101 OR,True,77,False,,1C_699/2020 E. 5.2;1C_707/2021 E. 4.4;1F_25/2015 E. 3.2;1P.470/2002 20.11.2002 E. 2;2C_103/2021 E. 3.2.3;2C_175/2024 E. 7.5.2;2C_272/2020 E. 3.3;2C_534/2016 E. 3.5;4A_134/2016 E. 2.3;4A_175/2021 E. 2.4;4A_187/2021 E. B;4A_189/2018 E. 4.2;4A_189/2018 E. 4.2.1;4A_209/2017 E. 2.3;4A_209/2017 E. 2.4;4A_209/2017 E. 2.5;4A_209/2017 E. 2.6;4A_209/2017 E. 3.4;4A_213/2015 E. 4.1;4A_217/2018 E. 3,has_parents_but_none_in_same_query_gold
train,train_0743,Art. 44 OR,True,164,False,,1C.2/1999 01.10.2002 E. 5.2;1C_284/2009 08.06.2010 E. H;1C_351/2007 30.10.2008 E. 7;1C_353/2007 30.10.2008 E. 8;1C_665/2024 E. 4.5.1;1C_665/2024 E. 4.5.2;1C_665/2024 E. 4.5.3;2C_521/2017 10.11.2020 E. 7.2;4A_115/2014 E. 6.4.4;4A_115/2014 E. 7;4A_115/2014 E. 8;4A_115/2014 E. 8.1;4A_115/2014 E. 8.2;4A_115/2014 E. 8.3;4A_127/2011 12.07.2011 E. 8;4A_138/2011 19.04.2011 E. 6;4A_138/2014 E. 3;4A_153/2008 14.10.2008 E. 3;4A_153/2015 25.06.2015 E. 4.2.2;4A_189/2015 E. 4.2,has_parents_but_none_in_same_query_gold
train,train_0748,Art. 13 BV,True,2239,False,,1A.104/1999 05.04.2000 E. 6;1A.214/2005 23.01.2006 E. 5;1A.23/2005 04.07.2005 E. 5;1B_101/2008 28.10.2008 E. 2;1B_101/2008 28.10.2008 E. 3;1B_103/2021 E. 3.2;1B_115/2016 E. 2.4.1;1B_116/2016 E. 2.4.1;1B_131/2015 E. 3;1B_134/2011 14.07.2011 E. 4;1B_146/2016 E. 2.1;1B_175/2013 E. 1.3;1B_175/2013 E. 4.2.3;1B_191/2018 E. 1.3;1B_191/2018 E. 2;1B_193/2017 E. 3.5.1;1B_206/2007 07.01.2008 E. 6;1B_229/2017 E. 1.5;1B_231/2013 E. 3.3;1B_231/2015 E. 2.3,has_parents_but_none_in_same_query_gold
train,train_0748,Art. 16 BV,True,273,False,,1A.220/2006 16.03.2007 E. 1;1A.220/2006 16.03.2007 E. 4;1B_103/2014 E. 2.1;1B_134/2011 14.07.2011 E. 4;1B_169/2015 06.11.2015 E. 3.1;1B_196/2010 18.11.2010 E. 4;1B_26/2009 02.03.2009 E. 3;1B_26/2009 02.03.2009 E. B;1B_26/2014 E. 4;1B_285/2020 E. 4.4.1;1B_292/2010 23.12.2010 E. 1;1B_349/2016 22.02.2017 E. 2.1;1B_349/2016 22.02.2017 E. 3;1B_349/2016 22.02.2017 E. 3.1;1B_502/2011 05.10.2011 E. 8;1B_77/2008 15.07.2008 E. 2;1C_122/2015 E. 2.1;1C_129/2016 E. 2.1;1C_137/2018 27.11.2018 E. 4.5;1C_137/2018 27.11.2018 E. 6.1,has_parents_but_none_in_same_query_gold
train,train_0748,Art. 15 BV,True,166,False,,1A.136/2003 04.11.2004 E. 1;1A.136/2003 04.11.2004 E. 2;1A.159/2005 20.02.2006 E. 2;1A.69/2002 19.03.2003 E. 3;1C_127/2013 E. 8.2;1C_127/2013 E. 8.2.3;1C_297/2009 18.01.2010 E. 10;1C_322/2011 19.12.2011 E. 3;1C_521/2008 09.02.2009 E. 2.5;1C_527/2009 14.12.2009 E. 1;1D_11/2007 27.02.2008 E. 1;1D_11/2007 27.02.2008 E. 4;1D_11/2007 27.02.2008 E. B;1D_12/2007 27.02.2008 E. 2;1D_12/2007 27.02.2008 E. B;1P.149/2004 21.06.2004 E. 3;1P.149/2004 21.06.2004 E. B;1P.19/2000 23.03.2000 E. 3;1P.303/2001 24.08.2001 E. A;1P.303/2001 24.08.2001 E. C,has_parents_but_none_in_same_query_gold
train,train_0748,Art. 27 BV,True,1031,False,,1A.11/2005 06.07.2005 E. 4.1;1A.124/2003 23.09.2003 E. 6;1A.14/2006 18.08.2006 E. 1.3;1A.14/2006 18.08.2006 E. B;1A.15/2006 10.08.2006 E. 3;1A.151/2001 16.07.2002 E. 5;1A.153/2004 07.09.2004 E. 5;1A.153/2004 07.09.2004 E. C;1A.253/2005 17.02.2006 E. 2.6;1A.71/2004 08.03.2005 E. 3;1A.71/2004 08.03.2005 E. 9;1A.71/2004 08.03.2005 E. 9.2;1A.71/2004 08.03.2005 E. D;1B_120/2018 29.05.2018 E. 1.4;1B_153/2009 10.09.2009 E. 1;1B_153/2009 10.09.2009 E. 2;1B_193/2017 E. 3.7;1B_193/2017 E. C;1B_229/2017 E. 1.5;1B_231/2013 E. 3.3,has_parents_but_none_in_same_query_gold
train,train_0750,Art. 28 IVG,True,862,False,,2C_679/2010 24.01.2011 E. 2;4C.113/2003 02.09.2003 E. 3.3;4C.222/2004 14.09.2004 E. 7;8C_1/2016 E. 4.5.1;8C_10/2018 E. 4;8C_101/2021 E. 4.1;8C_1018/2010 18.04.2011 E. 2;8C_103/2024 E. 3.3;8C_105/2014 E. 2;8C_105/2022 E. 2.4;8C_105/2023 E. 2.2;8C_1056/2010 29.06.2011 E. 2;8C_106/2008 05.09.2008 E. 2;8C_1068/2009 15.02.2010 E. 1;8C_107/2020 E. 2.2;8C_109/2012 09.03.2012 E. 3;8C_11/2018 E. 3;8C_110/2022 E. 3.1;8C_110/2023 E. 2.2;8C_111/2018 E. 2,has_parents_but_none_in_same_query_gold
train,train_0754,Art. 975 ZGB,True,43,False,,1C_664/2024 E. 4.2.2;5A.6/2005 17.03.2005 E. 3;5A_1007/2020 E. 2.3.1;5A_134/2020 E. 1;5A_194/2013 E. 3.1;5A_194/2013 E. 4.1;5A_194/2013 E. 5;5A_195/2012 21.06.2012 E. 1;5A_222/2015 E. 2.3;5A_222/2015 E. C;5A_250/2018 E. 2.1;5A_250/2018 E. 2.2;5A_250/2018 E. 3.3;5A_250/2018 E. 3.5;5A_480/2016 E. 1.1;5A_480/2016 E. 1.2;5A_489/2010 06.12.2010 E. 3;5A_494/2020 E. 3.1;5A_520/2018 E. 2;5A_552/2018 E. 1,has_parents_but_none_in_same_query_gold
train,train_0755,Art. 973c OR,True,6,False,,2C_1002/2014 E. 6.3;2C_488/2017 E. 2.3.8;2C_488/2017 E. 2.3.9;2C_488/2017 E. 2.4.6;2C_660/2020 E. 5.4.2;Art. 622 Abs. 1 OR,has_parents_but_none_in_same_query_gold
train,train_0755,Art. 973d OR,True,3,True,Art. 3 FIDLEG,Art. 2 FinfraG;Art. 3 FIDLEG;Art. 622 Abs. 1 OR,parent_in_same_query_gold
train,train_0755,Art. 36 FIDLEG,False,0,False,,,no_parent_edges_found
train,train_0755,Art. 37 FIDLEG,False,0,False,,,no_parent_edges_found
train,train_0755,Art. 38 FIDLEG,False,0,False,,,no_parent_edges_found
train,train_0756,Art. 60 VVG,True,9,False,,4A_155/2007 09.10.2007 E. B;4A_189/2024 E. 2.4.3;4A_189/2024 E. 2.4.4;4A_527/2008 11.03.2009 E. 1;4A_527/2008 11.03.2009 E. 4;4A_527/2008 11.03.2009 E. A;5C.12/2004 24.02.2004 E. 2;5C.12/2004 24.02.2004 E. 3;5C.181/2003 04.11.2003 E. 2,has_parents_but_none_in_same_query_gold
train,train_0758,Art. 14 IPRG,False,0,False,,,no_parent_edges_found
train,train_0759,Art. 6 StPO,True,367,False,,1B_115/2021 E. 2;1B_115/2021 E. 2.1;1B_118/2021 E. 3.2;1B_184/2012 27.08.2012 E. 3;1B_192/2018 E. 2.3;1B_196/2014 E. 2.1;1B_217/2019 E. 3.1;1B_217/2019 E. 3.4;1B_217/2019 E. B;1B_219/2016 E. 2.4;1B_26/2013 E. 2.3;1B_321/2015 E. 3.3.1;1B_321/2015 E. 3.3.2;1B_338/2020 E. 2.3;1B_347/2021 E. 3.2;1B_377/2022 E. 6.4.4;1B_39/2019 E. 2.4;1B_419/2015 E. 3.4;1B_470/2020 E. 2.2.1;1B_470/2020 E. 2.2.3,has_parents_but_none_in_same_query_gold
train,train_0759,Art. 118 StPO,True,62,False,,1B_158/2018 E. 2.4;1B_188/2015 E. 4.2;1B_197/2021 E. 2.2;1B_253/2019 E. 4.2;1B_323/2019 E. 2.1;1B_389/2012 10.10.2012 E. 2;1B_432/2011 20.09.2012 E. 3;1B_432/2011 20.09.2012 E. 4;1B_433/2013 E. 1.1;1B_446/2018 E. 4.3;1B_446/2018 E. 4.6;1B_460/2022 E. 2;1B_535/2017 E. 2;1B_539/2017 E. 2;1B_603/2011 03.02.2012 E. 3;1B_691/2011 10.05.2012 E. 2;1B_74/2016 E. 3.2;4D_62/2013 E. 2.3;6B_1050/2016 E. 3;6B_1198/2014 E. 2.3.5,has_parents_but_none_in_same_query_gold
train,train_0759,Art. 140 StPO,True,148,False,,1B_124/2015 E. 1.1;1B_134/2015 22.09.2015 E. 3.1;1B_159/2022 E. 4.1;1B_179/2012 13.04.2012 E. 2;1B_181/2018 E. 1.1;1B_25/2023 E. 2.4;1B_26/2016 E. 2;1B_26/2016 E. 3;1B_264/2019 E. 3.2;1B_286/2022 E. 4.3;1B_29/2016 23.05.2016 E. 2.2.2;1B_29/2017 E. 4.2;1B_29/2017 E. 7.6;1B_311/2015 E. 3.1;1B_311/2015 E. 3.3;1B_330/2018 E. 4.3;1B_334/2014 E. 5.1;1B_342/2017 E. 7;1B_349/2022 E. 3;1B_355/2021 E. 2.4,has_parents_but_none_in_same_query_gold
train,train_0759,Art. 113 StPO,True,57,False,,1B_114/2016 E. 2.2;1B_117/2016 E. 2.2;1B_149/2023 E. 3.3.4;1B_270/2018 E. 5.4;1B_364/2019 E. 2.3;1B_364/2019 E. 3.6;1B_364/2019 E. 3.9;1B_364/2019 E. 4;1B_365/2019 E. 4.2;1B_553/2017 E. 4.3.1;1C_254/2023 E. 5.4;1P.716/2004 22.12.2004 E. 2;2C_1011/2014 18.06.2015 E. 3.2;6B_1009/2017 E. 1.4.2;6B_1018/2021 E. 1.2;6B_1018/2021 E. 1.3.2;6B_1019/2023 E. 2.3.2;6B_1174/2017 E. 6.2;6B_1202/2021 E. 1.8.1;6B_129/2024 E. 2.4.4,has_parents_but_none_in_same_query_gold
train,train_0759,Art. 32 BV,True,229,False,,1A.199/2001 21.01.2002 E. 3;1B_111/2007 03.07.2007 E. 2;1B_149/2023 E. 3.3.4;1B_15/2007 12.03.2007 E. 2;1B_253/2007 29.11.2007 E. 3;1B_263/2015 E. 2.1;1B_263/2015 E. 2.5;1B_329/2021 E. 1;1B_364/2019 E. 2.3;1B_376/2019 E. 2.3;1B_432/2021 E. 2.2;1B_44/2021 E. 5;1B_459/2019 E. 2.3;1C_123/2015 E. 2.5;1C_140/2008 17.03.2009 E. 7;1C_167/2013 E. 3;1C_242/2013 17.05.2013 E. 2;1C_248/2011 30.01.2012 E. 2;1C_266/2014 E. 2.1;1C_266/2014 E. 2.1.4,has_parents_but_none_in_same_query_gold
train,train_0759,Art. 271 StGB,True,52,False,,1B_265/2009 25.01.2010 E. A;1C_126/2025 E. 1.2;2C_1042/2016 E. 1.3.2;2C_1042/2016 E. 5.1;2C_1042/2016 E. 5.5.1;2C_1043/2016 E. 1.3.2;2C_1043/2016 E. 5.1;2C_1043/2016 E. 5.5.1;2C_1044/2016 E. 1.3.2;2C_1044/2016 E. 5.1;2C_1044/2016 E. 5.5.1;2C_1058/2014 E. 3.1;2C_1058/2014 E. 3.2;2C_1058/2014 E. 4.7;2C_1156/2016 E. 2.3;2C_1156/2016 E. 3.1;2C_1156/2016 E. 3.1.1;2C_1156/2016 E. 3.1.4;2C_1156/2016 E. 3.2.2;2C_1156/2016 E. 3.3.3,has_parents_but_none_in_same_query_gold
train,train_0760,Art. 8a SchKG,True,112,False,,1B_593/2022 E. 4.1;1B_593/2022 E. 4.2;4A_414/2014 E. 2.6.1;4A_414/2014 E. 2.6.2;4A_438/2015 E. 3;4A_440/2014 E. 2;4A_440/2014 E. 4.2;4A_440/2015 E. 2;4A_618/2013 E. 1.3;5A_122/2015 E. 2.3;5A_164/2021 E. 1.1;5A_164/2021 E. 3.3.3;5A_164/2021 E. 4.1.2;5A_164/2021 E. 4.5;5A_172/2016 E. 3.1;5A_201/2013 29.04.2013 E. 2;5A_201/2013 29.04.2013 E. 3;5A_244/2009 09.07.2009 E. 1;5A_244/2009 09.07.2009 E. 2;5A_244/2009 09.07.2009 E. 3,has_parents_but_none_in_same_query_gold
train,train_0761,Art. 86a ZGB,True,2,False,,5A_856/2016 13.06.2018 E. 2.2;BGE 144 III 264 E. 2.2,has_parents_but_none_in_same_query_gold
train,train_0761,Art. 23 StHG,True,20,False,,2A.478/2003 22.11.2004 E. 3;2A.647/2005 07.06.2007 E. 3;2C_1080/2014 E. 5.5;2C_1144/2015 E. 1.1;2C_162/2011 17.10.2011 E. 3;2C_216/2019 E. 2;2C_340/2011 01.02.2012 E. 2;2C_442/2010 24.11.2010 E. 2;2C_583/2016 E. 3.4;2C_614/2009 20.01.2010 E. 3;2C_614/2009 20.01.2010 E. 5;2C_725/2013 E. 1;2P.108/2003 23.12.2003 E. 3;2P.12/2004 28.04.2005 E. 3;2P.64/2003 23.12.2003 E. 3;9C_271/2023 E. 2.2.1;9C_674/2022 E. 7.2;BGE 130 I 96 E. 3.1;BGE 130 I 96 E. 3.6;BGE 131 II 1 E. 3.3,has_parents_but_none_in_same_query_gold
train,train_0761,Art. 59 DBG,True,35,False,,2A.150/2001 13.02.2002 E. 6;2A.45/2003 29.07.2004 E. 2;2A.45/2003 29.07.2004 E. 4;2A.457/2001 04.03.2002 E. 3;2C_1026/2021 E. 7.1.4;2C_1135/2016 30.11.2017 E. 3.4.1;2C_1135/2016 30.11.2017 E. 3.4.3;2C_1135/2016 30.11.2017 E. 3.6;2C_1135/2016 30.11.2017 E. 3.8;2C_1218/2013 E. 5.1;2C_1218/2013 E. 5.2;2C_1218/2013 E. 5.3;2C_1218/2013 E. 5.5;2C_316/2020 E. 3.4.3;2C_51/2016 10.08.2016 E. 2.1;2C_764/2008 05.03.2009 E. 3;2C_862/2011 13.06.2012 E. 2;2C_916/2014 E. 6;2C_987/2020 E. 3.1;2P.306/2003 26.10.2004 E. 5,has_parents_but_none_in_same_query_gold
train,train_0763,Art. 360 ZGB,True,4,False,,2C_622/2017 E. 2.2.4;5A_339/2009 29.09.2009 E. 6;BGE 121 IV 216 E. 3b;BGE 121 IV 216 E. 3c,has_parents_but_none_in_same_query_gold
train,train_0763,Art. 408 ZGB,True,2,False,,5A_1009/2019 E. 3.3;5A_502/2016 E. 2.3,has_parents_but_none_in_same_query_gold
train,train_0763,Art. 395 ZGB,True,136,False,,2C_779/2017 E. A;5A_1012/2017 E. A;5A_111/2021 E. A;5A_144/2017 E. 1;5A_149/2020 E. 1;5A_151/2014 E. 2;5A_151/2014 E. A;5A_165/2019 E. 3.3.2;5A_165/2019 E. A;5A_166/2017 E. A;5A_178/2019 E. 1;5A_179/2020 E. 1;5A_18/2015 E. 4.3;5A_18/2015 E. 4.5.2;5A_18/2015 E. B;5A_18/2015 E. C;5A_18/2015 E. D;5A_18/2022 E. 1;5A_180/2008 08.05.2008 E. 2;5A_19/2017 E. 1,has_parents_but_none_in_same_query_gold
train,train_0763,Art. 32 OR,True,45,False,,1A.114/2006 07.03.2007 E. 6;2C.5/1999 03.07.2003 E. 2;2C_1071/2012 E. 5.1;2C_1071/2012 E. 5.3;2C_1071/2012 E. 5.4;2C_229/2008 13.10.2008 E. 4;2C_359/2008 23.02.2009 E. 6;2C_638/2020 E. 4.1.1;2C_686/2007 19.05.2008 E. 2;2C_727/2021 E. 4.1.1;2C_943/2017 E. 4.4.4;4A_107/2010 03.05.2010 E. 2;4A_13/2008 11.03.2008 E. 1;4A_134/2013 E. 5;4A_19/2013 30.04.2013 E. 3;4A_27/2008 09.05.2008 E. 2;4A_303/2007 29.11.2007 E. 3.4;4A_35/2021 E. 4.5.2;4A_421/2015 11.02.2016 E. 4.2;4A_421/2015 11.02.2016 E. 4.3.2,has_parents_but_none_in_same_query_gold
train,train_0763,Art. 35 OR,True,18,False,,4A_150/2013 E. 3.2;4A_173/2021 E. 1.2;4C.263/2004 23.05.2005 E. 2;4C.263/2004 23.05.2005 E. C;4C.399/2001 21.11.2002 E. 2;4P.325/2001 21.11.2002 E. 1;5A_410/2023 E. 2.5.1;5A_410/2023 E. 2.5.3;5A_410/2023 E. 2.5.4;5A_410/2023 E. 2.5.5;6B_336/2021 E. 4.1;6B_336/2021 E. 4.2;6B_582/2014 E. 3.2;6B_582/2014 E. 3.3;BGE 132 III 222 E. 2.1;BGE 132 III 222 E. 2.2;BGE 147 IV 465 E. 4.1;BGE 147 IV 465 E. 4.2,has_parents_but_none_in_same_query_gold
train,train_0763,Art. 239 OR,True,11,False,,4A_251/2023 E. 9.2.2;4A_325/2022 E. 6.3.1;4A_325/2022 E. 6.3.2;4C.346/2000 16.03.2001 E. 2;5A_234/2012 28.09.2012 E. 3;5A_377/2018 E. 3.5.1;5A_578/2021 E. 4.2.1;5A_662/2009 21.12.2009 E. 2;5A_673/2007 24.04.2008 E. 2;5C.259/2000 30.01.2001 E. 2;BGE 138 III 689 E. 3.3.2,has_parents_but_none_in_same_query_gold
train,train_0763,Art. 443 ZGB,True,2,False,,5A_101/2023 E. 3.3.3;5A_750/2018 E. 5,has_parents_but_none_in_same_query_gold
train,train_0763,Art. 445 ZGB,True,42,False,,1C_438/2016 E. 4.4;1C_438/2016 E. 4.5;5A_165/2019 E. 3.2;5A_175/2024 E. 1.1;5A_175/2024 E. 2.1;5A_175/2024 E. 6.1;5A_175/2024 E. 6.3.2;5A_175/2024 E. 6.5;5A_175/2024 E. 8;5A_211/2016 E. 1.1;5A_211/2016 E. 1.2;5A_211/2016 E. 6.1;5A_238/2021 E. 3.2;5A_268/2014 E. 2;5A_268/2014 E. 2.2;5A_268/2014 E. 2.3;5A_268/2014 E. 2.5;5A_285/2019 E. 2;5A_310/2016 E. 6.2;5A_339/2017 E. 4.4.1,has_parents_but_none_in_same_query_gold
train,train_0763,Art. 389 ZGB,True,27,False,,2C_1011/2021 E. 4.5;2C_571/2009 05.11.2010 E. 1.1;5A_175/2024 E. 6.1;5A_175/2024 E. 6.3.2;5A_18/2015 E. 4.2;5A_18/2015 E. 4.3;5A_194/2016 E. 3.5;5A_379/2015 E. 2.2;5A_379/2015 E. 2.4;5A_410/2016 E. 5.3.1;5A_504/2024 E. 4.5;5A_506/2022 E. 4;5A_546/2020 21.06.2021 E. 3.5.1;5A_567/2020 E. 3.1;5A_614/2017 E. 5.3.2;5A_638/2015 E. 6.1;5A_671/2019 E. 2.2;5A_677/2014 E. 4.2;5A_677/2014 E. 4.3.1;5A_702/2013 E. 4.3.1,has_parents_but_none_in_same_query_gold
train,train_0763,Art. 374 ZGB,True,17,False,,5A_221/2021 E. 1.3;5A_222/2009 10.06.2009 E. 2.1;5A_475/2007 10.10.2007 E. 2;5A_51/2021 E. 1;5A_51/2021 E. 3.1;5A_546/2020 21.06.2021 E. 1.3;5A_546/2020 21.06.2021 E. 3.1;5A_546/2020 21.06.2021 E. 3.2.1;5A_546/2020 21.06.2021 E. 3.3;5C.102/2001 22.06.2001 E. 2;5C.102/2001 22.06.2001 E. 3;5C.23/2001 19.06.2001 E. 2;5C.267/2002 24.02.2003 E. 1;5C.74/2003 03.07.2003 E. 4;5P.19/2001 12.02.2001 E. 3;6B_375/2013 E. 4.3.2;BGE 124 I 40 E. 5a,has_parents_but_none_in_same_query_gold
train,train_0764,Art. 120 FinfraG,True,15,False,,2C_546/2020 E. 5.3;2C_546/2020 E. 5.4.1;2C_546/2020 E. 5.4.3;2C_546/2020 E. 5.4.4;2C_546/2020 E. 5.5.2;2C_546/2020 E. 5.5.3;2C_546/2020 E. 5.7;2C_546/2020 E. 6.4;2C_546/2020 E. 6.5;2C_546/2020 E. 6.7;Art. 121 FinfraG;Art. 123 Abs. 1 FinfraG;Art. 125 Abs. 2 FinfraV;Art. 145 FinfraG;Art. 151 Abs. 1 FinfraG,has_parents_but_none_in_same_query_gold
train,train_0764,Art. 151 FinfraG,False,0,False,,,no_parent_edges_found
train,train_0766,Art. 195a ZGB,True,4,False,,5A_182/2017 E. 3.1;5A_770/2013 E. A;5C.66/2002 15.05.2003 E. 2;Art. 271 ZPO,has_parents_but_none_in_same_query_gold
train,train_0768,Art. 634 ZGB,True,16,False,,2C_1055/2019 E. 2.2.3;2C_484/2018 E. 2.3;2P.29/2002 29.05.2002 E. 2;4A_649/2012 13.05.2013 E. 3;5A_1036/2020 E. 2.2;5A_1036/2020 E. 2.3.2;5A_1036/2020 E. 2.3.3;5A_1036/2020 E. 2.4;5A_1036/2020 E. A;5C.245/2001 06.02.2002 E. 1;5C.245/2001 06.02.2002 E. A;5P.134/2002 05.09.2002 E. 2;5P.336/2001 06.02.2002 E. 2;5P.336/2001 06.02.2002 E. A;5P.59/2000 07.04.2000 E. 3;BGE 128 III 163 E. 1,has_parents_but_none_in_same_query_gold
train,train_0769,Art. 678 OR,True,47,False,,2A.108/2004 31.08.2005 E. 3;2C_342/2016 23.12.2016 E. 3.3.3;2C_351/2010 06.07.2011 E. 5;2C_570/2024 E. 4.3.2;2C_776/2012 19.02.2013 E. 1;2C_776/2012 19.02.2013 E. 3;2C_776/2012 19.02.2013 E. 4;4A_138/2014 E. 3.1;4A_138/2014 E. 3.2;4A_138/2014 E. 3.2.1;4A_138/2014 E. 3.2.2;4A_138/2014 E. 3.2.3;4A_195/2014 27.11.2014 E. 10.1;4A_195/2014 27.11.2014 E. 6.1;4A_195/2014 27.11.2014 E. 6.2;4A_195/2014 27.11.2014 E. 8.2;4A_195/2014 27.11.2014 E. 9.2;4A_195/2014 27.11.2014 E. 9.3.1;4A_312/2020 E. 2.3;4A_312/2020 E. 3.2.2,has_parents_but_none_in_same_query_gold
train,train_0769,Art. 755 OR,True,23,False,,4A_196/2007 05.12.2008 E. A;4A_218/2020 E. 6;4A_218/2020 E. A;4A_236/2015 E. 2;4A_248/2012 E. 3;4A_26/2015 E. 4;4A_26/2015 E. 4.1;4A_26/2015 E. 4.2;4A_26/2015 E. 4.3;4A_26/2015 E. C;4A_462/2009 16.03.2010 E. B;4A_462/2009 16.03.2010 E. D;4A_477/2024 E. 10.3.2;4A_477/2024 E. 9.4.2;4A_499/2007 13.05.2008 E. 3;4A_536/2017 E. 7.4;4A_581/2021 E. B;4C.19/2001 25.05.2001 E. 2;4C.53/2003 25.06.2003 E. 6;5A_769/2013 E. A,has_parents_but_none_in_same_query_gold
train,train_0769,Art. 44 OR,True,164,False,,1C.2/1999 01.10.2002 E. 5.2;1C_284/2009 08.06.2010 E. H;1C_351/2007 30.10.2008 E. 7;1C_353/2007 30.10.2008 E. 8;1C_665/2024 E. 4.5.1;1C_665/2024 E. 4.5.2;1C_665/2024 E. 4.5.3;2C_521/2017 10.11.2020 E. 7.2;4A_115/2014 E. 6.4.4;4A_115/2014 E. 7;4A_115/2014 E. 8;4A_115/2014 E. 8.1;4A_115/2014 E. 8.2;4A_115/2014 E. 8.3;4A_127/2011 12.07.2011 E. 8;4A_138/2011 19.04.2011 E. 6;4A_138/2014 E. 3;4A_153/2008 14.10.2008 E. 3;4A_153/2015 25.06.2015 E. 4.2.2;4A_189/2015 E. 4.2,has_parents_but_none_in_same_query_gold
train,train_0769,Art. 660 OR,True,7,False,,2C_566/2010 05.01.2011 E. 3;2C_993/2018 E. 6.4;4A_138/2014 E. 4.1;4A_248/2012 E. 3.2;4C.386/2002 12.10.2004 E. 3;5C.80/2002 07.06.2002 E. 3;BGE 140 III 533 E. 4.1,has_parents_but_none_in_same_query_gold
train,train_0769,Art. 680 OR,True,9,False,,4A_138/2014 E. 4.2;4A_138/2014 E. 6.2.2;4A_138/2014 E. B;4A_248/2012 E. B;4A_560/2021 E. 3.2;4A_560/2021 E. 4;BGE 140 III 533 E. 4.2;BGE 140 III 533 E. 6.2.2;H 253/02 23.01.2003 E. 6,has_parents_but_none_in_same_query_gold
train,train_0769,Art. 675 OR,True,10,False,,2C_993/2018 E. 6.4;4A_138/2014 E. 4.5;4A_138/2014 E. 6.2.2;4A_24/2020 E. 4.2.2;4A_248/2012 E. 3.2;4A_248/2012 E. 3.3;4A_248/2012 E. 3.4;9C_690/2023 E. 7.6.2;BGE 140 III 533 E. 4.5;BGE 140 III 533 E. 6.2.2,has_parents_but_none_in_same_query_gold
train,train_0770,Art. 18 BankG,True,1,False,,4A_65/2008 03.08.2009 E. 10,has_parents_but_none_in_same_query_gold
train,train_0775,Art. 34 Abs. 1 RPV,True,32,False,,1C_113/2022 E. 4.1;1C_144/2013 E. 3.4;1C_145/2019 E. 2.1;1C_17/2015 E. 2;1C_204/2019 E. 2.1;1C_238/2021 E. 2;1C_240/2020 E. 2.1;1C_247/2020 E. 3.1;1C_251/2021 E. 2;1C_335/2022 E. 3.1;1C_347/2017 E. 3.2.4;1C_397/2015 E. 3;1C_426/2016 E. 3;1C_429/2015 E. 2;1C_439/2018 E. 3;1C_457/2017 25.03.2019 E. 3;1C_462/2022 E. 4.1;1C_482/2014 E. 4.1;1C_488/2021 E. 4.1;1C_514/2019 E. 3.3,has_parents_but_none_in_same_query_gold
train,train_0775,Art. 34 Abs. 4 RPV,True,51,False,,1A.154/2002 22.01.2003 E. 1;1A.184/2006 15.02.2007 E. 2;1A.237/2006 07.09.2007 E. 4;1A.64/2006 07.11.2006 E. 2;1A.85/2006 26.01.2007 E. 2;1C_110/2010 26.10.2010 E. 3;1C_113/2022 E. 5;1C_127/2009 02.09.2009 E. 3;1C_127/2009 02.09.2009 E. 5;1C_127/2009 02.09.2009 E. C;1C_15/2022 E. 3.1;1C_157/2009 26.11.2009 E. 3;1C_17/2015 E. 2;1C_191/2009 07.10.2009 E. 4;1C_226/2008 21.01.2009 E. 4;1C_238/2021 E. 2.2;1C_240/2020 E. 2.1;1C_247/2020 E. 3.1;1C_247/2020 E. 6.4;1C_251/2021 E. 2,has_parents_but_none_in_same_query_gold
train,train_0775,Art. 24b RPG,True,40,False,,1A.110/2001 04.12.2001 E. 5.2;1A.126/2005 02.08.2005 E. 1;1A.126/2005 02.08.2005 E. 3;1A.130/2000 16.11.2000 E. 6;1A.186/1999 04.05.2000 E. 4;1A.22/2002 26.06.2002 E. 1;1A.22/2002 26.06.2002 E. 3;1A.22/2002 26.06.2002 E. 4;1A.22/2002 26.06.2002 E. B;1A.241/2000 19.07.2001 E. 4;1A.312/2005 27.09.2006 E. 6;1A.37/2004 13.07.2004 E. 1;1A.37/2004 13.07.2004 E. 2;1A.37/2004 13.07.2004 E. A;1C_101/2009 11.12.2009 E. 2;1C_207/2021 E. 4;1C_238/2021 E. 8;1C_312/2023 E. 3;1C_376/2009 30.07.2010 E.;1C_376/2009 30.07.2010 E. 2,has_parents_but_none_in_same_query_gold
train,train_0775,Art. 40 RPV,True,6,False,,1A.22/2002 26.06.2002 E. 3;1C_238/2021 E. 8;1C_429/2015 E. 4.2;1C_567/2015 E. 5.2;BGE 128 II 222 E. 3.1;BGE 128 II 222 E. 3.4,has_parents_but_none_in_same_query_gold
train,train_0776,Art. 254 ZPO,True,39,False,,4A_178/2011 E. 3.2.2;4A_199/2020 E. 2.2;4A_199/2020 E. 2.3.2;4A_316/2013 E. 7.3;4A_319/2014 E. 4.3.1;4A_524/2015 E. 4.4.1;4A_599/2024 E. 4;4A_601/2011 21.12.2011 E. 2;5A_139/2018 E. 2.6.2;5A_144/2024 E. 4.3.2;5A_203/2017 E. 5.2;5A_209/2012 28.06.2012 E. 2;5A_228/2017 E. 3.1;5A_236/2016 15.01.2018 E. 4.5.1;5A_280/2021 E. 3.4.3;5A_356/2024 E. 3.2.2;5A_366/2016 E. 6;5A_373/2018 E. 3.2.4;5A_394/2019 E. 2.1;5A_394/2019 E. 2.2.4,has_parents_but_none_in_same_query_gold
train,train_0778,Art. 21 OR,True,96,False,,1C_455/2022 E. 5.5.2;2C_985/2020 E. 5.4;2C_985/2020 E. 5.6;4A_21/2009 11.03.2009 E. 3;4A_21/2009 11.03.2009 E. 5;4A_21/2009 11.03.2009 E. B;4A_228/2018 E. 4.1;4A_233/2016 E. 5.2;4A_240/2016 E. 2.2;4A_240/2016 E. 2.7.4;4A_254/2020 E. 4;4A_254/2020 E. 4.1;4A_254/2020 E. 4.3.1;4A_254/2020 E. 4.4.2;4A_254/2020 E. 4.4.3;4A_254/2020 E. 4.5;4A_254/2020 E. 4.5.2;4A_254/2020 E. 5;4A_255/2022 E. 3;4A_255/2022 E. 4.1,has_parents_but_none_in_same_query_gold
train,train_0781,Art. 140 StGB,True,73,True,Art. 66a Abs. 1 StGB,1A.163/2006 23.01.2007 E. 2;1A.55/2000 30.06.2000 E. 3;1B_283/2016 E. 5.4;1B_443/2016 E. 4.1;1B_461/2020 E. 5.2;1B_531/2020 E. 4.4;1B_579/2011 01.11.2011 E. 3.3;1P.615/2001 15.10.2001 E. 4;1P.617/2001 15.10.2001 E. 4;1P.678/2006 24.10.2006 E. A;2C_226/2013 E. 3.2;2C_226/2013 E. 3.3;2C_652/2020 E. 6.2;2C_718/2013 E. 3.2.4;6B_1016/2015 E. 3.3.2;6B_1082/2013 E. 2.3.2;6B_1095/2009 24.09.2010 E. 2;6B_1135/2022 E. 6.3.2;6B_1137/2020 E. 1.5.1;6B_1149/2020 E. 2.4.1,parent_in_same_query_gold
train,train_0781,Art. 49 StGB,True,306,False,,1A.125/2002 23.09.2002 E. 3;1B_108/2015 E. 4;1B_115/2007 12.07.2007 E. 4;1B_12/2007 26.02.2007 E. 3;1B_125/2020 E. 3.5;1B_145/2007 19.09.2007 E. 4;1B_167/2007 28.08.2007 E. 2;1B_23/2014 E. 2.3.1;1B_258/2012 10.07.2012 E. 3;1B_330/2015 E. 4.3;1B_541/2017 E. 3.3;1B_96/2018 E. 2.3.2;1C_215/2021 E. 2.2;1C_248/2020 E. 3.3;1C_59/2023 E. 5.6;1C_621/2019 E. 4.3;1C_629/2020 E. 3.2;1C_710/2013 E. 3.2;1C_710/2013 E. 3.3;1P.148/2004 12.05.2004 E. 2,has_parents_but_none_in_same_query_gold
train,train_0781,Art. 217 StPO,True,15,False,,1B_175/2013 E. 4.4.2;1B_351/2012 20.09.2012 E. 1.1;1B_351/2012 20.09.2012 E. 2;1B_42/2021 E. 4.4.7;1B_698/2011 09.05.2012 E. 3.3;1C_176/2013 07.01.2014 E. 5.3;1C_23/2021 E. 3.2;6B_1070/2018 E. 1.3.2;6B_297/2014 E. 3.4.1;6B_743/2013 E. 3.3;7B_275/2024 E. 2;BGE 137 I 31 E. 3;BGE 138 IV 153 E. 3.3.6;BGE 140 I 2 E. 5.3;BGE 140 IV 40 E. 4.4.2,has_parents_but_none_in_same_query_gold
train,train_0781,Art. 66a StGB,True,621,False,,1B_116/2019 E. 3.2;1B_116/2019 E. 3.3;1B_292/2021 E. 3;1B_334/2018 E. A;1B_364/2017 E. 4.3;1C_537/2021 E. 6.4.2;2C_1045/2019 E. 5.5;2C_1054/2018 E. 2.2;2C_108/2018 E. 3.3;2C_133/2022 E. 4;2C_139/2018 E. 2.3.1;2C_140/2017 E. 6.2;2C_148/2022 E. 3;2C_150/2024 E. 4.3.4;2C_169/2017 E. 3.1;2C_173/2020 E. 4.3.1;2C_188/2019 E. 2.2.1;2C_230/2022 E. 5.2;2C_231/2019 E. 2.2.2;2C_24/2019 E. 2.2,has_parents_but_none_in_same_query_gold
train,train_0781,Art. 299 StPO,True,4,False,,1B_478/2012 26.11.2012 E. 2.3;1C_156/2015 E. 2.6;1C_541/2014 E. 4.2;6B_118/2024 E. 2.2,has_parents_but_none_in_same_query_gold
train,train_0781,Art. 306 StPO,True,32,False,,1B_478/2012 26.11.2012 E. 2.3;1C_269/2021 E. 3.1.2;1C_39/2021 E. 4.1.1;1C_653/2012 E. 5.2;1C_653/2012 E. 6.1;1P.753/2001 24.04.2002 E. 4;6B_1143/2015 E. 1.3.1;6B_1167/2017 E. 2.1.1;6B_1273/2016 E. 1.2;6B_181/2021 E. 1.3.3;6B_181/2021 E. 1.3.6;6B_276/2017 E. 4;6B_372/2018 E. 2.3.1;6B_452/2023 E. 1.2.1;6B_475/2022 05.04.2023 E. 5.2;6B_491/2016 E. 1.2.2;6B_499/2024 E. 3.2.2;6B_563/2023 E. 3.2.1;6B_617/2016 E. 3.3.2;6B_70/2023 E. 2.2.1,has_parents_but_none_in_same_query_gold
train,train_0781,Art. 131 StPO,True,26,False,,1B_159/2022 E. 4.5.3;1B_245/2020 E. 2.2;1B_413/2020 E. 4.5;1B_428/2022 E. 1;1B_483/2021 E. 2;1B_655/2021 E. 2.2;1B_92/2014 E. 1;1B_94/2022 E. 4.3;6B_1024/2017 E. 1.2.3;6B_1067/2023 E. 2.1;6B_1069/2015 E. 1.2;6B_1069/2015 E. 1.3;6B_178/2017 25.10.2017 E. 2.2.1;6B_178/2017 25.10.2017 E. 2.6;6B_178/2017 25.10.2017 E. 2.7;6B_228/2025 E. 2.4.1;6B_230/2025 E. 2.1.1;6B_452/2023 E. 1.4.1;6B_506/2024 E. 1.2.1;6B_563/2021 E. 2.3.1,has_parents_but_none_in_same_query_gold
train,train_0783,Art. 158 StGB,True,250,False,,1A.101/2000 18.07.2000 E. 4;1A.105/2000 18.07.2000 E. 4;1A.109/2000 18.07.2000 E. 3;1A.110/2000 18.07.2000 E. 5;1A.125/2006 10.08.2006 E. 2;1A.153/2004 07.09.2004 E. 4;1A.153/2004 07.09.2004 E. A;1A.153/2004 07.09.2004 E. B;1A.161/2005 12.07.2005 E. 2;1A.175/2004 25.11.2004 E. 2;1A.178/2006 19.01.2007 E. 2;1A.188/2005 24.10.2005 E. 2;1A.194/2005 18.08.2005 E. 3;1A.197/2000 21.07.2000 E. 2;1A.197/2000 21.07.2000 E. I;1A.199/2004 07.01.2005 E. 7;1A.24/2004 11.08.2004 E. 7;1A.247/1999 24.01.2000 E. 3;1A.257/2003 28.01.2004 E. 6;1A.268/2005 17.11.2005 E. 5,has_parents_but_none_in_same_query_gold
train,train_0784,Art. 21 BVG,True,20,False,,2A.398/2002 09.01.2003 E. 2;2A.398/2002 09.01.2003 E. 4;2A.398/2002 09.01.2003 E. B;2A.441/2003 12.03.2004 E. 2;2A.441/2003 12.03.2004 E. 3;9C_589/2007 17.04.2008 E. 3.5;9C_589/2007 17.04.2008 E. 3.6;9C_733/2009 20.01.2010 E. 5;B 135/04 28.10.2005 E. 2;B 25/00 24.09.2001 E. 2;B 30/04 20.07.2005 E. 4.3;B 36/04 21.04.2005 E. 2;B 36/04 21.04.2005 E. 4;B 57/03 26.01.2004 E. 1;B 59/99 22.05.2000 E. 3;B 82/03 26.11.2004 E. 2;BGE 130 II 258 E. 2.4;BGE 130 II 258 E. 3.2.2;BGE 134 V 208 E. 3.5.2;BGE 134 V 208 E. 3.6.2,has_parents_but_none_in_same_query_gold
train,train_0787,Art. 335 ZGB,True,16,False,,2A.457/2001 04.03.2002 E. A;5A_30/2025 E. 3;5A_401/2010 11.08.2010 E. 3;5A_669/2022 E. 4.3;5A_669/2022 E. 4.3.1;5A_669/2022 E. 4.6.2;5A_817/2009 11.02.2010 E. 1;5A_817/2009 11.02.2010 E. 2;5C.9/2001 18.05.2001 E. 2;5C.9/2001 18.05.2001 E. 3;5F_3/2024 E. 4.2;7B_207/2024 E. 1.4;7B_870/2024 E. 2.4;8C_716/2008 05.12.2008 E. A;9C_637/2022 E. 4.2;BGE 127 III 337 E. 2c,has_parents_but_none_in_same_query_gold
train,train_0789,Art. 62a RVOG,True,3,False,,1A.142/2006 04.12.2006 E. 2;1C_159/2014 E. 4.3;Art. 41 Abs. 2 ArGV 4,has_parents_but_none_in_same_query_gold
train,train_0789,Art. 12 SebG,False,0,False,,,no_parent_edges_found
train,train_0789,Art. 13 SebG,False,0,False,,,no_parent_edges_found
train,train_0794,Art. 336a OR,True,110,False,,1C_103/2007 07.12.2007 E. 1;1C_103/2007 07.12.2007 E. 2;1C_103/2007 07.12.2007 E. 3;1C_103/2007 07.12.2007 E. B;1C_139/2007 23.10.2007 E. 4;1C_183/2007 05.02.2008 E. 5;1C_23/2024 E. 7.2;1C_350/2007 11.03.2008 E. A;1C_480/2024 E. 4.2;1C_606/2024 E. 3.3;1C_606/2024 E. 3.6;1P.169/2000 31.08.2000 E. 1;1P.169/2000 31.08.2000 E. 2;1P.169/2000 31.08.2000 E. 3;1P.169/2000 31.08.2000 E. A;2P.104/2004 14.03.2005 E. 3;2P.104/2004 14.03.2005 E. 7;4A_13/2010 03.02.2010 E. B;4A_186/2022 E. B;4A_194/2023 E. 2,has_parents_but_none_in_same_query_gold
train,train_0794,Art. 85 ZPO,True,105,False,,2C_357/2016 E. 2.2;4A_109/2011 21.07.2011 E. 9.3.1;4A_128/2018 E. 2.2.2;4A_145/2023 E. 4.3;4A_145/2023 E. 4.5;4A_222/2025 11.09.2025 E. 7.4;4A_236/2023 E. 3.1;4A_236/2023 E. 3.2;4A_236/2023 E. 3.3;4A_24/2024 E. 3.5;4A_24/2024 E. 3.6;4A_269/2017 E. 4.1;4A_286/2022 E. 6;4A_286/2022 E. 6.3.1;4A_286/2022 E. 6.3.2;4A_332/2018 E. 5.2;4A_375/2015 E. 3.1;4A_375/2015 E. 3.2;4A_375/2015 E. 4;4A_375/2015 E. 5.1,has_parents_but_none_in_same_query_gold
train,train_0795,Art. 25a VwVG,True,179,False,,1A.188/2006 08.02.2007 E. 2;1C_179/2022 E. A;1C_214/2016 E. 4.7;1C_332/2018 E. 2.1;1C_362/2024 E. 3.1.3;1C_362/2024 E. 3.5;1C_37/2019 E. 3.1;1C_37/2019 E. 3.3;1C_37/2019 E. 4.1;1C_37/2019 E. 4.2;1C_37/2019 E. 4.3;1C_37/2019 E. 4.4;1C_37/2019 E. 5.1;1C_37/2019 E. 5.2;1C_37/2019 E. 5.4;1C_37/2019 E. 5.5;1C_37/2019 E. 6.1;1C_377/2019 E. 3;1C_377/2019 E. 3.1;1C_377/2019 E. 3.2,has_parents_but_none_in_same_query_gold
train,train_0795,Art. 5 VwVG,True,1129,False,,12T_3/2021 E. 3;12T_3/2021 E. 4;1A.1/2000 08.05.2000 E. 2.-;1A.10/2004 18.10.2004 E. 2;1A.101/2001 13.08.2001 E. 1;1A.104/1999 05.04.2000 E. 1;1A.104/2001 15.03.2002 E. 1;1A.109/2006 05.10.2006 E. 1;1A.11/2005 06.07.2005 E. 1;1A.110/2003 28.10.2003 E. 1;1A.112/2006 19.09.2006 E. 1;1A.113/1999 26.05.2000 E. 1;1A.114/2001 14.03.2002 E. 1;1A.114/2005 12.09.2005 E. 1;1A.115/2001 08.10.2001 E. 2;1A.115/2003 23.02.2004 E. 1;1A.12/2004 30.09.2004 E. 1;1A.123/2002 22.10.2002 E. 1;1A.123/2002 22.10.2002 E. 1.6;1A.123/2005 10.11.2005 E. 1,has_parents_but_none_in_same_query_gold
train,train_0798,Art. 9 ZGB,True,132,False,,1A.280/1999 05.01.2000 E. 7;1P.668/2000 10.01.2001 E. 4;2A.439/1999 13.01.2000 E. 2;2C_219/2015 E. 6.2;2C_219/2015 E. 6.3;2C_357/2007 05.03.2008 E. 2;2C_367/2008 20.11.2008 E. 4;2C_662/2013 E. 3.4;2C_662/2013 E. 3.5;2C_817/2014 E. 3.2.4;4A_172/2007 13.08.2007 E. 2;4A_173/2014 E. 4.3;4A_20/2012 03.07.2012 E. 2;4A_254/2020 E. 3.1;4A_351/2010 09.02.2012 E. 4;4A_369/2022 E. 7.2;4A_369/2022 E. 7.6;4A_461/2016 E. 2.1;4A_540/2022 E. 2.1.1;4A_574/2008 23.06.2009 E. 5,has_parents_but_none_in_same_query_gold
train,train_0799,Art. 3a Abs. 1 BankG,False,0,False,,,no_parent_edges_found
train,train_0799,Art. 763 OR,True,4,False,,2A.478/2003 22.11.2004 E. 3;2P.217/2003 22.10.2003 E. 2;6B_1126/2017 E. 1;BGE 131 II 1 E. 3.4,has_parents_but_none_in_same_query_gold
train,train_0799,Art. 762 OR,True,14,False,,1C_22/2010 06.10.2010 E. 3;1C_22/2010 06.10.2010 E. 3.3;2A.478/2003 22.11.2004 E. 3;2C_585/2009 31.03.2010 E. 5;2C_715/2008 15.04.2009 E. 3;2C_734/2019 E. 2.1;2P.30/2000 07.09.2000 E. 2;2P.30/2000 07.09.2000 E. A;4A.4/2006 20.04.2006 E. 3;9C_37/2023 E. 2.3.2;BGE 126 I 250 E. 2a;BGE 126 I 250 E. 2c;BGE 131 II 1 E. 3.4;BGE 132 III 470 E. 3.3,has_parents_but_none_in_same_query_gold
train,train_0800,Art. 3 URG,True,2,False,,4C.121/2003 14.07.2003 E. 3;BGE 121 III 118 E. 2,has_parents_but_none_in_same_query_gold
train,train_0801,Art. 205 ZGB,True,14,False,,5A_159/2015 E. 4.3;5A_198/2012 24.08.2012 E. 6;5A_283/2011 29.08.2011 E. 2;5A_345/2020 E. 8.2;5A_390/2012 21.01.2013 E. 4;5A_454/2015 E. 3.3;5A_505/2024 E. 4;5A_550/2019 E. 10.3;5A_803/2010 03.12.2010 E. 3.2;5C.195/2004 22.11.2004 E. 4;5C.325/2001 04.03.2002 E. 3;5C.325/2001 04.03.2002 E. 4;7B.184/2006 06.02.2007 E. 4;BGE 142 III 65 E. 4.3,has_parents_but_none_in_same_query_gold
train,train_0802,Art. 64 KVG,True,89,False,,2C_196/2017 E. 4.5.3;8C_637/2023 E. 6.2.1;9C_1093/2009 28.01.2010 E. 1;9C_121/2024 E. 6.4.4;9C_209/2015 E. 7.3;9C_209/2015 E. 7.3.1;9C_233/2008 03.06.2008 E. 3;9C_282/2016 E. 1.1;9C_311/2019 E. 4;9C_337/2016 17.11.2016 E. 5;9C_337/2016 17.11.2016 E. 6.3.2;9C_36/2010 07.04.2010 E. 4;9C_369/2022 E. 4.1;9C_406/2013 E. 3.1.1;9C_406/2013 E. 3.1.2;9C_406/2013 E. 3.2.1;9C_406/2013 E. A;9C_480/2022 E. 4.1;9C_499/2016 E. 6.3;9C_50/2015 E. 1,has_parents_but_none_in_same_query_gold
train,train_0803,Art. 138 StGB,True,198,False,,1A.125/2006 10.08.2006 E. 2;1A.153/2004 07.09.2004 E. 4;1A.153/2004 07.09.2004 E. B;1A.161/2005 12.07.2005 E. 2;1A.177/2001 20.11.2001 E. 4;1A.188/2005 24.10.2005 E. 2;1A.194/2005 18.08.2005 E. 3;1A.197/2000 21.07.2000 E. 2;1A.197/2000 21.07.2000 E. I;1A.199/2004 07.01.2005 E. 7;1A.273/2003 14.04.2004 E. 2;1A.288/2005 22.12.2005 E. 2;1A.54/2000 03.05.2000 E. 5;1A.7/2007 03.07.2007 E. 6;1A.80/2006 30.06.2006 E. 3;1B_121/2019 E. 3.4;1B_144/2018 E. 3.2;1B_144/2018 E. 3.4;1B_144/2018 E. 3.5;1B_144/2018 E. 3.7,has_parents_but_none_in_same_query_gold
train,train_0803,Art. 158 StGB,True,250,False,,1A.101/2000 18.07.2000 E. 4;1A.105/2000 18.07.2000 E. 4;1A.109/2000 18.07.2000 E. 3;1A.110/2000 18.07.2000 E. 5;1A.125/2006 10.08.2006 E. 2;1A.153/2004 07.09.2004 E. 4;1A.153/2004 07.09.2004 E. A;1A.153/2004 07.09.2004 E. B;1A.161/2005 12.07.2005 E. 2;1A.175/2004 25.11.2004 E. 2;1A.178/2006 19.01.2007 E. 2;1A.188/2005 24.10.2005 E. 2;1A.194/2005 18.08.2005 E. 3;1A.197/2000 21.07.2000 E. 2;1A.197/2000 21.07.2000 E. I;1A.199/2004 07.01.2005 E. 7;1A.24/2004 11.08.2004 E. 7;1A.247/1999 24.01.2000 E. 3;1A.257/2003 28.01.2004 E. 6;1A.268/2005 17.11.2005 E. 5,has_parents_but_none_in_same_query_gold
train,train_0804,Art. 111 BGG,True,157,False,,1B_174/2011 17.05.2011 E. 3;1B_185/2018 E. 2;1B_232/2011 12.07.2011 E. 1;1B_254/2012 24.05.2012 E. 3;1B_273/2011 31.08.2011 E. 2;1B_438/2020 E. 2.4;1B_549/2018 E. 3.3;1B_65/2011 22.02.2011 E. 3;1B_7/2013 E. 4.1;1C_118/2011 15.09.2011 E. 3;1C_128/2009 25.09.2009 E. 5;1C_13/2021 E. 2.1;1C_133/2008 06.06.2008 E. 2;1C_177/2014 E. 4.1;1C_180/2009 14.10.2009 E. 3;1C_182/2012 20.08.2012 E. 2.3;1C_191/2011 07.09.2011 E. 2.4;1C_20/2019 E. 3.4;1C_200/2017 E. 2.1;1C_203/2012 18.01.2013 E. 1,has_parents_but_none_in_same_query_gold
train,train_0804,Art. 12 NHG,True,171,False,,1A.10/2006 14.12.2006 E. 3.3;1A.109/2006 05.10.2006 E. 1;1A.115/2001 08.10.2001 E. 2;1A.115/2001 08.10.2001 E. 3;1A.115/2001 08.10.2001 E. 4;1A.115/2001 08.10.2001 E. B;1A.141/2001 20.03.2002 E. 2;1A.151/2002 22.01.2003 E. 1;1A.168/2005 01.06.2006 E. 1;1A.170/2003 27.08.2004 E. 1;1A.237/2006 07.09.2007 E. 2;1A.301/2000 28.05.2001 E. 2;1A.50/2007 11.03.2008 E. 1;1A.59/1995 28.04.2000 E. 1;1A.65/2002 30.07.2002 E. 2;1A.73/1995 28.04.2000 E. 1;1C_109/2018 06.02.2019 E. 2.2;1C_133/2020 E. 1.3;1C_134/2014 E. 3.1;1C_134/2014 E. 5.1,has_parents_but_none_in_same_query_gold
train,train_0804,Art. 6 NHG,True,121,False,,1A.104/2006 19.01.2007 E. 1;1A.115/2001 08.10.2001 E. 2;1A.122/2004 30.05.2005 E. 2;1A.142/2004 10.12.2004 E. 4;1A.151/2001 16.07.2002 E. 4;1A.151/2002 22.01.2003 E. 4;1A.151/2002 22.01.2003 E. 5;1A.185/2006 05.03.2007 E. 6;1A.185/2006 05.03.2007 E. 7;1A.192/2000 20.02.2001 E. 5;1A.214/2002 12.09.2003 E. 5;1A.224/2006 25.06.2007 E. 2;1A.226/2002 08.04.2003 E. 4;1A.230/2000 28.08.2001 E. 2;1A.230/2000 28.08.2001 E. 4;1A.230/2000 28.08.2001 E. B;1A.230/2000 28.08.2001 E. C;1A.30/2007 09.10.2007 E. 2;1A.30/2007 09.10.2007 E. 4;1A.6/2005 15.08.2005 E. 2,has_parents_but_none_in_same_query_gold
train,train_0804,Art. 79 Abs. 1 BV,False,0,False,,,no_parent_edges_found
train,train_0805,Art. 8a SchKG,True,112,False,,1B_593/2022 E. 4.1;1B_593/2022 E. 4.2;4A_414/2014 E. 2.6.1;4A_414/2014 E. 2.6.2;4A_438/2015 E. 3;4A_440/2014 E. 2;4A_440/2014 E. 4.2;4A_440/2015 E. 2;4A_618/2013 E. 1.3;5A_122/2015 E. 2.3;5A_164/2021 E. 1.1;5A_164/2021 E. 3.3.3;5A_164/2021 E. 4.1.2;5A_164/2021 E. 4.5;5A_172/2016 E. 3.1;5A_201/2013 29.04.2013 E. 2;5A_201/2013 29.04.2013 E. 3;5A_244/2009 09.07.2009 E. 1;5A_244/2009 09.07.2009 E. 2;5A_244/2009 09.07.2009 E. 3,has_parents_but_none_in_same_query_gold
train,train_0806,Art. 10 JStPO,False,0,False,,,no_parent_edges_found
train,train_0807,Art. 154 FinfraG,True,9,False,,1C_196/2021 E. 2.4;6B_450/2025 15.07.2025 E. 2.6.2;6B_479/2018 E. 2.4.1;6B_90/2019 E. 3.2;6B_90/2019 E. 3.4.1;6B_90/2019 E. 4.3;BGE 145 IV 407 E. 3.2;BGE 145 IV 407 E. 3.4.1;BGE 147 II 432 E. 2.4,has_parents_but_none_in_same_query_gold
train,train_0807,Art. 38 FINMAG,True,1,False,,7B_874/2023 E. 3.3,has_parents_but_none_in_same_query_gold
train,train_0808,Art. 216 ZGB,True,7,False,,5A_907/2019 E. 4.2.2;5A_907/2019 E. 6.3.1;5C.205/2000 21.06.2001 E. 2;5C.61/2002 14.06.2002 E. 3;BGE 127 III 396 E. 2;BGE 128 III 314 E. 1974;P 30/06 05.02.2007 E. 4,has_parents_but_none_in_same_query_gold
train,train_0808,Art. 470 ZGB,True,12,False,,5A_122/2008 30.07.2008 E. 3;5A_238/2023 E. 7.1;5A_238/2023 E. 7.3;5A_238/2023 E. A;5A_610/2013 E. 2.2.1;5A_696/2019 E. 3.3;8C_669/2023 E. 7.2.3;9C_678/2012 30.01.2013 E. 4;BGE 139 V 1 E. 4.3;BGE 139 V 1 E. 4.4;BGE 150 III 160 E. 7.1;BGE 150 III 160 E. 7.3,has_parents_but_none_in_same_query_gold
train,train_0808,Art. 473 ZGB,True,7,False,,5A_161/2010 08.07.2010 E. 5;5A_272/2017 E. A;5A_336/2019 E. A;5A_757/2016 E. 3.3.2;5C.276/2005 14.02.2006 E. 2;5D_305/2020 E. 3.2;P 40/00 29.11.2001 E. 2,has_parents_but_none_in_same_query_gold
train,train_0809,Art. 180 StGB,True,207,False,,1B_140/2010 01.07.2010 E. 5;1B_140/2010 01.07.2010 E. F;1B_141/2011 16.05.2011 E. 5;1B_158/2007 21.09.2007 E. 1;1B_169/2022 E. 4.3;1B_180/2013 30.05.2013 E. A;1B_2/2009 10.02.2009 E. 2;1B_203/2015 E. 5.3;1B_238/2012 16.05.2012 E. 2;1B_239/2021 E. 2.3;1B_251/2021 E. 5.2;1B_273/2021 E. 1.1;1B_293/2023 E. 2;1B_296/2018 E. 2.3;1B_301/2017 E. 3.1;1B_302/2008 25.11.2008 E. 1;1B_306/2013 E. 2.1;1B_330/2015 E. 4.3;1B_34/2015 E. 3.2;1B_347/2021 E. A,has_parents_but_none_in_same_query_gold
train,train_0810,Art. 9 ZGB,True,132,False,,1A.280/1999 05.01.2000 E. 7;1P.668/2000 10.01.2001 E. 4;2A.439/1999 13.01.2000 E. 2;2C_219/2015 E. 6.2;2C_219/2015 E. 6.3;2C_357/2007 05.03.2008 E. 2;2C_367/2008 20.11.2008 E. 4;2C_662/2013 E. 3.4;2C_662/2013 E. 3.5;2C_817/2014 E. 3.2.4;4A_172/2007 13.08.2007 E. 2;4A_173/2014 E. 4.3;4A_20/2012 03.07.2012 E. 2;4A_254/2020 E. 3.1;4A_351/2010 09.02.2012 E. 4;4A_369/2022 E. 7.2;4A_369/2022 E. 7.6;4A_461/2016 E. 2.1;4A_540/2022 E. 2.1.1;4A_574/2008 23.06.2009 E. 5,has_parents_but_none_in_same_query_gold
train,train_0811,Art. 14a HMG,True,1,False,,Art. 7 Abs. 1 KPAV,has_parents_but_none_in_same_query_gold
train,train_0811,Art. 15 HMG,True,1,False,,2A.343/2006 01.11.2006 E. 2,has_parents_but_none_in_same_query_gold
train,train_0812,Art. 125 ZGB,True,502,False,,2A.68/2000 05.10.2000 E. 4;5A_10/2010 23.02.2010 E. B;5A_100/2007 04.07.2007 E. 4;5A_1003/2014 E. 4.2.2;5A_1022/2019 E. 4;5A_1024/2021 E. 4.1;5A_103/2008 05.05.2008 E. 2.2;5A_103/2008 05.05.2008 E. C;5A_104/2018 E. 4;5A_104/2018 E. 5.2;5A_104/2018 E. 5.4;5A_11/2010 18.03.2010 E. 1;5A_11/2010 18.03.2010 E. 2;5A_11/2010 18.03.2010 E. 5;5A_111/2016 E. 6.1.3;5A_112/2020 E. 2.2;5A_122/2011 09.06.2011 E. 4;5A_129/2015 E. 5;5A_14/2014 E. 3.2;5A_14/2019 E. 3.2,has_parents_but_none_in_same_query_gold
train,train_0813,Art. 108 AsylG,True,2,False,,12T_4/2023 E. 3.1;2C_131/2011 25.02.2011 E. 2,has_parents_but_none_in_same_query_gold
train,train_0813,Art. 55 VwVG,True,75,False,,1A.170/2000 22.05.2000 E. 3;1A.210/2004 12.10.2004 E. 1;1A.39/2003 12.03.2003 E. 1;1A.47/2003 04.04.2003 E. 3;1A.6/2002 15.02.2002 E. 3;1C_396/2021 E. 5.4;2A.128/2003 03.04.2003 E. 2;2A.207/2001 25.05.2001 E. 1;2A.433/2006 15.09.2006 E. 3.2;2A.438/2004 01.12.2004 E. 2;2A.439/2004 01.12.2004 E. 2;2A.456/2006 08.01.2007 E. 2;2A.483/2006 07.09.2006 E. 2;2A.589/1999 18.01.2000 E. 1.-;2A.619/2002 10.03.2003 E. 2;2A.660/2004 14.06.2005 E. 5;2A.8/2007 26.03.2007 E. 3;2C_1034/2015 E. 3.2;2C_1034/2015 E. 3.3;2C_1130/2013 E. 2.1,has_parents_but_none_in_same_query_gold
train,train_0813,Art. 107a AsylG,True,1,False,,2C_131/2011 25.02.2011 E. 2,has_parents_but_none_in_same_query_gold
train,train_0814,Art. 9 SebG,True,1,False,,Art. 25 Abs. 1 SebG,has_parents_but_none_in_same_query_gold
train,train_0814,Art. 13 RPG,True,40,False,,1A.25/2007 11.05.2007 E. 2;1A.61/2003 08.07.2003 E. 4;1A.62/2001 24.10.2001 E. 6;1A.64/2003 08.07.2003 E. 6;1C_105/2018 E. 3.3;1C_124/2020 E. 3.1;1C_15/2019 E. 9.3;1C_175/2013 E. 3.1;1C_188/2007 01.04.2009 E. 2;1C_199/2022 E. 4.1.1;1C_212/2024 E. 4.1;1C_25/2019 E. 7.1;1C_251/2022 E. 8;1C_261/2023 E. 10.2;1C_308/2018 E. 7;1C_344/2007 12.03.2010 E. 3;1C_36/2011 08.02.2012 E. 4;1C_398/2015 E. 5.3;1C_442/2008 09.07.2009 E. 2.5;1C_45/2023 E. 5,has_parents_but_none_in_same_query_gold
train,train_0817,Art. 3 DSG,True,31,False,,1A.225/2002 27.05.2003 E. 1;1C_214/2016 E. 4.4;1C_214/2016 E. 6.4;1C_230/2011 31.05.2012 E. 6;1C_285/2009 08.09.2010 E. 3;1C_394/2016 E. 4.2;1C_425/2020 E. 3.4.2;1C_50/2015 E. 5.2.1;1C_74/2015 E. 3.2;1C_93/2021 E. 4.3.3;2A.692/2006 01.02.2007 E. 4;2C_1065/2014 E. 6.1;2C_726/2018 E. 3.4;4A_125/2020 E. 3.1;4A_125/2020 E. 3.3;4A_125/2020 E. 3.4.1;4A_365/2017 E. 5.2.2;5C.166/2000 20.07.2001 E. 3;BGE 124 III 170 E. 3b;BGE 127 III 481 E. 3bb,has_parents_but_none_in_same_query_gold
train,train_0817,Art. 28 ZGB,True,491,False,,1B_143/2011 01.06.2011 E. 4;1B_21/2012 27.03.2012 E. 2;1B_22/2012 11.05.2012 E. 2;1B_245/2015 E. 5.2;1B_294/2014 E. 3;1B_320/2015 E. 4.6;1B_562/2011 02.02.2012 E. 4;1B_562/2011 02.02.2012 E. 6;1B_643/2022 06.04.2023 E. 2;1B_652/2011 03.04.2012 E. 2;1B_75/2017 E. 4.1.2;1B_94/2019 E. 2.2;1C_175/2021 E. 5.3.1;1C_230/2011 31.05.2012 E. 10.6;1C_230/2011 31.05.2012 E. 12;1C_230/2011 31.05.2012 E. 8;1C_275/2012 21.09.2012 E. 1;1C_277/2023 E. 2.4;1C_382/2007 24.04.2008 E. 2;1C_382/2007 24.04.2008 E. 3,has_parents_but_none_in_same_query_gold
train,train_0817,Art. 4 Abs. 4 DSG,True,27,False,,1C_230/2011 31.05.2012 E. 9;1C_415/2020 E. 2.1;2C_171/2016 E. 4.1;2C_825/2019 E. 4.4;2C_825/2019 E. 4.5;2C_874/2020 E. 6.4.4;4A_588/2018 E. 4.2;6B_1133/2021 E. 2.2;6B_1133/2021 E. 2.4.1;6B_1188/2018 E. 3.1;6B_1188/2018 E. 3.2;6B_1188/2018 E. 4;6B_1404/2019 E. 1.2;6B_1404/2019 E. 1.3.2;6B_1404/2019 E. 1.4;6B_1468/2019 E. 1.3.2;6B_345/2024 E. 2.1.3;6B_68/2023 E. 2.1.2;6B_810/2020 E. 2.6.2;7B_797/2023 E. 3.2,has_parents_but_none_in_same_query_gold
train,train_0817,Art. 14 DSG,True,3,False,,1B_99/2020 E. 2.3;8C_736/2018 E. 3.3.1;Art. 51 Abs. 4 DSG,has_parents_but_none_in_same_query_gold
train,train_0817,Art. 12 DSG,True,21,False,,1C_230/2011 31.05.2012 E. 7;1C_285/2009 08.09.2010 E. 5;1C_285/2009 08.09.2010 E. 5.2;6B_1133/2021 E. 2.3.2;6B_1188/2018 E. 3.3;6B_1362/2020 E. 14.4.2;6B_1468/2019 E. 1.3.2;6B_181/2018 E. 4.3;6B_301/2022 E. 2.2.3;6B_536/2009 12.11.2009 E. 3.6;6B_810/2020 E. 2.6.2;6B_887/2016 E. 5.2;9C_785/2010 10.06.2011 E. 2;BGE 136 II 508 E. 5.1;BGE 136 II 508 E. 5.2.1;BGE 136 II 508 E. 5.2.4;BGE 136 II 508 E. 5.2.5;BGE 138 II 346 E. 7.1;BGE 145 IV 42 E. 4.3;BGE 146 IV 226 E. 3.3,has_parents_but_none_in_same_query_gold
train,train_0817,Art. 13 DSG,True,45,False,,1C_230/2011 31.05.2012 E. 10;1C_230/2011 31.05.2012 E. 7;1C_285/2009 08.09.2010 E. 2;1C_285/2009 08.09.2010 E. 5;1C_285/2009 08.09.2010 E. 5.2;1C_285/2009 08.09.2010 E. 6;2C_37/2018 E. 6.1;2C_37/2018 E. 7;2C_776/2013 E. 5.2.2;2C_776/2013 E. 7.2.2;4A_576/2015 E. 2;4A_576/2015 E. 2.1;4A_576/2015 E. 2.2.1;4A_576/2015 E. 2.2.3;4A_588/2018 E. 4.3.1;6B_1133/2021 E. 2.3.2;6B_1133/2021 E. 2.4.2;6B_1133/2021 E. 2.4.3;6B_1188/2018 E. 3.3;6B_1362/2020 E. 14.4.2,has_parents_but_none_in_same_query_gold
train,train_0817,Art. 4 Abs. 5 DSG,False,0,False,,,no_parent_edges_found
train,train_0818,Art. 175 DBG,True,71,True,Art. 186 Abs. 1 DBG,1B_11/2011 01.04.2011 E. 5;1B_417/2010 01.04.2011 E. 5;1B_418/2010 01.04.2011 E. 5;1B_419/2010 01.04.2011 E. 5;1S.42/2005 28.03.2006 E. 4;1S.5/2005 26.09.2005 E. 6;1S.8/2006 12.12.2006 E. 4;1S.9/2005 06.10.2005 E. 6;2A.14/2007 29.05.2007 E. 2;2A.168/2006 08.03.2007 E. 3;2A.168/2006 08.03.2007 E. 4;2A.502/2005 02.02.2006 E. 3;2A.583/2004 21.04.2005 E. 3;2A.706/2006 01.03.2007 E. 3;2C_1018/2015 02.11.2017 E. 9.2;2C_1018/2015 02.11.2017 E. 9.4.3;2C_1075/2016 05.12.2016 E. 4;2C_1107/2012 E. 4.2;2C_1109/2012 E. 4.2;2C_1110/2012 17.06.2013 E. 4.2,parent_in_same_query_gold
train,train_0818,Art. 177 DBG,True,12,True,Art. 181 Abs. 3 DBG,2A.258/2005 19.10.2005 E. 2;2A.258/2005 19.10.2005 E. 3;2C_447/2010 04.11.2010 E. 3;2C_770/2016 26.09.2016 E. 1.2.3;2C_821/2010 04.04.2011 E. 4;7B_1352/2024 16.09.2025 E. A;7B_515/2024 E. A;7B_949/2024 16.09.2025 E. A;7B_973/2024 E. A;Art. 180 DBG;Art. 181 Abs. 2 DBG;Art. 181 Abs. 3 DBG,parent_in_same_query_gold
train,train_0818,Art. 176 DBG,True,22,False,,1B_11/2011 01.04.2011 E. 5;1B_417/2010 01.04.2011 E. 5;1B_418/2010 01.04.2011 E. 5;1B_419/2010 01.04.2011 E. 5;1S.42/2005 28.03.2006 E. 4;1S.5/2005 26.09.2005 E. 6;1S.8/2006 12.12.2006 E. 4;1S.9/2005 06.10.2005 E. 6;2A.168/2006 08.03.2007 E. 3;2C_1052/2020 E. 3.2.2;2C_1052/2020 E. 3.2.8;2C_1052/2020 E. 4.1;2C_290/2011 12.09.2011 E. 6;2C_357/2007 05.03.2008 E. 3;2C_85/2015 E. 3.2;2C_87/2018 E. 3.5;6B_1053/2017 E. 3.1;7B_515/2024 E. A;Art. 190 Abs. 2 DBG;Art. 194 Abs. 1 DBG,has_parents_but_none_in_same_query_gold
train,train_0818,Art. 102 StGB,True,55,False,,1B_188/2011 01.06.2011 E. 1;1B_188/2011 01.06.2011 E. B;1B_249/2015 E. 3.3;1B_249/2015 E. 6;1B_505/2019 E. 3.4;1B_516/2011 17.11.2011 E. 2;2A.168/2006 08.03.2007 E. 3;2C_147/2007 23.01.2008 E. 6;2C_175/2024 E. 8.4.3;2C_192/2019 E. 3.2;2C_192/2019 E. 4.3;2C_192/2019 E. 5.4.1;2C_383/2020 E. 4.7.2;2C_484/2010 E. 3.2;2C_916/2014 E. 7.2;2C_950/2012 E. 6.2.1;4A_249/2024 E. 1.1;4A_249/2024 E. B;5A_25/2025 E. 1.3;5A_25/2025 E. 6,has_parents_but_none_in_same_query_gold
train,train_0820,Art. 68 AIG,True,26,False,,1C_141/2022 E. 4.2;2C_171/2024 E. 5.4.1;2C_577/2024 E. 5.2.2;2C_577/2024 E. 5.3;2C_577/2024 E. 6.4;2C_588/2019 E. 3.2;2C_766/2019 E. 4.4;6B_1258/2020 E. 4.2.5;6B_747/2019 E. 2.2.3;Art. 109 Abs. 7 AsylG;Art. 24 Abs. 1 AsylV 2;Art. 31 Abs. 3 AIG;Art. 37 Abs. 6 AsylG;Art. 45a Abs. 2 AsylG;Art. 50 Abs. 1 StReV;Art. 61 Abs. 1 AIG;Art. 61 Abs. 1 AsylG;Art. 65 AsylG;Art. 68a Abs. 1 AIG;Art. 75 Abs. 1 AIG,has_parents_but_none_in_same_query_gold
train,train_0821,Art. 62 KVG,True,9,False,,2C_404/2020 E. 3.5.6;9C_582/2016 E. 7.1;9C_599/2007 18.12.2007 E. 4;Art. 4 Abs. 2 VVK;Art. 7 Abs. 2 KVAG;BGE 133 V 353 E. 4.5;BGE 147 II 248 E. 3.5.6;K 61/04 08.07.2005 E. 4;K 7/07 13.06.2007 E. 4,has_parents_but_none_in_same_query_gold
train,train_0821,Art. 101 KVV,True,4,False,,9C_8/2014 14.10.2014 E. 4.3.1;9C_8/2014 14.10.2014 E. 5;9C_878/2013 E. 3.3.1;9C_878/2013 E. 4,has_parents_but_none_in_same_query_gold
train,train_0825,Art. 655a ZGB,True,3,False,,5A_1006/2015 E. 3;5A_1006/2015 E. 6.1;5A_1006/2015 E. 6.3.3,has_parents_but_none_in_same_query_gold
train,train_0826,Art. 659 OR,True,30,False,,2A.660/2006 08.06.2007 E. 3;2A.9/2005 27.10.2005 E. 2;2A.9/2005 27.10.2005 E. B;2C_119/2018 E. 3.2;2C_119/2018 E. 4.2.2;2C_268/2009 08.10.2009 E. 2.2;2C_268/2009 08.10.2009 E. 3;2C_268/2009 08.10.2009 E. 3.2;2C_368/2013 02.02.2014 E. 6.3;2C_896/2008 30.10.2009 E. 2;2C_928/2014 E. 3.2;4A_209/2021 E. 6.3;4A_340/2021 E. 4.1;4A_340/2021 E. 5.2.1;4C.242/2001 05.03.2003 E. 5;5C.119/2004 23.12.2004 E. 2;9C_135/2023 E. 3.2.1;9C_135/2023 E. 5.5;Art. 4a Abs. 2 VStG;BGE 136 II 33 E. 2.2.1,has_parents_but_none_in_same_query_gold
train,train_0827,Art. 64 StGB,True,316,False,,1A.134/2001 11.12.2001 E. 5;1B_10/2010 02.02.2010 E. 2;1B_110/2008 26.05.2008 E. 2;1B_124/2017 E. A;1B_151/2010 02.06.2010 E. 4;1B_247/2023 E. 1.1;1B_257/2017 E. 1;1B_270/2017 E. C;1B_283/2016 E. 5.4;1B_283/2016 E. A;1B_29/2021 E. 1;1B_332/2018 E. 4.2;1B_332/2018 E. A;1B_353/2021 E. 4.3;1B_36/2021 E. 3;1B_370/2020 E. 2.2;1B_4/2010 21.01.2010 E. B;1B_443/2016 E. 4.1;1B_486/2018 E. A;1B_528/2020 E. 3.4,has_parents_but_none_in_same_query_gold
train,train_0828,Art. 66a StGB,True,621,False,,1B_116/2019 E. 3.2;1B_116/2019 E. 3.3;1B_292/2021 E. 3;1B_334/2018 E. A;1B_364/2017 E. 4.3;1C_537/2021 E. 6.4.2;2C_1045/2019 E. 5.5;2C_1054/2018 E. 2.2;2C_108/2018 E. 3.3;2C_133/2022 E. 4;2C_139/2018 E. 2.3.1;2C_140/2017 E. 6.2;2C_148/2022 E. 3;2C_150/2024 E. 4.3.4;2C_169/2017 E. 3.1;2C_173/2020 E. 4.3.1;2C_188/2019 E. 2.2.1;2C_230/2022 E. 5.2;2C_231/2019 E. 2.2.2;2C_24/2019 E. 2.2,has_parents_but_none_in_same_query_gold
train,train_0829,Art. 10 BV,True,308,False,,1A.104/1999 05.04.2000 E. 5;1A.208/2004 19.01.2005 E. 2;1A.23/2005 04.07.2005 E. 5;1A.280/2004 27.10.2005 E. 2;1B_141/2007 24.07.2007 E. 3;1B_153/2013 17.05.2013 E. 2;1B_169/2022 E. 4;1B_195/2008 24.07.2008 E. C;1B_229/2017 E. 1.5;1B_24/2021 E. 6.1;1B_251/2021 E. 4;1B_251/2021 E. 6;1B_281/2016 E. C;1B_32/2011 15.02.2011 E. 2;1B_34/2017 E. 2;1B_377/2022 E. 8.2.3;1B_378/2013 E. 3.3;1B_416/2019 E. 2.2;1B_416/2019 E. 2.3;1B_416/2019 E. 2.4,has_parents_but_none_in_same_query_gold
train,train_0831,Art. 423 OR,True,75,False,,2C_422/2018 E. 2.3;2C_422/2018 E. 2.4;2C_422/2018 E. 2.5;2C_422/2018 E. 3.1;2C_422/2018 E. 3.2;2C_949/2010 18.05.2011 E. 6;4A_145/2024 E. 1.2;4A_145/2024 E. 2.5;4A_145/2024 E. 2.6;4A_145/2024 E. 3;4A_145/2024 E. 4.1;4A_222/2020 E. 2.2;4A_258/2012 08.04.2013 E. 8;4A_274/2025 E. 3.3;4A_274/2025 E. 3.5;4A_274/2025 E. 3.6;4A_274/2025 E. 3.7;4A_305/2007 03.03.2008 E. 1;4A_305/2007 03.03.2008 E. 2;4A_305/2007 03.03.2008 E. 4,has_parents_but_none_in_same_query_gold
train,train_0832,Art. 113 StPO,True,57,False,,1B_114/2016 E. 2.2;1B_117/2016 E. 2.2;1B_149/2023 E. 3.3.4;1B_270/2018 E. 5.4;1B_364/2019 E. 2.3;1B_364/2019 E. 3.6;1B_364/2019 E. 3.9;1B_364/2019 E. 4;1B_365/2019 E. 4.2;1B_553/2017 E. 4.3.1;1C_254/2023 E. 5.4;1P.716/2004 22.12.2004 E. 2;2C_1011/2014 18.06.2015 E. 3.2;6B_1009/2017 E. 1.4.2;6B_1018/2021 E. 1.2;6B_1018/2021 E. 1.3.2;6B_1019/2023 E. 2.3.2;6B_1174/2017 E. 6.2;6B_1202/2021 E. 1.8.1;6B_129/2024 E. 2.4.4,has_parents_but_none_in_same_query_gold
train,train_0832,Art. 260 StPO,True,21,False,,1B_171/2021 E. 2;1B_171/2021 E. 3.2;1B_171/2021 E. 4.3;1B_210/2022 E. 2;1B_214/2021 E. 3.1;1B_244/2017 E. 2.2;1B_250/2016 E. 1.3;1B_259/2022 E. 3;1B_259/2022 E. 4.2;1B_336/2019 E. 4.3;1B_387/2021 E. 3.1;1B_5/2017 E. 1.1;1B_57/2013 E. 1.2;6B_1100/2015 E. 1.3;6B_718/2014 E. 1.3.3;6B_880/2017 E. 3.5.5;7B_335/2023 E. 3.1.2;7B_336/2023 E. 3.1.2;7B_452/2024 E. 2.1;7B_991/2024 E. 2.2.1,has_parents_but_none_in_same_query_gold
train,train_0835,Art. 20 Abs. 1 VST,False,0,False,,,no_parent_edges_found
train,train_0836,Art. 946 ZGB,True,3,False,,2C_1069/2015 E. 3.4;5C.232/2003 02.03.2004 E. 3;BGE 130 III 306 E. 3.3.1,has_parents_but_none_in_same_query_gold
train,train_0836,Art. 9 GBV,False,0,False,,,no_parent_edges_found
train,train_0836,Art. 94 GBV,False,0,False,,,no_parent_edges_found
train,train_0836,Art. 97 GBV,True,1,True,Art. 23 Abs. 4 GBV,Art. 23 Abs. 4 GBV,parent_in_same_query_gold
train,train_0836,Art. 80 GBV,False,0,False,,,no_parent_edges_found
train,train_0836,Art. 959 ZGB,True,23,False,,2A.39/2003 26.11.2003 E. 3;2C_138/2014 E. 3.4.3;2C_546/2012 10.12.2012 E. 5;2C_547/2012 10.12.2012 E. 5;2C_548/2012 10.12.2012 E. 5;4A_145/2023 E. 5.3.2;4A_199/2022 E. 3;4A_199/2022 E. 3.3.1;4A_199/2022 E. 3.3.2;4A_199/2022 E. 3.5;4A_199/2022 E. B;4A_263/2023 E. 1;4A_325/2022 E. 4.2;4C.374/1999 11.02.2000 E. 3;5A_896/2010 11.03.2011 E. 6;7B.168/2005 16.01.2006 E. 3.1;7B.202/2005 16.01.2006 E. 4.1;Art. 123 Abs. 5 GBV;BGE 148 III 415 E. 3;BGE 148 III 415 E. 3.3.1,has_parents_but_none_in_same_query_gold
train,train_0838,Art. 191 ZPO,True,15,False,,1C_577/2019 E. 2.1;1C_582/2018 E. 2.6;1C_85/2019 E. 2.1;2C_903/2018 E. 3.4.1;4A_14/2025 E. 6.3;4A_189/2018 E. 3.2.2;4A_498/2014 E. 3.3;4A_52/2022 E. 5.3.3;4A_532/2015 E. 3.1;4A_541/2013 E. 3.2.1;4A_697/2016 E. A;5A_256/2016 E. 9.3.2;5A_550/2019 E. 9.1.2;5A_984/2023 E. 3.3.1;BGE 143 III 297 E. 9.3.2,has_parents_but_none_in_same_query_gold
train,train_0838,Art. 13 DSG,True,45,False,,1C_230/2011 31.05.2012 E. 10;1C_230/2011 31.05.2012 E. 7;1C_285/2009 08.09.2010 E. 2;1C_285/2009 08.09.2010 E. 5;1C_285/2009 08.09.2010 E. 5.2;1C_285/2009 08.09.2010 E. 6;2C_37/2018 E. 6.1;2C_37/2018 E. 7;2C_776/2013 E. 5.2.2;2C_776/2013 E. 7.2.2;4A_576/2015 E. 2;4A_576/2015 E. 2.1;4A_576/2015 E. 2.2.1;4A_576/2015 E. 2.2.3;4A_588/2018 E. 4.3.1;6B_1133/2021 E. 2.3.2;6B_1133/2021 E. 2.4.2;6B_1133/2021 E. 2.4.3;6B_1188/2018 E. 3.3;6B_1362/2020 E. 14.4.2,has_parents_but_none_in_same_query_gold
train,train_0838,Art. 168 Abs. 1 ZPO,True,43,False,,1C_559/2022 28.10.2024 E. 5.3.5;1C_57/2024 23.10.2025 E. 5.4.2;4A_178/2015 E. 2.5.1;4A_178/2015 E. 2.5.3;4A_178/2015 E. 2.6;4A_200/2023 E. 3.3.2;4A_247/2020 E. 5.2;4A_265/2020 E. 3.1;4A_265/2020 E. 8.3.2;4A_267/2020 E. 3.1;4A_267/2020 E. 7.3.4;4A_299/2017 E. 4.1;4A_368/2024 E. 5.1.2;4A_497/2018 E. 3.3.2;4A_544/2017 E. 4.1;4A_544/2017 E. 4.3;4A_558/2015 E. 4;4A_571/2016 E. 3;4A_571/2016 E. 3.2;4A_58/2025 E. 3.2,has_parents_but_none_in_same_query_gold
train,train_0840,Art. 152 ZPO,True,277,False,,2C_385/2021 E. 4;2C_385/2021 E. 4.3;2C_988/2017 E. 5.1;4A_101/2025 E. 4.4.1;4A_106/2025 E. 5.4;4A_109/2019 E. 7.2;4A_109/2019 E. 8.1;4A_11/2022 E. 3.4.1;4A_111/2014 E. 3;4A_111/2025 E. 3.1.2;4A_115/2020 E. 4.1;4A_115/2022 E. 4.4.5;4A_115/2022 E. 4.4.7;4A_116/2023 E. 5.4.1;4A_125/2020 E. 1.7.1;4A_128/2017 E. 4;4A_13/2019 E. 4.1;4A_130/2022 E. 3.1;4A_131/2017 E. 4.3;4A_131/2017 E. 4.3.2,has_parents_but_none_in_same_query_gold
train,train_0840,Art. 168 Abs. 1 ZPO,True,43,False,,1C_559/2022 28.10.2024 E. 5.3.5;1C_57/2024 23.10.2025 E. 5.4.2;4A_178/2015 E. 2.5.1;4A_178/2015 E. 2.5.3;4A_178/2015 E. 2.6;4A_200/2023 E. 3.3.2;4A_247/2020 E. 5.2;4A_265/2020 E. 3.1;4A_265/2020 E. 8.3.2;4A_267/2020 E. 3.1;4A_267/2020 E. 7.3.4;4A_299/2017 E. 4.1;4A_368/2024 E. 5.1.2;4A_497/2018 E. 3.3.2;4A_544/2017 E. 4.1;4A_544/2017 E. 4.3;4A_558/2015 E. 4;4A_571/2016 E. 3;4A_571/2016 E. 3.2;4A_58/2025 E. 3.2,has_parents_but_none_in_same_query_gold
train,train_0840,Art. 150 ZPO,True,41,False,,4A_105/2016 E. 3.5;4A_125/2020 E. 3;4A_138/2021 06.08.2021 E. 6.3.1;4A_148/2011 08.09.2011 E. 2;4A_154/2018 E. 3.3;4A_178/2015 E. 2.6;4A_271/2016 16.01.2017 E. 4;4A_342/2021 E. 3.1;4A_381/2022 E. 3.1;4A_432/2023 E. 5.4;4A_436/2016 07.02.2017 E. 4.2;4A_455/2023 E. 4.1.1;4A_478/2019 E. 3.3.5;4A_483/2012 07.03.2013 E. 3;4A_494/2017 E. 2.4.3;4A_5/2015 20.04.2015 E. 4.4;4A_540/2022 E. 2.2;4A_541/2013 E. 3.2;4A_549/2021 E. 1.3;4A_553/2021 E. 3.3.4,has_parents_but_none_in_same_query_gold
train,train_0841,Art. 1 OR,True,203,False,,1C_402/2008 25.05.2009 E. 5;1C_613/2015 10.08.2016 E. 3.3;1P.299/2005 14.12.2005 E. 1;2C_109/2017 E. 3.1;2C_539/2023 E. 5.3.3;2C_689/2022 E. 6.4;2C_734/2016 20.10.2016 E. 4.4.3;2C_734/2016 20.10.2016 E. 4.5.5;2C_828/2013 E. 5.4;2C_828/2013 E. 5.5.4;2C_857/2014 E. 5.4;4A_109/2008 16.04.2008 E. 4;4A_115/2020 E. 5.4;4A_125/2017 E. 4.2;4A_126/2021 E. 3.4;4A_127/2013 E. 6;4A_131/2017 E. 4.1;4A_131/2024 E. 3;4A_131/2024 E. 3.3.2;4A_152/2009 29.06.2009 E. 4,has_parents_but_none_in_same_query_gold
train,train_0841,Art. 31 OR,True,85,False,,1P.303/2004 23.09.2004 E. 3;2A.650/2006 30.05.2007 E. 2;4A_106/2012 25.06.2012 E. 2;4A_112/2013 E. 3;4A_166/2021 E. 4.3.2;4A_203/2017 E. 1;4A_297/2019 E. 5.3;4A_306/2018 E. 5.3.2;4A_340/2011 13.09.2011 E. 3;4A_343/2009 05.01.2010 E. A;4A_35/2020 E. B;4A_393/2018 E. 2.4.4;4A_398/2018 25.02.2019 E. 4.1;4A_398/2018 25.02.2019 E. 5.3;4A_464/2019 E. 3.2;4A_507/2023 E. 6.1;4A_524/2012 18.04.2013 E. 4;4A_533/2013 E. 5;4A_56/2008 08.10.2009 E. 8;4A_562/2010 03.05.2011 E. 4,has_parents_but_none_in_same_query_gold
train,train_0841,Art. 20 OR,True,200,False,,2A.230/1999 02.02.2000 E. 5.-;2A.399/2002 31.03.2003 E. 3;2A.425/2000 20.07.2001 E. 2;2C_1069/2015 E. 3.2;2C_1069/2015 E. 3.3;2C_12/2016 16.08.2016 E. 2.2.2;2C_16/2008 16.05.2008 E. 5;2C_17/2008 16.05.2008 E. 6;2C_390/2016 06.11.2017 E. 5.3.3;2C_529/2022 E. 4.6;2C_71/2010 22.09.2010 E. 1;2D_14/2024 E. 6.2.1;2D_14/2024 E. 6.2.2;4A_101/2011 06.09.2011 E. 2;4A_106/2012 25.06.2012 E. 1;4A_109/2018 E. 3;4A_131/2017 E. 4.1;4A_133/2012 28.06.2012 E. 2;4A_155/2015 E. 3;4A_155/2015 E. 3.3,has_parents_but_none_in_same_query_gold
train,train_0841,Art. 158 StGB,True,250,False,,1A.101/2000 18.07.2000 E. 4;1A.105/2000 18.07.2000 E. 4;1A.109/2000 18.07.2000 E. 3;1A.110/2000 18.07.2000 E. 5;1A.125/2006 10.08.2006 E. 2;1A.153/2004 07.09.2004 E. 4;1A.153/2004 07.09.2004 E. A;1A.153/2004 07.09.2004 E. B;1A.161/2005 12.07.2005 E. 2;1A.175/2004 25.11.2004 E. 2;1A.178/2006 19.01.2007 E. 2;1A.188/2005 24.10.2005 E. 2;1A.194/2005 18.08.2005 E. 3;1A.197/2000 21.07.2000 E. 2;1A.197/2000 21.07.2000 E. I;1A.199/2004 07.01.2005 E. 7;1A.24/2004 11.08.2004 E. 7;1A.247/1999 24.01.2000 E. 3;1A.257/2003 28.01.2004 E. 6;1A.268/2005 17.11.2005 E. 5,has_parents_but_none_in_same_query_gold
train,train_0841,Art. 26 OR,True,33,False,,1A.64/2005 25.05.2005 E. 3;4A_106/2020 E. 5.3;4A_192/2016 E. 6.2;4A_29/2022 E. 2.1;4A_29/2022 E. 2.5;4A_29/2022 E. 2.6.2;4A_343/2009 05.01.2010 E. 3;4A_398/2018 25.02.2019 E. 4.2;4A_461/2016 E. 3.4;4A_461/2016 E. 4.2;4A_461/2016 E. 4.3.1;4A_525/2009 15.03.2010 E. 3;4A_533/2013 E. 4.4;4A_87/2018 E. 5.4;4A_92/2021 E. 3.1;4A_97/2016 E. 2.5;4C.12/2002 14.05.2002 E. 4;4C.248/2006 03.10.2006 E. 2;4C.250/2006 03.10.2006 E. 2;4C.352/2002 21.02.2003 E. 6,has_parents_but_none_in_same_query_gold
train,train_0841,Art. 28 OR,True,147,False,,1B_41/2011 24.03.2011 E. 2.2;1C_19/2010 17.09.2010 E. 3;1P.126/2005 27.04.2005 E. 3;1P.126/2005 27.04.2005 E. 4;1P.126/2005 27.04.2005 E. 8;1P.126/2005 27.04.2005 E. D;1P.36/2002 29.04.2002 E. 1;1P.385/2006 17.11.2006 E. 5;1P.584/2006 22.12.2006 E. A;2A.621/2005 30.01.2006 E. 1;2A.621/2005 30.01.2006 E. 4;2C_122/2018 E. 4.1;2C_20/2021 19.11.2021 E. 1.4.2;2C_465/2012 29.10.2012 E. 2;2C_978/2012 04.05.2013 E. 5.2.2;4A_106/2008 15.05.2008 E. 6;4A_106/2020 E. 2.3.5;4A_106/2020 E. B;4A_112/2013 E. 3;4A_112/2013 E. 3.5,has_parents_but_none_in_same_query_gold
train,train_0841,Art. 419 Abs. 1 OR,True,2,False,,5C.66/2006 07.12.2006 E. 2;BGE 133 III 153 E. 21,has_parents_but_none_in_same_query_gold
train,train_0843,Art. 6 FINIG,True,2,False,,Art. 36a Abs. 1 FINIV;Art. 49a Abs. 1 FINIV,has_parents_but_none_in_same_query_gold
train,train_0844,Art. 144 StGB,True,89,False,,1B_121/2019 E. 3.3;1B_184/2012 27.08.2012 E. 4;1B_195/2016 E. A;1B_244/2017 E. 2.2;1B_248/2011 29.11.2011 E. 3;1B_254/2014 E. 3.1;1B_283/2016 E. 5.4;1B_293/2023 E. 2;1B_347/2022 E. 4.4;1B_365/2014 12.01.2015 E. 3;1B_418/2018 E. 2.7;1B_422/2018 E. 2.7;1B_432/2011 20.09.2012 E. 3;1B_432/2011 20.09.2012 E. 4;1B_435/2011 13.09.2011 E. 3;1B_553/2017 E. 3.4;1B_556/2019 E. 2.1;1B_579/2011 01.11.2011 E. 3;1B_80/2009 07.04.2009 E. 2;1B_95/2015 E. A,has_parents_but_none_in_same_query_gold
train,train_0844,Art. 17 JStPO,True,3,False,,6B_646/2016 E. 1.7.3;Art. 3 Abs. 2 JStPO;BGE 143 IV 49 E. 1.7.3,has_parents_but_none_in_same_query_gold
train,train_0845,Art. 212 ZPO,True,32,False,,1C_357/2025 E. A;4A_105/2016 E. 1.3;4A_105/2016 E. 3.2;4A_105/2016 E. 3.3;4A_105/2016 E. 3.4.1;4A_105/2016 E. 3.4.2;4A_105/2016 E. 3.4.3;4A_105/2016 E. 3.5;4A_105/2016 E. A;4A_184/2012 18.09.2012 E. 4;4A_191/2019 E. 1.3;4A_211/2022 E. 2.3;4A_332/2012 19.12.2012 E. 1;4A_416/2019 E. 3.2;4A_510/2014 E. 3.2;4A_556/2022 E. 1.2;4A_592/2013 E. 3.1;4D_29/2021 E. 1;4D_42/2021 E. 4.1;4D_42/2021 E. 4.2,has_parents_but_none_in_same_query_gold
train,train_0846,Art. 7 KGTG,True,2,True,Art. 2 Abs. 5 KGTG,Art. 2 Abs. 5 KGTG;Art. 24 Abs. 3 KGTV,parent_in_same_query_gold
train,train_0847,Art. 965 ZGB,True,14,False,,5A.14/2001 29.01.2002 E. 3;5A_341/2019 E. 5.4;5A_341/2019 E. 5.6.2;5A_383/2010 10.12.2010 E. 2;5A_454/2013 16.10.2013 E. 4.3;5A_614/2008 26.11.2008 E. 3;5A_614/2008 26.11.2008 E. 4;5A_803/2013 E. 2.2;BGE 121 III 97 E. 1b;BGE 121 III 97 E. 1c;BGE 135 III 103 E. 3.1;BGE 135 III 103 E. 4.4;BGE 147 III 1 E. 5.4;BGE 147 III 1 E. 5.6.2,has_parents_but_none_in_same_query_gold
train,train_0847,Art. 83 GBV,False,0,False,,,no_parent_edges_found
train,train_0849,Art. 251 StGB,True,302,False,,1A.144/2001 20.12.2001 E. 2;1A.153/2004 07.09.2004 E. 4;1A.155/2002 20.08.2002 E. 2;1A.199/2004 07.01.2005 E. 7;1A.199/2005 09.11.2005 E. 3;1A.199/2006 02.11.2006 E. 2;1A.244/2002 24.10.2003 E. 3;1A.31/2005 09.03.2005 E. 3;1A.31/2006 29.06.2006 E. 3;1A.35/2002 18.06.2002 E. 8;1A.47/2007 12.11.2007 E. 4;1A.49/2001 16.07.2001 E. 4;1A.49/2007 12.11.2007 E. 4;1A.63/2001 20.07.2001 E. 2;1A.9/2006 24.02.2006 E. 4;1B_144/2013 E. A;1B_15/2007 12.03.2007 E. 3;1B_191/2012 03.08.2012 E. A;1B_222/2012 19.07.2012 E. 1;1B_222/2012 19.07.2012 E. 2,has_parents_but_none_in_same_query_gold
train,train_0850,Art. 146 StGB,True,580,False,,1A.113/2001 04.09.2001 E. 3;1A.125/2006 10.08.2006 E. 2;1A.128/2000 11.05.2000 E. 4;1A.13/2001 29.05.2001 E. 3;1A.132/2005 04.07.2005 E. 2;1A.132/2005 04.07.2005 E. 5;1A.144/2001 20.12.2001 E. 2;1A.145/2002 13.11.2002 E. 2;1A.153/2004 07.09.2004 E. 4;1A.153/2004 07.09.2004 E. B;1A.154/2003 25.09.2003 E. 5;1A.155/2002 20.08.2002 E. 2;1A.167/2003 10.11.2003 E. 3;1A.175/2004 25.11.2004 E. 2;1A.177/2001 20.11.2001 E. 4;1A.182/2001 26.03.2002 E. 4;1A.185/2005 09.12.2005 E. 2;1A.186/2005 09.12.2005 E. 2.4;1A.188/2005 24.10.2005 E. 2;1A.194/2002 15.11.2002 E. 3,has_parents_but_none_in_same_query_gold
train,train_0851,Art. 47 StGB,True,529,False,,1B_199/2018 E. 5.2;1B_199/2020 E. 3.2;1B_322/2017 E. 2.2;1B_366/2010 22.11.2010 E. 5;1B_44/2009 16.03.2009 E. 5;1B_588/2011 23.02.2012 E. 8;1C_282/2011 27.09.2011 E. 2;1C_294/2011 25.10.2011 E. A;1C_4/2012 19.04.2012 E. 7;1C_61/2015 E. 2.4;2C_1157/2016 02.11.2017 E. 6.2;2C_188/2009 07.07.2009 E. 2;2C_298/2020 E. 11.1;2C_676/2010 15.04.2011 E. 3;2C_851/2011 15.08.2012 E. 3;2C_881/2019 E. 2.3;2D_49/2011 25.09.2012 E. 5.2;6B_1005/2017 E. 4.2.3;6B_1008/2010 08.09.2011 E. 5;6B_1021/2017 E. 2.1,has_parents_but_none_in_same_query_gold
train,train_0852,Art. 7 SVG,True,1,False,,Art. 10 Abs. 1 VTS,has_parents_but_none_in_same_query_gold
train,train_0855,Art. 62 ZPO,True,34,False,,4A_131/2012 28.08.2012 E. 3;4A_150/2013 E. 3.2;4A_169/2016 E. 8.4;4A_188/2015 E. 3.1;4A_188/2017 E. 1;4A_221/2015 E. 6.5;4A_230/2017 E. 2.4;4A_277/2020 E. 4;4A_306/2013 E. 2.2;4A_437/2021 E. 2.1.2;4A_592/2013 E. 3.2;4A_688/2011 17.04.2012 E. 4;4D_76/2024 E. 4.2.1;5A_14/2019 E. 3.1;5A_164/2023 E. 2.1.1;5A_184/2015 E. 4.3;5A_234/2023 E. 2.3;5A_243/2016 E. 6.3;5A_248/2023 E. 4.2;5A_351/2015 E. 2.2,has_parents_but_none_in_same_query_gold
train,train_0856,Art. 5 ChemG,True,2,True,Art. 50 Abs. 1 ChemG,Art. 5 Abs. 1 ChemV;Art. 50 Abs. 1 ChemG,parent_in_same_query_gold
train,train_0858,Art. 11a Abs. 2 DSG,True,2,False,,1C_214/2016 E. 4.2;BGE 143 I 253 E. 4.2,has_parents_but_none_in_same_query_gold
train,train_0858,Art. 3 DSG,True,31,False,,1A.225/2002 27.05.2003 E. 1;1C_214/2016 E. 4.4;1C_214/2016 E. 6.4;1C_230/2011 31.05.2012 E. 6;1C_285/2009 08.09.2010 E. 3;1C_394/2016 E. 4.2;1C_425/2020 E. 3.4.2;1C_50/2015 E. 5.2.1;1C_74/2015 E. 3.2;1C_93/2021 E. 4.3.3;2A.692/2006 01.02.2007 E. 4;2C_1065/2014 E. 6.1;2C_726/2018 E. 3.4;4A_125/2020 E. 3.1;4A_125/2020 E. 3.3;4A_125/2020 E. 3.4.1;4A_365/2017 E. 5.2.2;5C.166/2000 20.07.2001 E. 3;BGE 124 III 170 E. 3b;BGE 127 III 481 E. 3bb,has_parents_but_none_in_same_query_gold
train,train_0859,Art. 72 StGB,True,24,False,,1B_79/2007 27.11.2007 E. 4;1C_513/2010 11.03.2011 E. 6;5A_802/2024 E. 3.6;6B_108/2010 22.02.2011 E. 10.1;6B_181/2021 E. 4.6.2;6B_238/2013 E. 11.7.2;6B_238/2013 E. 12;6B_238/2013 E. 12.1;6B_238/2013 E. 12.1.1;6B_238/2013 E. 12.1.2;6B_238/2013 E. 9.1.1;6B_620/2013 E. A;6B_627/2007 11.08.2008 E. 4;6B_765/2020 E. 1.1.2;6B_785/2009 23.02.2010 E. 4;6B_871/2018 E. 2.1.2;6B_871/2018 E. 3.1.1;6B_879/2018 E. 3.1.2;6B_879/2018 E. 3.2.2;6B_89/2009 29.10.2009 E. 1.2,has_parents_but_none_in_same_query_gold
train,train_0860,Art. 11a Abs. 2 DSG,True,2,False,,1C_214/2016 E. 4.2;BGE 143 I 253 E. 4.2,has_parents_but_none_in_same_query_gold
train,train_0860,Art. 27 DSG,True,8,False,,1C_289/2009 02.11.2011 E. 7;1C_597/2020 E. 5.4;1C_598/2016 E. 8.3.6;2C_825/2019 E. A;Art. 20 Abs. 1 DSG;BGE 138 I 6 E. 3.3.3;BGE 138 I 6 E. 7.2;BGE 144 I 126 E. 14.3,has_parents_but_none_in_same_query_gold
train,train_0860,Art. 27 Abs. 4 DSG,True,7,False,,1C_289/2009 02.11.2011 E. 3;1C_289/2009 02.11.2011 E. 7;1C_598/2016 E. 8.3.6;2C_825/2019 E. 1.2;BGE 138 I 6 E. 3.3.3;BGE 138 I 6 E. 7.4;BGE 144 I 126 E. 14.3,has_parents_but_none_in_same_query_gold
train,train_0860,Art. 27 Abs. 5 DSG,True,2,False,,2C_825/2019 E. 1.2;2C_825/2019 E. B,has_parents_but_none_in_same_query_gold
train,train_0860,Art. 5 VwVG,True,1129,False,,12T_3/2021 E. 3;12T_3/2021 E. 4;1A.1/2000 08.05.2000 E. 2.-;1A.10/2004 18.10.2004 E. 2;1A.101/2001 13.08.2001 E. 1;1A.104/1999 05.04.2000 E. 1;1A.104/2001 15.03.2002 E. 1;1A.109/2006 05.10.2006 E. 1;1A.11/2005 06.07.2005 E. 1;1A.110/2003 28.10.2003 E. 1;1A.112/2006 19.09.2006 E. 1;1A.113/1999 26.05.2000 E. 1;1A.114/2001 14.03.2002 E. 1;1A.114/2005 12.09.2005 E. 1;1A.115/2001 08.10.2001 E. 2;1A.115/2003 23.02.2004 E. 1;1A.12/2004 30.09.2004 E. 1;1A.123/2002 22.10.2002 E. 1;1A.123/2002 22.10.2002 E. 1.6;1A.123/2005 10.11.2005 E. 1,has_parents_but_none_in_same_query_gold
train,train_0861,Art. 221 StPO,True,365,False,,1B_1/2023 E. 6.2;1B_100/2018 E. 3.1;1B_101/2018 E. 2.2;1B_101/2021 E. 2;1B_102/2011 22.03.2011 E. 2;1B_104/2016 E. 2;1B_104/2018 E. 2.1;1B_106/2021 E. 2.2;1B_106/2022 E. 3;1B_114/2017 E. 2.1;1B_116/2019 E. 2.2;1B_118/2023 E. 2;1B_12/2013 01.02.2013 E. 7;1B_123/2014 E. 5;1B_124/2023 E. 2;1B_124/2023 E. 3;1B_125/2020 E. 2;1B_126/2011 06.04.2011 E. 2;1B_129/2015 E. 2;1B_129/2015 E. 3.1,has_parents_but_none_in_same_query_gold
train,train_0863,Art. 26 BankG,True,16,True,Art. 25 Abs. 1 BankG,2C_127/2010 15.07.2011 E. 2.2;2C_127/2010 15.07.2011 E. 4.3;2C_136/2019 E. 3.2;2C_829/2013 E. 3.3;2C_829/2013 E. 4.2;2C_858/2017 E. 3.2;Art. 11 Abs. 2 InsV-FINMA;Art. 25 Abs. 1 BankG;Art. 41 Abs. 3 BIV-FINMA;BGE 137 II 431 E. 10.2.3;BGE 137 II 431 E. 2.2.1;BGE 137 II 431 E. 2.2.2;BGE 137 II 431 E. 2.2.2g;BGE 137 II 431 E. 2.2.3;BGE 137 II 431 E. 2.2.4b;BGE 137 II 431 E. 4.4,parent_in_same_query_gold
train,train_0868,Art. 215 ZGB,True,30,False,,2C_1019/2012 E. 4.1;2C_1120/2014 25.05.2016 E. 4.3;5A_104/2012 11.05.2012 E. 3;5A_175/2018 E. 4.1;5A_187/2021 E. 4.4.3;5A_330/2013 E. 3.4.2;5A_377/2010 04.10.2010 E. 4;5A_449/2008 15.09.2008 E. 3;5A_51/2014 E. 2.5;5A_539/2011 19.12.2011 E. 4;5A_539/2017 E. 4.1;5A_605/2008 28.01.2009 E. 3;5A_605/2008 28.01.2009 E. 6;5A_61/2013 04.07.2013 E. 5.4;5A_618/2012 E. 6.4.3;5A_739/2014 E. 4.3.2;5A_907/2019 E. 4.1.2;5C.114/2003 04.12.2003 E. 3.2;5C.224/2006 14.06.2007 E. 4;5C.244/2006 13.04.2007 E. 2,has_parents_but_none_in_same_query_gold
train,train_0869,Art. 179 StGB,True,24,False,,1B_316/2012 31.07.2012 E. A;1C_355/2012 30.08.2012 E. 2;1C_355/2012 30.08.2012 E. 4;1C_500/2015 E. 8.1;1C_500/2015 E. 8.2;1C_587/2021 E. 3.1;1C_587/2021 E. 3.4.1;5A_194/2016 E. 3.4.1;5A_313/2013 E. 3.2;6B_1025/2023 E. 3.1;6B_1073/2014 E. 1.3;6B_1168/2022 E. 5;6B_1391/2016 E. 4.1;6B_1391/2016 E. 4.3;6B_182/2018 E. 4;6B_225/2008 07.10.2008 E. 2;6B_326/2008 08.10.2008 E. A;6B_615/2014 E. 3.2;6B_615/2014 E. 4.3;6B_615/2014 E. 5,has_parents_but_none_in_same_query_gold
train,train_0869,Art. 138 StGB,True,198,False,,1A.125/2006 10.08.2006 E. 2;1A.153/2004 07.09.2004 E. 4;1A.153/2004 07.09.2004 E. B;1A.161/2005 12.07.2005 E. 2;1A.177/2001 20.11.2001 E. 4;1A.188/2005 24.10.2005 E. 2;1A.194/2005 18.08.2005 E. 3;1A.197/2000 21.07.2000 E. 2;1A.197/2000 21.07.2000 E. I;1A.199/2004 07.01.2005 E. 7;1A.273/2003 14.04.2004 E. 2;1A.288/2005 22.12.2005 E. 2;1A.54/2000 03.05.2000 E. 5;1A.7/2007 03.07.2007 E. 6;1A.80/2006 30.06.2006 E. 3;1B_121/2019 E. 3.4;1B_144/2018 E. 3.2;1B_144/2018 E. 3.4;1B_144/2018 E. 3.5;1B_144/2018 E. 3.7,has_parents_but_none_in_same_query_gold
train,train_0871,Art. 21 IPRG,True,3,False,,2C_409/2009 15.01.2010 E. 3;4A_146/2010 02.06.2010 E. 4;4C.373/2004 27.01.2005 E. 2,has_parents_but_none_in_same_query_gold
train,train_0871,Art. 149c IPRG,True,1,False,,4A_329/2013 E. 3,has_parents_but_none_in_same_query_gold
train,train_0873,Art. 91 SVG,True,46,False,,1B_432/2011 20.09.2012 E. 4;1C_147/2018 E. 5.2;1C_171/2015 E. 3.4;1C_67/2014 E. A;6A.98/2001 03.10.2002 E. 1;6B_1042/2016 E. 1.2;6B_1387/2016 E. 2.2;6B_139/2022 E. B;6B_1421/2021 E. 2.3.2;6B_222/2018 E. 2.4.2;6B_229/2012 05.11.2012 E. 4;6B_244/2011 20.06.2011 E. 3;6B_26/2016 E. 3.2;6B_26/2016 E. 4.4;6B_282/2021 E. 3.3.3;6B_282/2021 E. 3.4;6B_282/2021 E. 7.1;6B_282/2021 E. 7.3.1;6B_360/2016 01.06.2017 E. 4.8;6B_370/2024 E. 2.3.2,has_parents_but_none_in_same_query_gold
train,train_0874,Art. 91a SVG,True,72,False,,1C_328/2013 E. 4.2;6B_1007/2018 E. 1.4.1;6B_1139/2020 E. 2.4;6B_1339/2019 E. 2.3;6B_1339/2019 E. 2.4;6B_137/2019 E. 1.1;6B_138/2024 E. 3.3;6B_190/2013 E. 1.1;6B_190/2013 E. 1.3;6B_190/2013 E. 1.4;6B_190/2013 E. 1.5;6B_196/2010 20.04.2010 E. 1.3;6B_229/2012 05.11.2012 E. 1;6B_229/2012 05.11.2012 E. 2;6B_229/2012 05.11.2012 E. 4;6B_244/2011 20.06.2011 E. 3;6B_303/2017 E. 8.4;6B_307/2017 E. 1.3.2;6B_370/2024 E. 2.3.2;6B_370/2024 E. 2.3.3,has_parents_but_none_in_same_query_gold
train,train_0874,Art. 91 SVG,True,46,False,,1B_432/2011 20.09.2012 E. 4;1C_147/2018 E. 5.2;1C_171/2015 E. 3.4;1C_67/2014 E. A;6A.98/2001 03.10.2002 E. 1;6B_1042/2016 E. 1.2;6B_1387/2016 E. 2.2;6B_139/2022 E. B;6B_1421/2021 E. 2.3.2;6B_222/2018 E. 2.4.2;6B_229/2012 05.11.2012 E. 4;6B_244/2011 20.06.2011 E. 3;6B_26/2016 E. 3.2;6B_26/2016 E. 4.4;6B_282/2021 E. 3.3.3;6B_282/2021 E. 3.4;6B_282/2021 E. 7.1;6B_282/2021 E. 7.3.1;6B_360/2016 01.06.2017 E. 4.8;6B_370/2024 E. 2.3.2,has_parents_but_none_in_same_query_gold
train,train_0875,Art. 37m BankG,False,0,False,,,no_parent_edges_found
train,train_0876,Art. 190 StGB,True,183,False,,1A.55/2000 30.06.2000 E. 3;1B_106/2014 E. 2.1;1B_194/2015 E. 3;1B_288/2022 E. 2;1B_578/2012 18.10.2012 E. 3;1B_642/2021 E. 4.2;1C_418/2012 07.01.2013 E. 2;1C_493/2020 E. 3.1;1P.228/2005 20.04.2005 E. 3;1P.288/2000 08.08.2000 E. A;1P.408/2003 30.10.2003 E. 5;1P.42/2000 15.02.2000 E. A;1P.567/2003 13.10.2003 E. 2;2C_1067/2019 E. 2.3.2;2C_114/2019 E. 5.1.2;6B_1027/2021 E. 2.3;6B_1037/2021 E. 3.3;6B_1037/2021 E. 6.2.1;6B_1037/2021 E. 6.3.1;6B_1050/2023 E. 3.3.2,has_parents_but_none_in_same_query_gold
train,train_0877,Art. 1 Abs. 2 LugÜ,False,0,False,,,no_parent_edges_found
train,train_0881,Art. 25 BankG,True,26,False,,2A.749/2005 25.04.2006 E. 7;2C_101/2011 21.09.2011 E. 4.1;2C_127/2010 15.07.2011 E. 2.2;2C_127/2010 15.07.2011 E. 4.3;2C_136/2019 E. 3.2;2C_829/2013 E. 3.2;2C_829/2013 E. 3.3;2C_829/2013 E. 4.1;2C_829/2013 E. 4.2;2C_829/2013 E. 4.3;2C_829/2013 E. 4.4.1;2C_829/2013 E. 4.4.2;2C_829/2013 E. 4.4.3;2C_829/2013 E. A;2C_858/2017 E. 3.2;6B_1340/2017 E. 1.2;6B_150/2017 E. 7.5;6B_562/2021 E. 3.4.7;Art. 25a Abs. 2 LiqV;BGE 132 II 382 E. 7.3.1,has_parents_but_none_in_same_query_gold
train,train_0883,Art. 16a RPG,True,137,False,,1A.110/2001 04.12.2001 E. 4.3;1A.130/2000 16.11.2000 E. 4;1A.134/2002 17.07.2003 E. 2;1A.184/2006 15.02.2007 E. 2;1A.184/2006 15.02.2007 E. 3;1A.184/2006 15.02.2007 E. 5;1A.19/2001 22.08.2001 E. 3;1A.226/2003 27.05.2004 E. 2;1A.226/2003 27.05.2004 E. 3;1A.226/2003 27.05.2004 E. 4;1A.226/2003 27.05.2004 E. 6;1A.237/2006 07.09.2007 E. 4;1A.237/2006 07.09.2007 E. 7;1A.312/2005 27.09.2006 E. 3;1A.312/2005 27.09.2006 E. 3.3;1A.40/2005 07.09.2005 E. 4;1A.64/2006 07.11.2006 E. 2;1A.64/2006 07.11.2006 E. 5;1A.78/2006 01.12.2006 E. 2;1A.78/2006 01.12.2006 E. 3.1,has_parents_but_none_in_same_query_gold
train,train_0883,Art. 2 RPG,True,65,False,,1A.115/2003 23.02.2004 E. 2;1A.116/2002 17.11.2003 E. 4;1A.230/2000 28.08.2001 E. 2;1A.230/2005 04.04.2006 E. 4;1A.280/2004 27.10.2005 E. 3;1A.62/2001 24.10.2001 E. 6;1A.65/2006 18.05.2007 E. 5;1A.73/2002 06.10.2003 E. 4;1C_108/2018 E. 4.4;1C_124/2020 E. 3.1;1C_137/2009 07.09.2009 E. 4;1C_139/2017 E. 5.1;1C_141/2021 E. 3.4;1C_145/2008 03.07.2008 E. 3;1C_166/2010 16.09.2010 E. 2;1C_181/2019 E. 11.4;1C_188/2007 01.04.2009 E. 2;1C_212/2024 E. 4.2;1C_22/2020 E. 5.1;1C_262/2024 E. 4.3,has_parents_but_none_in_same_query_gold
train,train_0883,Art. 24c RPG,True,469,True,Art. 41 Abs. 1 RPV,1A.10/2004 18.10.2004 E. 2;1A.10/2004 18.10.2004 E. 3;1A.110/2001 04.12.2001 E. 5.3;1A.110/2001 04.12.2001 E. 5.4;1A.110/2001 04.12.2001 E. 8.1;1A.110/2001 04.12.2001 E. D;1A.119/2004 06.07.2004 E. 1;1A.120/2006 12.02.2007 E. 3;1A.134/2002 17.07.2003 E. 4;1A.134/2002 17.07.2003 E. 5;1A.151/2002 22.01.2003 E. 3;1A.16/2006 26.07.2006 E. 1;1A.161/2002 03.04.2003 E. 4;1A.161/2002 03.04.2003 E. 5;1A.161/2002 03.04.2003 E. 7;1A.17/2004 19.05.2004 E. 2;1A.175/2000 30.10.2000 E. 1;1A.175/2000 30.10.2000 E. 3;1A.176/2002 28.07.2003 E. 1;1A.176/2002 28.07.2003 E. 3,parent_in_same_query_gold
train,train_0885,Art. 321a OR,True,78,False,,2C_1067/2017 E. 3.4.2;2C_265/2009 01.09.2009 E. 3;2C_272/2011 05.12.2011 E. 3.3;2C_708/2012 E. 4.3;2C_88/2011 03.10.2011 E. 2;2C_989/2019 E. 1.1;4A_109/2021 E. 5.4;4A_115/2022 E. 4.3;4A_169/2016 E. 6.2;4A_173/2009 03.07.2009 E. 3;4A_173/2009 03.07.2009 E. B;4A_249/2019 E. 4.3.3;4A_260/2013 E. 4.4.3;4A_28/2009 26.03.2009 E. 3;4A_283/2010 11.08.2010 E. 2;4A_291/2008 02.12.2008 E. 4;4A_353/2024 E. 2.3;4A_370/2016 E. 2.3;4A_377/2019 E. 2.1;4A_381/2019 E. 3.2,has_parents_but_none_in_same_query_gold
train,train_0886,Art. 52 ATSG,True,171,False,,2C_596/2012 19.03.2013 E. 2;5A_547/2015 E. 2.5;7B.200/2005 28.11.2005 E. 1;7B.240/2004 14.01.2005 E. 3;8C_1036/2012 21.05.2013 E. 3;8C_1078/2009 08.06.2010 E. 4;8C_121/2009 26.06.2009 E. 3;8C_127/2016 E. 3.2.1;8C_13/2007 28.01.2008 E. 3;8C_132/2020 E. 4.1;8C_192/2008 08.04.2009 E. 4;8C_217/2021 E. 3.3;8C_228/2017 E. 4.1.2;8C_244/2022 E. 3.3;8C_259/2015 E. 2.3;8C_259/2015 E. 2.4;8C_259/2015 E. 4.1;8C_259/2015 E. 4.6;8C_260/2016 E. 8;8C_28/2011 26.05.2011 E. 2,has_parents_but_none_in_same_query_gold
train,train_0888,Art. 12 BüG,False,0,False,,,no_parent_edges_found
train,train_0888,Art. 9 BüG,False,0,False,,,no_parent_edges_found
train,train_0889,Art. 934 ZGB,True,13,False,,5A_372/2012 E. 3.2.1;5A_372/2012 E. 4.1;5A_962/2017 E. 4;5P.451/2001 11.02.2002 E. 2;6B_57/2021 E. 4.2.2;6B_602/2020 29.03.2023 E. 3.1;6B_977/2019 E. 1.4;7B_329/2024 E. 1.1.3;7B_36/2023 E. 1.1;7B_38/2023 E. 1.1;BGE 139 III 305 E. 20;BGE 139 III 305 E. 3;BGE 139 III 305 E. 3.2.1,has_parents_but_none_in_same_query_gold
train,train_0889,Art. 936 ZGB,True,12,False,,5A_372/2012 E. 3;5A_372/2012 E. 3.2.2;5A_372/2012 E. 4.1;5A_372/2012 E. 4.2;5A_669/2010 07.03.2011 E. 2;5A_669/2010 07.03.2011 E. 3;5C.123/2002 07.08.2002 E. 2;6S.482/2002 09.01.2004 E. 2;BGE 139 III 305 E. 20;BGE 139 III 305 E. 3;BGE 139 III 305 E. 3.2.2;BGE 139 III 305 E. 4.2,has_parents_but_none_in_same_query_gold
train,train_0890,Art. 321 StGB,True,174,True,Art. 166 Abs. 1 ZPO,1A.104/1999 05.04.2000 E. 3;1A.153/2003 11.02.2004 E. 2;1A.182/2001 26.03.2002 E. 6;1A.207/2000 17.11.2000 E. 2;1A.59/2004 16.07.2004 E. 3;1B_101/2008 28.10.2008 E. 4;1B_101/2008 28.10.2008 E. 4.4;1B_120/2018 29.05.2018 E. 5.3;1B_158/2012 15.10.2012 E. 1.2;1B_226/2014 E. 2.3;1B_231/2015 E. 2.3;1B_286/2022 E. 4.4;1B_286/2022 E. 4.5;1B_316/2015 E. 2.2;1B_330/2014 E. 4.4;1B_34/2011 16.02.2011 E. A;1B_36/2016 E. 6.2.1;1B_435/2021 E. 4.2.1;1B_500/2022 E. 2.1.3;1B_516/2011 17.11.2011 E. 2,parent_in_same_query_gold
train,train_0890,Art. 168 Abs. 1 ZPO,True,43,False,,1C_559/2022 28.10.2024 E. 5.3.5;1C_57/2024 23.10.2025 E. 5.4.2;4A_178/2015 E. 2.5.1;4A_178/2015 E. 2.5.3;4A_178/2015 E. 2.6;4A_200/2023 E. 3.3.2;4A_247/2020 E. 5.2;4A_265/2020 E. 3.1;4A_265/2020 E. 8.3.2;4A_267/2020 E. 3.1;4A_267/2020 E. 7.3.4;4A_299/2017 E. 4.1;4A_368/2024 E. 5.1.2;4A_497/2018 E. 3.3.2;4A_544/2017 E. 4.1;4A_544/2017 E. 4.3;4A_558/2015 E. 4;4A_571/2016 E. 3;4A_571/2016 E. 3.2;4A_58/2025 E. 3.2,has_parents_but_none_in_same_query_gold
train,train_0891,Art. 45 IPRG,True,10,False,,2C_568/2024 E. 6.3.1;5A_199/2014 E. 4;5A_863/2024 E. 3.2.1;5A_863/2024 E. 4.2;5A_863/2024 E. 4.4;5A_863/2024 E. 4.5;5A_863/2024 E. 4.6;5A_863/2024 E. 4.7;5A_863/2024 E. 4.8;BGE 141 III 1 E. 4,has_parents_but_none_in_same_query_gold
train,train_0891,Art. 27 IPRG,True,47,True,Art. 25 IPRG,2A.655/2004 11.04.2005 E. 2;2C_1000/2012 21.02.2013 E. 4;2C_209/2010 04.10.2010 E. 3;2C_568/2024 E. 6.3.1;4A_203/2014 E. 3.1;4A_203/2014 E. 4.3;4A_390/2024 E. 3.2;4A_461/2019 E. 4.2;4A_8/2008 05.06.2008 E. 3;4P.97/2006 20.07.2007 E. 3;5A.20/2005 21.12.2005 E. 3;5A_138/2020 E. 3;5A_185/2013 12.03.2013 E. 1;5A_199/2014 E. 2;5A_225/2008 23.04.2008 E. 1;5A_415/2011 21.09.2011 E. 2;5A_458/2023 E. 4;5A_519/2008 E. 5.1;5A_528/2020 E. 5;5A_544/2007 04.02.2008 E. 3,parent_in_same_query_gold
train,train_0891,Art. 25 Abs. 1 IPRG,False,0,False,,,no_parent_edges_found
train,train_0891,Art. 2 Abs. 1 LugÜ,False,0,False,,,no_parent_edges_found
train,train_0891,Art. 5 LugÜ,False,0,False,,,no_parent_edges_found
train,train_0891,Art. 83 IPRG,True,12,True,Art. 63 Abs. 2 IPRG,5A_164/2024 E. 3;5A_384/2007 03.10.2007 E. 4;5A_48/2017 25.09.2017 E. 5.4;5A_573/2007 06.12.2007 E. 5;5A_591/2021 12.12.2022 E. 3.1;5A_736/2007 20.03.2008 E. 3;5A_99/2009 15.04.2009 E. 2.2;5D_164/2015 E. 5;Art. 62 Abs. 3 IPRG;Art. 63 Abs. 2 IPRG;Art. 64 Abs. 2 IPRG;BGE 149 III 81 E. 3.1,parent_in_same_query_gold
train,train_0891,Art. 85 IPRG,True,53,True,Art. 63 Abs. 1 IPRG;Art. 63 Abs. 2 IPRG,5A.32/2006 02.11.2006 E. 1;5A_151/2017 E. 2.2;5A_151/2017 E. 2.3;5A_151/2017 E. 2.4;5A_202/2015 E. 2.1;5A_221/2011 31.10.2011 E. 5;5A_226/2021 E. 3.4.1;5A_226/2021 E. 3.5;5A_236/2016 15.01.2018 E. 3.1.2;5A_291/2012 15.08.2012 E. 2;5A_293/2016 E. 4.2;5A_32/2021 E. 7.4.4;5A_366/2025 E. 4.2;5A_424/2025 E. 3.1;5A_440/2019 E. 3.1;5A_469/2009 26.10.2009 E. 4;5A_513/2016 E. 2.3;5A_545/2020 E. 8.6;5A_573/2007 06.12.2007 E. 5;5A_591/2021 12.12.2022 E. 2.4.1,parent_in_same_query_gold
train,train_0891,Art. 10 HKsÜ,False,0,False,,,no_parent_edges_found
train,train_0891,Art. 15 Abs. 1 HKsÜ,False,0,False,,,no_parent_edges_found
train,train_0891,Art. 37 IPRG,True,10,True,Art. 63 Abs. 2 IPRG,5A_197/2007 31.08.2007 E. 3;5A_32/2021 E. 7.4.4;5A_545/2020 E. 7.5;5A_712/2009 25.01.2010 E. 2;Art. 40a IPRG;Art. 63 Abs. 2 IPRG;Art. 64 Abs. 2 IPRG;Art. 79 Abs. 2 IPRG;Art. 82 Abs. 3 IPRG;BGE 148 III 384 E. 7.4.4,parent_in_same_query_gold
train,train_0892,Art. 97 OR,True,141,False,,1C_26/2008 18.06.2008 E. 2;2C_390/2016 06.11.2017 E. 5.3.1;2C_476/2025 E. 2.7;2C_574/2021 E. 4.3.1;4A_141/2022 E. 2;4A_148/2021 E. 4.4;4A_16/2012 02.05.2012 E. 4;4A_163/2021 E. 5;4A_187/2021 E. 3.1.1;4A_189/2012 02.10.2012 E. 5;4A_2/2020 E. 3.1;4A_2/2020 E. 3.4.5;4A_202/2019 E. 4.3;4A_216/2016 E. 3;4A_216/2016 E. 3.2;4A_217/2018 E. 4.4;4A_218/2021 E. 3.1.1;4A_232/2019 E. 3.4.2;4A_234/2014 E. 3.2;4A_237/2023 E. 5.4.2,has_parents_but_none_in_same_query_gold
train,train_0893,Art. 137 Abs. 3 WRV,False,0,False,,,no_parent_edges_found
train,train_0894,Art. 46 ERV,False,0,False,,,no_parent_edges_found
train,train_0896,Art. 59 StGB,True,1463,True,Art. 19 Abs. 2 StPO;Art. 64 Abs. 1 StGB;Art. 82 Abs. 1 StPO,1A.36/2004 24.05.2004 E. 4;1A.70/2003 08.09.2003 E. 5;1B_10/2010 02.02.2010 E.;1B_10/2010 02.02.2010 E. 1;1B_10/2010 02.02.2010 E. 4;1B_10/2010 02.02.2010 E. B;1B_100/2009 20.05.2009 E. 3.2;1B_102/2010 28.04.2010 E. 2.3;1B_102/2010 28.04.2010 E. B;1B_109/2008 06.05.2008 E. 1;1B_110/2023 E. 4.1;1B_113/2018 E. 1;1B_116/2014 E. 1.1;1B_117/2014 E. 2.2.2;1B_117/2019 E. 1;1B_121/2020 E. A;1B_125/2023 E. 3.3;1B_125/2023 E. 4.1;1B_126/2013 E. 1.1;1B_131/2014 E. 1,parent_in_same_query_gold
train,train_0896,Art. 64 StGB,True,316,False,,1A.134/2001 11.12.2001 E. 5;1B_10/2010 02.02.2010 E. 2;1B_110/2008 26.05.2008 E. 2;1B_124/2017 E. A;1B_151/2010 02.06.2010 E. 4;1B_247/2023 E. 1.1;1B_257/2017 E. 1;1B_270/2017 E. C;1B_283/2016 E. 5.4;1B_283/2016 E. A;1B_29/2021 E. 1;1B_332/2018 E. 4.2;1B_332/2018 E. A;1B_353/2021 E. 4.3;1B_36/2021 E. 3;1B_370/2020 E. 2.2;1B_4/2010 21.01.2010 E. B;1B_443/2016 E. 4.1;1B_486/2018 E. A;1B_528/2020 E. 3.4,has_parents_but_none_in_same_query_gold
train,train_0896,Art. 65 StGB,True,86,False,,1A.134/2001 11.12.2001 E. 5;1A.194/2005 18.08.2005 E. 3;1B_136/2013 22.04.2013 E. 3;1B_370/2020 E. 2.2;1B_4/2010 21.01.2010 E. 3;1B_548/2017 E. 3.1;1P.615/2001 15.10.2001 E. 4;1P.617/2001 15.10.2001 E. 4;1P.627/2002 04.03.2003 E. 3;1P.690/2004 14.12.2004 E. 2;1P.857/2005 13.01.2006 E. 4;5A_407/2019 E. 8.2;6B_1027/2021 E. 2.3;6B_1098/2018 E. 1.7;6B_1107/2021 E. 3.4;6B_160/2010 01.06.2010 E. 1;6B_171/2016 E. 2.1;6B_171/2016 E. 2.3;6B_171/2016 E. 2.8;6B_237/2019 E. 2.4,has_parents_but_none_in_same_query_gold
train,train_0896,Art. 76 StGB,True,7,False,,1B_34/2022 E. 3.5;1B_4/2008 29.01.2008 E. 2;1B_69/2016 E. 3.2;6B_708/2015 E. 2.4.4;6B_957/2018 E. B;7B_112/2024 E. 4.3;BGE 142 IV 1 E. 2.4.4,has_parents_but_none_in_same_query_gold
train,train_0897,Art. 19 URG,True,51,False,,2C_580/2012 13.11.2012 E. 2;2C_685/2016 13.12.2017 E. 5.3.2;4A_203/2015 E. 3;4A_203/2015 E. 3.1;4A_203/2015 E. 3.4.1;4A_295/2014 E. 3;4A_295/2014 E. 3.2;4A_295/2014 E. 3.4.1;4A_295/2014 E. 3.4.3;4A_295/2014 E. 3.4.4;4A_295/2014 E. 3.5.2;4A_295/2014 E. 3.5.3;4A_295/2014 E. 3.6.2;4A_295/2014 E. 3.6.3;4A_295/2014 E. 3.6.4;4A_295/2014 E. 3.6.5;4A_433/2018 E. 2.2.2;4A_433/2018 E. 2.3.2;4A_522/2007 15.02.2008 E. 2;4C.73/2007 26.06.2007 E. 2,has_parents_but_none_in_same_query_gold
train,train_0898,Art. 16 BV,True,273,False,,1A.220/2006 16.03.2007 E. 1;1A.220/2006 16.03.2007 E. 4;1B_103/2014 E. 2.1;1B_134/2011 14.07.2011 E. 4;1B_169/2015 06.11.2015 E. 3.1;1B_196/2010 18.11.2010 E. 4;1B_26/2009 02.03.2009 E. 3;1B_26/2009 02.03.2009 E. B;1B_26/2014 E. 4;1B_285/2020 E. 4.4.1;1B_292/2010 23.12.2010 E. 1;1B_349/2016 22.02.2017 E. 2.1;1B_349/2016 22.02.2017 E. 3;1B_349/2016 22.02.2017 E. 3.1;1B_502/2011 05.10.2011 E. 8;1B_77/2008 15.07.2008 E. 2;1C_122/2015 E. 2.1;1C_129/2016 E. 2.1;1C_137/2018 27.11.2018 E. 4.5;1C_137/2018 27.11.2018 E. 6.1,has_parents_but_none_in_same_query_gold
train,train_0898,Art. 36 BV,True,1471,False,,1A.104/1999 05.04.2000 E. 6;1A.129/2002 09.04.2003 E. 3;1A.151/2001 16.07.2002 E. 5;1A.159/2005 20.02.2006 E. 2;1A.162/2002 10.12.2002 E. 3;1A.198/2002 21.08.2003 E. 3;1A.212/2006 31.05.2007 E. 4;1A.219/2005 28.02.2006 E. 2;1A.219/2005 28.02.2006 E. 3;1A.220/2006 16.03.2007 E. 4;1A.240/2002 13.05.2003 E. 2;1A.244/2000 08.11.2001 E. 8;1A.65/2002 30.07.2002 E. 8;1A.73/1999 07.06.2000 E. 2;1B_10/2008 30.01.2008 E. 5;1B_102/2011 22.03.2011 E. 2;1B_103/2014 E. 2.2;1B_103/2018 E. 2.3;1B_11/2022 E. 3.2;1B_11/2022 E. 3.4,has_parents_but_none_in_same_query_gold
train,train_0899,Art. 63 DBG,True,19,False,,2C_1168/2016 E. 2.1;2C_1218/2013 E. 5.3;2C_243/2012 12.07.2012 E. 2;2C_252/2014 12.02.2016 E. 4.3;2C_392/2009 23.08.2010 E. 2;2C_426/2019 E. 2.3.1;2C_426/2019 E. 2.3.3;2C_478/2011 10.11.2011 E. 2;2C_553/2007 29.09.2008 E. 2;2C_797/2018 28.03.2019 E. 2.1;2C_843/2012 20.12.2012 E. 3;2C_945/2011 12.10.2012 E. 2;2C_945/2011 12.10.2012 E. 3;9C_219/2024 E. 2.3;9C_625/2023 E. 3.1;9C_625/2023 E. 4.3.1;9C_625/2023 E. 4.3.2;9C_98/2025 E. 3.2.2;BGE 141 II 83 E. 5.3,has_parents_but_none_in_same_query_gold
train,train_0902,Art. 3 AsylG,True,32,True,Art. 54 AsylG,1A.267/2005 14.12.2005 E. 3;1C_195/2012 15.10.2012 E. 7;1C_218/2014 E. 3.1;1C_314/2014 E. 6.1;1C_314/2014 E. 6.2;1C_354/2017 E. 3.1;1C_390/2012 E. 2;2A.280/1999 09.08.2000 E. 3;2A.548/2003 26.11.2003 E. 2;2C_214/2013 E. 3.2;2C_278/2021 E. 2.3;2C_315/2018 E. 2.2.3;2C_588/2019 E. 5.1;2C_766/2019 E. 7.1;5A_824/2014 E. 2;6B_1471/2021 E. 3.3.3;6B_2/2008 13.10.2008 E. 3;6B_2/2023 E. 1.4.3;6S.353/2005 08.12.2005 E. 3.4;8C_1031/2009 22.12.2010 E. 2,parent_in_same_query_gold
train,train_0902,Art. 83 AIG,True,19,False,,2C_116/2019 E. 2.2;2C_163/2020 E. 4.2;2C_392/2023 E. 3.3;2C_45/2021 E. 1.2;2C_487/2020 E. 5.2.4;2C_490/2019 E. 5.1;2C_670/2023 E. 2.2;2C_670/2023 E. 3.1;2C_685/2021 E. 2.3;2C_695/2022 E. 6;2C_891/2021 E. 1.4;6B_1024/2019 E. 1.3.5;6B_1471/2021 E. 2.4.3;6B_494/2025 E. 5.4;6B_743/2025 E. 6;Art. 1 Abs. 2 KVV;Art. 36 Abs. 6 VZAE;Art. 41 Abs. 2 AIG;Art. 65 Abs. 3 AIG,has_parents_but_none_in_same_query_gold
train,train_0903,Art. 71 VwVG,True,23,False,,12T_1/2022 E. 2.1;12T_2/2022 E. 3.1;1C_37/2019 E. 4.1;1C_377/2019 E. 6.2.1;2A.92/2006 09.03.2006 E. 1;2A.92/2006 09.03.2006 E. 2.2;2C.3/2005 10.01.2007 E. 6;2C_119/2013 E. 2.3;2C_175/2009 13.07.2009 E. 2;2C_181/2023 E. 2.3;2C_181/2023 E. 2.4;2C_255/2013 E. 4.7;2C_61/2010 26.08.2010 E. 2;6B_1058/2009 15.03.2010 E. 4;9C_520/2013 E. 4.2;9C_707/2009 18.12.2009 E. 2;BGE 124 II 383 E. 1;BGE 136 II 457 E. 3.1;BGE 139 II 279 E. 2.3;BGE 139 V 492 E. 4.2,has_parents_but_none_in_same_query_gold
train,train_0904,Art. 732 ZGB,True,25,False,,1A.14/2006 18.08.2006 E. 2;2C_719/2017 E. 2.5.1;5A_171/2008 13.05.2008 E. 3;5A_28/2021 E. 3.4.1;5A_341/2019 E. 5.6.1;5A_341/2019 E. 5.6.6;5A_412/2009 27.10.2009 E. 5;5A_458/2019 E. 3.3;5A_593/2012 01.11.2012 E. 2;5A_69/2018 E. 2.4.3;5A_858/2010 04.03.2011 E. 4;5C.176/2004 10.03.2005 E. 1;5C.176/2004 10.03.2005 E. 2;5C.270/2000 12.04.2001 E. 2;5C.270/2000 12.04.2001 E. 3;5C.275/2005 15.03.2006 E. 3;5C.96/2006 02.08.2006 E. 1;5C.96/2006 02.08.2006 E. 3;6B_913/2014 E. 2;6B_913/2014 E. 2.3.2,has_parents_but_none_in_same_query_gold
train,train_0906,Art. 1 OR,True,203,False,,1C_402/2008 25.05.2009 E. 5;1C_613/2015 10.08.2016 E. 3.3;1P.299/2005 14.12.2005 E. 1;2C_109/2017 E. 3.1;2C_539/2023 E. 5.3.3;2C_689/2022 E. 6.4;2C_734/2016 20.10.2016 E. 4.4.3;2C_734/2016 20.10.2016 E. 4.5.5;2C_828/2013 E. 5.4;2C_828/2013 E. 5.5.4;2C_857/2014 E. 5.4;4A_109/2008 16.04.2008 E. 4;4A_115/2020 E. 5.4;4A_125/2017 E. 4.2;4A_126/2021 E. 3.4;4A_127/2013 E. 6;4A_131/2017 E. 4.1;4A_131/2024 E. 3;4A_131/2024 E. 3.3.2;4A_152/2009 29.06.2009 E. 4,has_parents_but_none_in_same_query_gold
train,train_0908,Art. 1 Abs. 1 LugÜ,False,0,False,,,no_parent_edges_found
train,train_0908,Art. 1 Abs. 2 LugÜ,False,0,False,,,no_parent_edges_found
train,train_0908,Art. 22 LugÜ,False,0,False,,,no_parent_edges_found
train,train_0908,Art. 2 Abs. 1 LugÜ,False,0,False,,,no_parent_edges_found
train,train_0908,Art. 243 ZPO,True,52,False,,4A_1/2014 E. 2.3;4A_100/2016 E. 2.2.2;4A_182/2019 E. 4.1;4A_182/2019 E. 4.2;4A_182/2019 E. 4.3;4A_199/2022 E. 2;4A_209/2019 E. 8.2.4;4A_263/2023 E. 2.1;4A_328/2015 10.02.2016 E. 4;4A_332/2015 E. 6.4.6;4A_346/2013 E. 4.3;4A_346/2013 E. 4.4.3;4A_346/2013 E. 5.2;4A_409/2022 E. 4.2.1;4A_432/2015 E. 4;4A_491/2024 E. 2.2.1;4A_51/2015 E. 3.2;4A_557/2022 E. 4.2;4A_576/2016 E. 3.1;4A_576/2016 E. 3.2.2,has_parents_but_none_in_same_query_gold
train,train_0909,Art. 946 ZGB,True,3,False,,2C_1069/2015 E. 3.4;5C.232/2003 02.03.2004 E. 3;BGE 130 III 306 E. 3.3.1,has_parents_but_none_in_same_query_gold
train,train_0909,Art. 9 GBV,False,0,False,,,no_parent_edges_found
train,train_0909,Art. 81 GBV,False,0,False,,,no_parent_edges_found
train,train_0910,Art. 13 DSG,True,45,False,,1C_230/2011 31.05.2012 E. 10;1C_230/2011 31.05.2012 E. 7;1C_285/2009 08.09.2010 E. 2;1C_285/2009 08.09.2010 E. 5;1C_285/2009 08.09.2010 E. 5.2;1C_285/2009 08.09.2010 E. 6;2C_37/2018 E. 6.1;2C_37/2018 E. 7;2C_776/2013 E. 5.2.2;2C_776/2013 E. 7.2.2;4A_576/2015 E. 2;4A_576/2015 E. 2.1;4A_576/2015 E. 2.2.1;4A_576/2015 E. 2.2.3;4A_588/2018 E. 4.3.1;6B_1133/2021 E. 2.3.2;6B_1133/2021 E. 2.4.2;6B_1133/2021 E. 2.4.3;6B_1188/2018 E. 3.3;6B_1362/2020 E. 14.4.2,has_parents_but_none_in_same_query_gold
train,train_0910,Art. 130 ZPO,True,19,True,Art. 244 Abs. 1 ZPO,2C_638/2024 E. 1.2.3;2C_638/2024 E. 1.2.5;2C_738/2020 E. 4.3.3;4D_76/2024 E. 3.5.1;4D_76/2024 E. 3.5.2;5A_125/2016 E. 4.1;5A_125/2016 E. 4.2;5A_254/2012 03.04.2012 E. 1;5A_650/2011 27.01.2012 E. 4;5A_779/2014 E. 2;8C_455/2016 E. 2.2;8C_455/2016 E. 2.4;8C_455/2016 E. 3.2;Art. 202 Abs. 1 ZPO;Art. 244 Abs. 1 ZPO;Art. 252 Abs. 2 ZPO;BGE 143 I 187 E. 2.2;BGE 143 I 187 E. 2.4;BGE 143 I 187 E. 3.2,parent_in_same_query_gold
train,train_0911,Art. 655 ZGB,True,28,False,,2C_1069/2015 E. 3.2;2C_355/2009 19.11.2009 E. 5;2C_484/2018 E. 2.1;2C_510/2017 E. 3.1;2C_511/2017 E. 3.1;2C_643/2017 E. 2.3;2C_644/2018 E. 2.3.4;2C_644/2018 E. 2.3.5;2C_9/2019 E. 3.3.2;2C_927/2020 E. 3.2;2P.248/2004 13.05.2005 E. 6;4A_235/2008 23.07.2008 E. 5;4A_30/2024 E. 1.1;4A_496/2019 E. 2.6.1;4C.14/2003 22.04.2003 E. 2;5A.20/2001 21.01.2002 E. 3;5A_341/2019 E. 3.3;5A_341/2019 E. 3.6;5A_341/2019 E. 3.7;5A_341/2019 E. 6.3.2,has_parents_but_none_in_same_query_gold
train,train_0913,Art. 205 OR,True,5,False,,2A.732/2004 10.08.2005 E. 2;4C.11/2001 04.04.2001 E. 4;4C.33/2004 08.02.2006 E. 2;5P.360/2001 14.12.2001 E. 4;BGE 124 III 456 E. 20bb,has_parents_but_none_in_same_query_gold
train,train_0914,Art. 476 ZGB,True,15,False,,2P.5/2002 30.06.2004 E. 8;4A_389/2020 18.05.2021 E. 10.7.3;5A_141/2007 21.12.2007 E. 7;5A_89/2024 E. 7.4.2;5C.131/2005 19.08.2005 E. 2;5C.212/2002 24.04.2003 E. 2;5C.212/2002 24.04.2003 E. B;9C_523/2013 E. 4.1;BGE 129 III 305 E. 2.2;BGE 129 III 305 E. 2.5;BGE 130 I 205 E. 8;BGE 131 III 646 E. 13.2;BGE 131 III 646 E. 2;BGE 131 III 646 E. 2.3;BGE 147 III 402 E. 10.7.3,has_parents_but_none_in_same_query_gold
train,train_0914,Art. 388 ZGB,True,13,False,,5A_134/2008 16.04.2008 E. 1;5A_175/2024 E. 6.1;5A_175/2024 E. 6.3.2;5A_208/2011 24.06.2011 E. 6;5A_498/2008 19.11.2008 E. 4;5A_506/2022 E. 4;5A_546/2020 21.06.2021 E. 3.5.1;5A_611/2017 E. 7.1;5A_645/2010 27.12.2010 E. 3;5A_677/2014 E. 3.1;5A_902/2018 E. 4.2;5C.216/2004 19.11.2004 E. 4;BGE 137 III 67 E. 3.4.3,has_parents_but_none_in_same_query_gold
train,train_0914,Art. 1 VBVV,False,0,False,,,no_parent_edges_found
train,train_0916,Art. 13b Abs. 1 URG,False,0,False,,,no_parent_edges_found
train,train_0916,Art. 13 URG,True,7,False,,2C_146/2012 20.08.2012 E. 3.6;2C_685/2016 13.12.2017 E. 8.5.2;4C.290/2001 08.11.2002 E. 1;4C.73/2007 26.06.2007 E. A;Art. 38 URG;Art. 60 Abs. 4 URG;BGE 124 III 489 E. 2,has_parents_but_none_in_same_query_gold
train,train_0916,Art. 13b URG,False,0,False,,,no_parent_edges_found
train,train_0918,Art. 337 OR,True,245,False,,1C_245/2008 02.03.2009 E. 5;1C_277/2007 30.06.2008 E. 6;1C_42/2007 29.11.2007 E. 3.5;1C_514/2023 E. 5.1;1C_514/2023 E. 7.1;2A.495/2006 30.04.2007 E. 4;2A.518/2003 10.02.2004 E. 5;2A.656/2006 15.10.2007 E. 5;2D_36/2017 E. 2.4;4A_101/2012 31.05.2012 E. 2;4A_109/2016 E. 4.1;4A_109/2016 E. 4.2;4A_109/2016 E. 4.3;4A_115/2022 E. 4.2;4A_115/2022 E. A;4A_132/2016 E. 3.2.2;4A_138/2022 E. 4;4A_140/2009 12.05.2009 E. 5;4A_148/2011 08.09.2011 E. 4;4A_151/2025 E. 3.1.1,has_parents_but_none_in_same_query_gold
train,train_0921,Art. 19 LugÜ,False,0,False,,,no_parent_edges_found
train,train_0922,Art. 11 PrHG,True,1,False,,4C.307/2005 25.01.2006 E. 2,has_parents_but_none_in_same_query_gold
train,train_0925,Art. 754 OR,True,175,False,,1P.133/2004 13.08.2004 E. 2;1P.133/2004 13.08.2004 E. 3;1P.133/2004 13.08.2004 E. 4;2C_245/2018 E. 6.5;2C_272/2011 05.12.2011 E. 4.2;2C_465/2011 10.02.2012 E. 3;4A_128/2021 E. 2.2;4A_130/2021 E. 2.2;4A_147/2014 E. 6.2;4A_147/2014 E. 6.3;4A_15/2013 E. 4.1;4A_15/2013 E. 5.2;4A_15/2013 E. 8.1;4A_177/2011 02.09.2011 E. 3;4A_177/2011 02.09.2011 E. 4;4A_177/2011 02.09.2011 E. 9;4A_219/2015 E. 4;4A_219/2015 E. 4.1;4A_219/2015 E. 4.2.5;4A_231/2011 20.09.2011 E. 4,has_parents_but_none_in_same_query_gold
train,train_0926,Art. 964 ZGB,True,9,False,,4C.34/2000 24.04.2001 E. 5;5A.14/2001 29.01.2002 E. 3;5A_341/2019 E. 5.4;5A_341/2019 E. 5.6.2;5A_520/2018 E. 4.1.1;5A_635/2019 E. 3.2;BGE 127 III 300 E. 5aa;BGE 147 III 1 E. 5.4;BGE 147 III 1 E. 5.6.2,has_parents_but_none_in_same_query_gold
train,train_0926,Art. 955 ZGB,True,13,False,,1P.23/2004 19.03.2004 E. 3;2C_12/2011 06.07.2011 E. 2;2C_24/2018 E. 1.4;2C_24/2018 E. 2.2.1;4A_140/2012 25.04.2012 E. 3;4A_397/2012 11.01.2013 E. 2;5A_237/2018 E. 1.2;5A_707/2007 08.02.2008 E. 1;5A_707/2007 08.02.2008 E. 5;5A_707/2007 08.02.2008 E. 6;5P.119/2000 24.07.2000 E. 4;BGE 126 III 431 E. 2;BGE 126 III 431 E. 2aa,has_parents_but_none_in_same_query_gold
train,train_0926,Art. 31 GBV,True,1,False,,Art. 22 Abs. 3 GBV,has_parents_but_none_in_same_query_gold
train,train_0927,Art. 279 ZGB,True,25,False,,2C_1008/2013 E. 2.2;2C_160/2022 E. 2.1;5A_1025/2020 E. 3.2;5A_104/2009 19.03.2009 E. 2;5A_153/2007 24.09.2007 E. 1;5A_153/2007 24.09.2007 E. 3.1;5A_191/2011 30.06.2011 E. 1;5A_191/2011 30.06.2011 E. 2;5A_191/2011 30.06.2011 E. A;5A_244/2018 E. 2.6;5A_256/2007 20.07.2007 E. 3;5A_369/2014 E. 2.2;5A_382/2021 E. 3.1;5A_382/2021 E. 3.2;5A_689/2012 E. 3.1;5A_833/2008 05.08.2009 E. 2;5A_880/2020 E. 2.2.1;5A_984/2014 E. 3.2;5C.178/2006 16.11.2006 E. 5;5C.18/2000 17.07.2000 E. 3,has_parents_but_none_in_same_query_gold
train,train_0927,Art. 1 Abs. 1 LugÜ,False,0,False,,,no_parent_edges_found
train,train_0927,Art. 5 Abs. 2 LugÜ,False,0,False,,,no_parent_edges_found
train,train_0930,Art. 9 SebG,True,1,False,,Art. 25 Abs. 1 SebG,has_parents_but_none_in_same_query_gold
train,train_0930,Art. 9 RPG,True,25,False,,1A.79/2002 25.04.2003 E. 4;1C_101/2007 26.02.2008 E. 2;1C_124/2020 E. 3.1;1C_145/2008 03.07.2008 E. 3;1C_181/2012 10.04.2012 E. 1;1C_188/2007 01.04.2009 E. 2;1C_262/2024 E. 4.3;1C_36/2011 08.02.2012 E. 4;1C_388/2015 E. 1.2;1C_398/2015 E. 5.3;1C_415/2009 21.01.2010 E. 2;1C_415/2015 E. 2.2;1C_459/2020 E. 3;1C_470/2009 03.05.2010 E. 3;1C_488/2015 E. 4.5.3;1C_513/2014 E. 5.2;1C_572/2022 E. 3.1.2;1C_588/2023 22.08.2024 E. 10.3;1C_643/2020 E. 3.3;1P.37/2003 12.09.2003 E. 4,has_parents_but_none_in_same_query_gold
train,train_0931,Art. 77 BGG,True,39,False,,4A_176/2008 23.09.2008 E. 2;4A_176/2024 E. 3.3;4A_18/2008 20.06.2008 E. 2;4A_224/2008 10.10.2008 E. 2;4A_244/2007 22.01.2008 E. 4;4A_244/2007 22.01.2008 E. 6;4A_254/2013 E. 2.3;4A_256/2009 11.01.2010 E. 2;4A_258/2009 11.01.2010 E. 2;4A_286/2025 E. 2.5.1;4A_286/2025 E. 2.5.2;4A_286/2025 E. 2.5.4;4A_320/2009 02.06.2010 E. 2;4A_391/2010 10.11.2010 E. 4;4A_391/2010 10.11.2010 E. 5;4A_404/2010 19.04.2011 E. 2;4A_43/2010 29.07.2010 E. 3;4A_444/2009 11.02.2010 E. 4;4A_452/2007 29.02.2008 E. 1;4A_460/2013 E. 2.2,has_parents_but_none_in_same_query_gold
train,train_0932,Art. 2 Abs. 1 LugÜ,False,0,False,,,no_parent_edges_found
train,train_0932,Art. 59 Abs. 1 LugÜ,False,0,False,,,no_parent_edges_found
train,train_0932,Art. 98 IPRG,False,0,False,,,no_parent_edges_found
train,train_0933,Art. 975 ZGB,True,43,False,,1C_664/2024 E. 4.2.2;5A.6/2005 17.03.2005 E. 3;5A_1007/2020 E. 2.3.1;5A_134/2020 E. 1;5A_194/2013 E. 3.1;5A_194/2013 E. 4.1;5A_194/2013 E. 5;5A_195/2012 21.06.2012 E. 1;5A_222/2015 E. 2.3;5A_222/2015 E. C;5A_250/2018 E. 2.1;5A_250/2018 E. 2.2;5A_250/2018 E. 3.3;5A_250/2018 E. 3.5;5A_480/2016 E. 1.1;5A_480/2016 E. 1.2;5A_489/2010 06.12.2010 E. 3;5A_494/2020 E. 3.1;5A_520/2018 E. 2;5A_552/2018 E. 1,has_parents_but_none_in_same_query_gold
train,train_0933,Art. 955 ZGB,True,13,False,,1P.23/2004 19.03.2004 E. 3;2C_12/2011 06.07.2011 E. 2;2C_24/2018 E. 1.4;2C_24/2018 E. 2.2.1;4A_140/2012 25.04.2012 E. 3;4A_397/2012 11.01.2013 E. 2;5A_237/2018 E. 1.2;5A_707/2007 08.02.2008 E. 1;5A_707/2007 08.02.2008 E. 5;5A_707/2007 08.02.2008 E. 6;5P.119/2000 24.07.2000 E. 4;BGE 126 III 431 E. 2;BGE 126 III 431 E. 2aa,has_parents_but_none_in_same_query_gold
train,train_0933,Art. 41 OR,True,556,False,,1A.128/2001 18.01.2002 E. 3;1A.203/2004 16.03.2005 E. 4;1A.228/2004 03.08.2005 E. 9;1A.230/2006 05.06.2007 E. 3;1A.270/1999 19.05.2000 E. 2;1B_39/2012 10.05.2012 E. 3.1;1B_41/2011 24.03.2011 E. 2.1;1B_460/2022 E. 2.3.2;1B_80/2019 E. 3.3;1C_406/2008 05.02.2009 E. 1.2;1C_502/2015 E. 5.3.4;1C_908/2013 E. 2.3;1P.119/2000 09.10.2000 E. 2;1P.126/2005 27.04.2005 E. 3;1P.14/2000 31.01.2000 E. 1;1P.164/2002 25.06.2002 E. 1;1P.176/2005 28.06.2005 E. 4;1P.18/2007 30.07.2007 E. 3.3;1P.188/2005 14.07.2005 E. 3;1P.189/2003 15.12.2003 E. 1,has_parents_but_none_in_same_query_gold
train,train_0934,Art. 11 OR,True,29,False,,2C_130/2022 E. 3.4.3;2C_927/2020 E. 5.2.3;4A_189/2019 E. 3.3;4A_271/2024 E. 3.5;4A_320/2015 E. 2;4A_338/2018 E. 4.2;4A_338/2018 E. 4.2.2;4A_57/2016 03.08.2016 E. 4.2;4A_62/2024 17.12.2024 E. 5.5.3;4C.110/2003 08.07.2003 E. 3;4C.144/2003 10.09.2003 E. 1;4C.144/2003 10.09.2003 E. 2;4C.175/2003 28.10.2003 E. 3;4C.175/2003 28.10.2003 E. 5;4C.189/2006 04.08.2006 E. 2;4C.226/2006 07.09.2006 E. 2;4C.308/2004 10.11.2004 E. 2.2;4C.77/2007 26.06.2007 E. 3;4C.78/2006 24.05.2006 E. 2;4C.78/2006 24.05.2006 E. C,has_parents_but_none_in_same_query_gold
train,train_0934,Art. 512 ZGB,True,7,False,,2C_114/2020 E. 4.3;2C_114/2020 E. A;5A_161/2010 08.07.2010 E. 5;5A_462/2022 E. 1;5A_462/2022 E. 2.1.1;5P.81/2005 15.07.2005 E. 2;6S.205/2002 06.01.2004 E. 5,has_parents_but_none_in_same_query_gold
train,train_0935,Art. 91a SVG,True,72,False,,1C_328/2013 E. 4.2;6B_1007/2018 E. 1.4.1;6B_1139/2020 E. 2.4;6B_1339/2019 E. 2.3;6B_1339/2019 E. 2.4;6B_137/2019 E. 1.1;6B_138/2024 E. 3.3;6B_190/2013 E. 1.1;6B_190/2013 E. 1.3;6B_190/2013 E. 1.4;6B_190/2013 E. 1.5;6B_196/2010 20.04.2010 E. 1.3;6B_229/2012 05.11.2012 E. 1;6B_229/2012 05.11.2012 E. 2;6B_229/2012 05.11.2012 E. 4;6B_244/2011 20.06.2011 E. 3;6B_303/2017 E. 8.4;6B_307/2017 E. 1.3.2;6B_370/2024 E. 2.3.2;6B_370/2024 E. 2.3.3,has_parents_but_none_in_same_query_gold
train,train_0935,Art. 92 SVG,True,36,False,,6B_1037/2023 E. 4.4;6B_1235/2021 E. 4.2;6B_1452/2019 E. 3.2;6B_1452/2019 E. 3.3.1;6B_1452/2019 E. 3.3.2;6B_1452/2019 E. 3.3.4;6B_257/2015 E. 2.3;6B_456/2009 08.10.2009 E. 3;6B_470/2021 E. 1.1.1;6B_528/2015 E. 3.3;6B_53/2019 E. 3.3;6B_531/2020 E. 1.2;6B_575/2018 E. 2;6B_575/2018 E. 2.2.1;6B_575/2018 E. 2.2.2;6B_575/2018 E. 2.5;6B_575/2018 E. 2.7;6B_928/2017 E. 2.4;6S.281/2004 10.02.2005 E. 2;6S.431/2004 04.07.2005 E. 1,has_parents_but_none_in_same_query_gold
train,train_0936,Art. 190 DBG,True,10,False,,1C_541/2014 E. 2.1;1S.28/2005 27.09.2005 E. A;2C_1145/2013 20.09.2014 E. 3.3;2C_505/2017 E. 2.1.1;2C_505/2017 E. 2.2;2C_516/2020 E. 4.2;2C_717/2018 E. 3.1;9C_650/2022 E. 2.1.1;BGE 144 II 427 E. 2.1.1;BGE 144 II 427 E. 2.2,has_parents_but_none_in_same_query_gold
train,train_0936,Art. 186 DBG,True,52,False,,1A.124/2002 30.10.2002 E. 2;1A.234/2005 31.01.2006 E. 2;1A.244/2002 24.10.2003 E. 3;1A.253/2002 28.01.2003 E. 2;1A.308/2000 08.02.2001 E. 2;1A.323/2005 03.04.2006 E. 5;1A.35/2002 18.06.2002 E. 6;1A.63/2001 20.07.2001 E. 2;1B_11/2011 01.04.2011 E. 5;1B_417/2010 01.04.2011 E. 5;1B_418/2010 01.04.2011 E. 5;1B_419/2010 01.04.2011 E. 5;1S.42/2005 28.03.2006 E. 4;1S.5/2005 26.09.2005 E. 6;1S.8/2006 12.12.2006 E. 4;2C_1052/2020 E. 2.2.2;2C_181/2019 11.03.2019 E. 2.3.2;2C_257/2018 11.11.2019 E. 2.2.1;2C_269/2013 E. 7.2.2;2C_269/2013 E. 9.4,has_parents_but_none_in_same_query_gold
train,train_0938,Art. 492a ZGB,False,0,False,,,no_parent_edges_found
train,train_0939,Art. 23 LugÜ,False,0,False,,,no_parent_edges_found
train,train_0939,Art. 22 LugÜ,False,0,False,,,no_parent_edges_found
train,train_0939,Art. 2 LugÜ,False,0,False,,,no_parent_edges_found
train,train_0939,Art. 5 LugÜ,False,0,False,,,no_parent_edges_found
train,train_0941,Art. 2 URG,True,36,False,,4A_104/2008 08.05.2008 E. 3;4A_104/2008 08.05.2008 E. 4;4A_115/2017 E. 2.6.1;4A_115/2017 E. C;4A_115/2020 E. 3.1;4A_115/2020 E. 5.2;4A_295/2014 E. 3.6.3;4A_404/2007 13.02.2008 E. 2;4A_472/2021 17.06.2022 E. 5.2;4A_472/2021 17.06.2022 E. 5.3;4A_472/2021 17.06.2022 E. 6.1.2;4A_491/2022 E. 6.2.1;4A_522/2010 25.11.2010 E. 9;4A_78/2011 02.05.2011 E. 2;4C.111/2002 19.04.2004 E. 2;4C.117/2003 05.09.2003 E. 3;4C.117/2003 05.09.2003 E. 4;4C.117/2003 05.09.2003 E. 5;4C.117/2003 05.09.2003 E. 9;4C.120/2002 19.08.2002 E. 2,has_parents_but_none_in_same_query_gold
train,train_0941,Art. 23 UWG,True,97,False,,1A.153/2004 07.09.2004 E. 4;1A.199/2005 09.11.2005 E. 3;1A.261/2004 25.01.2005 E. 4;1A.3/2006 06.02.2006 E. 5;1B_219/2016 E. A;1B_231/2013 E. 6.5;1B_235/2011 24.05.2011 E. 4;1B_235/2011 24.05.2011 E. C;1B_310/2012 22.08.2012 E. A;1B_677/2012 18.02.2013 E. A;1P.471/2004 04.01.2005 E. 2;1P.584/2006 22.12.2006 E. 9;1P.635/2005 07.02.2006 E. C;1P.757/2000 15.02.2001 E. A;4A_106/2009 01.10.2009 E. 6;4A_417/2009 26.03.2010 E. 3;4A_491/2022 E. 5.3;4A_507/2010 02.12.2010 E. 3;6B_1019/2017 E. 3.4;6B_106/2018 E. 2.4.1,has_parents_but_none_in_same_query_gold
train,train_0948,Art. 8 AVIG,True,138,False,,5P.445/2004 09.03.2005 E. 2;8C_1010/2009 02.06.2010 E. 3;8C_1010/2009 02.06.2010 E. 4;8C_1010/2009 02.06.2010 E. 6;8C_1013/2009 14.01.2010 E. 1;8C_108/2017 E. 3.2.1;8C_114/2020 E. 6.1.1;8C_162/2010 11.03.2011 E. A;8C_194/2021 E. A;8C_229/2015 E. 4;8C_26/2024 E. 7.5;8C_273/2019 E. 4;8C_273/2019 E. 5.3.3;8C_286/2009 05.11.2009 E. 5;8C_286/2009 05.11.2009 E. 9;8C_293/2009 23.10.2009 E. 3;8C_322/2017 E. 6;8C_345/2011 12.07.2011 E. 4;8C_350/2007 18.04.2008 E. 4;8C_363/2014 E. 4.2,has_parents_but_none_in_same_query_gold
train,train_0949,Art. 1 OR,True,203,False,,1C_402/2008 25.05.2009 E. 5;1C_613/2015 10.08.2016 E. 3.3;1P.299/2005 14.12.2005 E. 1;2C_109/2017 E. 3.1;2C_539/2023 E. 5.3.3;2C_689/2022 E. 6.4;2C_734/2016 20.10.2016 E. 4.4.3;2C_734/2016 20.10.2016 E. 4.5.5;2C_828/2013 E. 5.4;2C_828/2013 E. 5.5.4;2C_857/2014 E. 5.4;4A_109/2008 16.04.2008 E. 4;4A_115/2020 E. 5.4;4A_125/2017 E. 4.2;4A_126/2021 E. 3.4;4A_127/2013 E. 6;4A_131/2017 E. 4.1;4A_131/2024 E. 3;4A_131/2024 E. 3.3.2;4A_152/2009 29.06.2009 E. 4,has_parents_but_none_in_same_query_gold
train,train_0949,Art. 31 OR,True,85,False,,1P.303/2004 23.09.2004 E. 3;2A.650/2006 30.05.2007 E. 2;4A_106/2012 25.06.2012 E. 2;4A_112/2013 E. 3;4A_166/2021 E. 4.3.2;4A_203/2017 E. 1;4A_297/2019 E. 5.3;4A_306/2018 E. 5.3.2;4A_340/2011 13.09.2011 E. 3;4A_343/2009 05.01.2010 E. A;4A_35/2020 E. B;4A_393/2018 E. 2.4.4;4A_398/2018 25.02.2019 E. 4.1;4A_398/2018 25.02.2019 E. 5.3;4A_464/2019 E. 3.2;4A_507/2023 E. 6.1;4A_524/2012 18.04.2013 E. 4;4A_533/2013 E. 5;4A_56/2008 08.10.2009 E. 8;4A_562/2010 03.05.2011 E. 4,has_parents_but_none_in_same_query_gold
train,train_0949,Art. 20 OR,True,200,False,,2A.230/1999 02.02.2000 E. 5.-;2A.399/2002 31.03.2003 E. 3;2A.425/2000 20.07.2001 E. 2;2C_1069/2015 E. 3.2;2C_1069/2015 E. 3.3;2C_12/2016 16.08.2016 E. 2.2.2;2C_16/2008 16.05.2008 E. 5;2C_17/2008 16.05.2008 E. 6;2C_390/2016 06.11.2017 E. 5.3.3;2C_529/2022 E. 4.6;2C_71/2010 22.09.2010 E. 1;2D_14/2024 E. 6.2.1;2D_14/2024 E. 6.2.2;4A_101/2011 06.09.2011 E. 2;4A_106/2012 25.06.2012 E. 1;4A_109/2018 E. 3;4A_131/2017 E. 4.1;4A_133/2012 28.06.2012 E. 2;4A_155/2015 E. 3;4A_155/2015 E. 3.3,has_parents_but_none_in_same_query_gold
train,train_0949,Art. 158 StGB,True,250,False,,1A.101/2000 18.07.2000 E. 4;1A.105/2000 18.07.2000 E. 4;1A.109/2000 18.07.2000 E. 3;1A.110/2000 18.07.2000 E. 5;1A.125/2006 10.08.2006 E. 2;1A.153/2004 07.09.2004 E. 4;1A.153/2004 07.09.2004 E. A;1A.153/2004 07.09.2004 E. B;1A.161/2005 12.07.2005 E. 2;1A.175/2004 25.11.2004 E. 2;1A.178/2006 19.01.2007 E. 2;1A.188/2005 24.10.2005 E. 2;1A.194/2005 18.08.2005 E. 3;1A.197/2000 21.07.2000 E. 2;1A.197/2000 21.07.2000 E. I;1A.199/2004 07.01.2005 E. 7;1A.24/2004 11.08.2004 E. 7;1A.247/1999 24.01.2000 E. 3;1A.257/2003 28.01.2004 E. 6;1A.268/2005 17.11.2005 E. 5,has_parents_but_none_in_same_query_gold
train,train_0949,Art. 26 OR,True,33,False,,1A.64/2005 25.05.2005 E. 3;4A_106/2020 E. 5.3;4A_192/2016 E. 6.2;4A_29/2022 E. 2.1;4A_29/2022 E. 2.5;4A_29/2022 E. 2.6.2;4A_343/2009 05.01.2010 E. 3;4A_398/2018 25.02.2019 E. 4.2;4A_461/2016 E. 3.4;4A_461/2016 E. 4.2;4A_461/2016 E. 4.3.1;4A_525/2009 15.03.2010 E. 3;4A_533/2013 E. 4.4;4A_87/2018 E. 5.4;4A_92/2021 E. 3.1;4A_97/2016 E. 2.5;4C.12/2002 14.05.2002 E. 4;4C.248/2006 03.10.2006 E. 2;4C.250/2006 03.10.2006 E. 2;4C.352/2002 21.02.2003 E. 6,has_parents_but_none_in_same_query_gold
train,train_0949,Art. 28 OR,True,147,False,,1B_41/2011 24.03.2011 E. 2.2;1C_19/2010 17.09.2010 E. 3;1P.126/2005 27.04.2005 E. 3;1P.126/2005 27.04.2005 E. 4;1P.126/2005 27.04.2005 E. 8;1P.126/2005 27.04.2005 E. D;1P.36/2002 29.04.2002 E. 1;1P.385/2006 17.11.2006 E. 5;1P.584/2006 22.12.2006 E. A;2A.621/2005 30.01.2006 E. 1;2A.621/2005 30.01.2006 E. 4;2C_122/2018 E. 4.1;2C_20/2021 19.11.2021 E. 1.4.2;2C_465/2012 29.10.2012 E. 2;2C_978/2012 04.05.2013 E. 5.2.2;4A_106/2008 15.05.2008 E. 6;4A_106/2020 E. 2.3.5;4A_106/2020 E. B;4A_112/2013 E. 3;4A_112/2013 E. 3.5,has_parents_but_none_in_same_query_gold
train,train_0951,Art. 9 SVKG,False,0,False,,,no_parent_edges_found
train,train_0951,Art. 12 SVKG,False,0,False,,,no_parent_edges_found
train,train_0952,Art. 18m EBG,True,16,False,,1A.12/2006 05.01.2007 E. 6;1A.120/2006 12.02.2007 E. 2;1A.140/2003 18.03.2004 E. 2;1A.180/2006 09.08.2007 E. 2;1A.205/2000 25.04.2001 E. 4;1A.339/2005 08.05.2006 E. 2;1C_35/2023 E. 5.5;1C_450/2021 E. 5.5.3;2A.507/2003 29.11.2004 E. 4;Art. 18u Abs. 4 EBG;Art. 40 Abs. 1 EBG;BGE 127 II 227 E. 4b;BGE 127 II 227 E. 4c;BGE 133 II 49 E. 6.1;BGE 133 II 49 E. 6.2;BGE 133 II 49 E. 6.3,has_parents_but_none_in_same_query_gold
train,train_0953,Art. 65 GBV,True,8,False,,5A_595/2024 E. 3.3.1;5A_595/2024 E. 3.3.2;5A_595/2024 E. 3.3.4;5A_595/2024 E. 3.3.5;5C.270/2000 12.04.2001 E. 2;Art. 67 Abs. 2 GBV;Art. 70 Abs. 1 GBV;Art. 72 GBV,has_parents_but_none_in_same_query_gold
train,train_0955,Art. 36 BV,True,1471,False,,1A.104/1999 05.04.2000 E. 6;1A.129/2002 09.04.2003 E. 3;1A.151/2001 16.07.2002 E. 5;1A.159/2005 20.02.2006 E. 2;1A.162/2002 10.12.2002 E. 3;1A.198/2002 21.08.2003 E. 3;1A.212/2006 31.05.2007 E. 4;1A.219/2005 28.02.2006 E. 2;1A.219/2005 28.02.2006 E. 3;1A.220/2006 16.03.2007 E. 4;1A.240/2002 13.05.2003 E. 2;1A.244/2000 08.11.2001 E. 8;1A.65/2002 30.07.2002 E. 8;1A.73/1999 07.06.2000 E. 2;1B_10/2008 30.01.2008 E. 5;1B_102/2011 22.03.2011 E. 2;1B_103/2014 E. 2.2;1B_103/2018 E. 2.3;1B_11/2022 E. 3.2;1B_11/2022 E. 3.4,has_parents_but_none_in_same_query_gold
train,train_0957,Art. 335 ZGB,True,16,False,,2A.457/2001 04.03.2002 E. A;5A_30/2025 E. 3;5A_401/2010 11.08.2010 E. 3;5A_669/2022 E. 4.3;5A_669/2022 E. 4.3.1;5A_669/2022 E. 4.6.2;5A_817/2009 11.02.2010 E. 1;5A_817/2009 11.02.2010 E. 2;5C.9/2001 18.05.2001 E. 2;5C.9/2001 18.05.2001 E. 3;5F_3/2024 E. 4.2;7B_207/2024 E. 1.4;7B_870/2024 E. 2.4;8C_716/2008 05.12.2008 E. A;9C_637/2022 E. 4.2;BGE 127 III 337 E. 2c,has_parents_but_none_in_same_query_gold
train,train_0958,Art. 38 VAG,True,6,False,,2C_270/2016 E. 2.1;2C_270/2016 E. 2.2;2C_689/2022 E. 7.1;2C_689/2022 E. 7.3;2C_717/2017 E. 5.2;2C_717/2017 E. 5.3,has_parents_but_none_in_same_query_gold
train,train_0959,Art. 22 JStG,True,4,False,,1B_233/2013 E. 1;6B_402/2022 E. 4.2.2;6B_593/2019 E. 3.3;Art. 21 Abs. 1 JStG,has_parents_but_none_in_same_query_gold
train,train_0959,Art. 23 JStG,True,6,False,,1B_233/2013 E. 1;6B_402/2022 E. 4.2.2;6B_593/2019 E. 3.3;6B_677/2008 23.02.2009 E. A;6B_741/2013 E. B;Art. 12f Abs. 1 V-StGB-MStG-JStG,has_parents_but_none_in_same_query_gold
train,train_0959,Art. 24 JStG,True,2,False,,6B_402/2022 E. 4.2.2;6B_593/2019 E. 3.3,has_parents_but_none_in_same_query_gold
train,train_0959,Art. 25 JStG,True,9,False,,6B_538/2008 07.01.2009 E. 2;6B_538/2008 07.01.2009 E. 3;6B_641/2012 06.02.2013 E. 1;Art. 12f Abs. 1 V-StGB-MStG-JStG;Art. 16 Abs. 2 363;Art. 19 StReG;Art. 30 Abs. 2 StReG;Art. 38 Abs. 3 StReG;BGE 135 IV 87 E. 3.1,has_parents_but_none_in_same_query_gold
train,train_0960,Art. 69 StGB,True,147,False,,1B_113/2013 E. 2;1B_113/2013 E. 3.2;1B_133/2017 E. 2.2;1B_275/2013 E. 2.3.3;1B_294/2014 E. 3;1B_307/2011 20.09.2011 E. 3;1B_349/2022 E. 3;1B_349/2022 E. 7;1B_355/2020 E. 3;1B_355/2020 E. 5.2;1B_403/2013 E. 4.4;1B_406/2013 E. 3.4;1B_492/2022 E. 2;1B_530/2017 E. 3.8;1B_611/2021 E. 8;1B_611/2021 E. 8.2;1B_666/2011 08.06.2012 E. 2;1B_98/2013 E. 2.3.3;1C_441/2012 04.03.2013 E. 6;1P.12/2002 28.02.2002 E. II,has_parents_but_none_in_same_query_gold
train,train_0960,Art. 19 BetmG,True,119,False,,1A.109/2003 03.06.2003 E. 4;1B_1/2009 22.01.2009 E. 2.4;1B_109/2007 28.06.2007 E. 2.1;1B_480/2018 E. 3;1B_585/2020 E. 3;1B_77/2012 01.11.2012 E. 2;1B_99/2013 13.05.2013 E. A;1P.27/2001 15.08.2001 E. B;1P.57/2004 02.06.2004 E. A;1P.6/2007 29.01.2007 E. 4.5;1P.6/2007 29.01.2007 E. 4.6;1P.660/2002 11.03.2003 E. 1.1;2A.605/2005 28.02.2006 E. 2;2C_147/2007 23.01.2008 E. 6;2C_381/2008 14.01.2009 E. 2;2C_41/2023 E. 6.4.3;6B_1021/2013 E. 7.3;6B_1026/2017 E. 1.2.2;6B_1070/2018 E. 4.3.2;6B_1081/2018 E. 3.1,has_parents_but_none_in_same_query_gold
train,train_0961,Art. 42 AIG,True,136,False,,2C_10/2023 E. 3.1;2C_1038/2021 E. 4.3.5;2C_104/2023 E. 2.3;2C_1056/2021 E. 4.3;2C_1056/2021 E. 4.3.1;2C_1057/2022 E. 5.1;2C_106/2023 E. 3.1;2C_1062/2018 E. 5.3;2C_1072/2018 E. 2.2;2C_1115/2018 E. 1.2;2C_1115/2018 E. 4.1;2C_112/2023 E. 1;2C_112/2023 E. 4;2C_112/2023 E. 5.2;2C_112/2023 E. 5.4;2C_117/2019 E. 1.2;2C_117/2019 E. 4.1;2C_117/2019 E. 6.3;2C_117/2019 E. 7.1;2C_124/2024 E. 3.3,has_parents_but_none_in_same_query_gold
train,train_0962,Art. 137 Abs. 5 WRV,False,0,False,,,no_parent_edges_found
train,train_0963,Art. 47 StGB,True,529,False,,1B_199/2018 E. 5.2;1B_199/2020 E. 3.2;1B_322/2017 E. 2.2;1B_366/2010 22.11.2010 E. 5;1B_44/2009 16.03.2009 E. 5;1B_588/2011 23.02.2012 E. 8;1C_282/2011 27.09.2011 E. 2;1C_294/2011 25.10.2011 E. A;1C_4/2012 19.04.2012 E. 7;1C_61/2015 E. 2.4;2C_1157/2016 02.11.2017 E. 6.2;2C_188/2009 07.07.2009 E. 2;2C_298/2020 E. 11.1;2C_676/2010 15.04.2011 E. 3;2C_851/2011 15.08.2012 E. 3;2C_881/2019 E. 2.3;2D_49/2011 25.09.2012 E. 5.2;6B_1005/2017 E. 4.2.3;6B_1008/2010 08.09.2011 E. 5;6B_1021/2017 E. 2.1,has_parents_but_none_in_same_query_gold
train,train_0963,Art. 93 SchKG,True,275,False,,2A.96/2000 25.07.2001 E. 3;2C_247/2019 E. 2.3.5;2C_274/2020 E. 3.4;2C_275/2020 E. 4.1;2C_275/2020 E. 6.1;2C_334/2010 22.11.2010 E. 1;2C_345/2021 E. C;2C_472/2024 E. 4.2.2;2C_546/2024 E. 4.3.3;2C_873/2021 E. 2.3.1;2D_24/2016 E. C;2D_62/2019 E. 1.2.2;2P.316/2003 19.12.2003 E. 4;5A_1032/2021 E. 3.5.2;5A_104/2010 28.04.2010 E. 4;5A_115/2022 E. 3.2.5;5A_115/2022 E. 3.2.6;5A_141/2014 E. 2.1;5A_145/2025 E. 4.1;5A_146/2015 24.06.2015 E. 3.1,has_parents_but_none_in_same_query_gold
train,train_0964,Art. 155 FinfraG,False,0,False,,,no_parent_edges_found
train,train_0964,Art. 143 FinfraG,True,4,False,,2C_315/2020 E. 8.1;2C_317/2020 E. 8.1;Art. 145 FinfraG;Art. 31 Abs. 2 FinfraV,has_parents_but_none_in_same_query_gold
train,train_0966,Art. 20 IPRG,True,24,False,,1C_420/2010 25.01.2011 E. 3;1C_420/2010 25.01.2011 E. B;2C_962/2013 E. 3.1;4C.298/2002 30.04.2003 E. 2;4P.25/2007 15.03.2007 E. 4;5A.24/1999 17.02.2000 E. 2;5A_284/2020 E. 2.4.2;5A_349/2010 30.08.2010 E. 2;5A_445/2016 E. 3.2;5A_473/2011 29.05.2012 E. 2;5A_663/2009 01.03.2010 E. 5;5C.139/2002 26.09.2002 E. 2;5C.174/2000 16.10.2000 E. 4;5C.247/2004 10.02.2005 E. 4;5C.56/2002 18.02.2003 E. 4;5C.94/2000 12.07.2000 E. 3;5P.367/2005 15.11.2005 E. 5;6P.190/2006 30.05.2007 E. 9;9C_574/2021 21.06.2022 E. 6;9C_574/2021 21.06.2022 E. 8.2,has_parents_but_none_in_same_query_gold
train,train_0966,Art. 96 IPRG,True,7,False,,5A_264/2013 E. 3.3.1;5A_264/2013 E. 3.3.3;5A_595/2024 E. 3.3.2;5A_822/2020 E. 1.3;5A_83/2012 05.12.2012 E. 3;Art. 58 Abs. 2 IPRG;Art. 84 Abs. 2 IPRG,has_parents_but_none_in_same_query_gold
train,train_0969,Art. 183 StGB,True,94,False,,1B_108/2015 E. 4;1B_12/2017 E. 2.3;1B_219/2010 20.07.2010 E. 4;1B_228/2008 02.09.2008 E. 3;1B_237/2017 E. 3.2;1B_399/2013 29.11.2013 E. 4.3;1B_46/2011 01.06.2011 E. 2;1B_465/2012 06.09.2012 E. 3;1B_514/2021 E. A;1C_137/2014 E. 2;1C_323/2016 E. 5.1;1C_355/2018 E. 4.1;1C_355/2018 E. 4.8;1C_479/2015 E. 3.2.1;1C_632/2013 E. A;1C_661/2013 E. 4;1C_746/2021 E. 2.2;1C_91/2007 23.10.2007 E. 2;1C_91/2007 23.10.2007 E. 2.3;1C_91/2007 23.10.2007 E. F,has_parents_but_none_in_same_query_gold
train,train_0969,Art. 184 StGB,True,33,False,,1B_108/2015 E. 3;1B_12/2017 E. 2.3;1B_32/2017 E. 3.2;1B_379/2009 19.01.2010 E. 4;1B_379/2009 19.01.2010 E. A;1B_385/2009 20.01.2010 E. 4;1B_385/2009 20.01.2010 E. A;1B_399/2013 29.11.2013 E. 4.3;1B_465/2012 06.09.2012 E. 3;6B_1078/2020 26.10.2022 E. 4.3.1;6B_1078/2020 26.10.2022 E. B;6B_123/2014 E. 4.4.1;6B_123/2014 E. 4.5.4;6B_375/2013 E. 4.3.1;6B_375/2013 E. 7.3.3;6B_454/2012 05.02.2013 E. 4;6B_454/2012 05.02.2013 E. 4.4;6B_602/2008 19.11.2008 E. 1;6B_602/2008 19.11.2008 E. A;6B_685/2007 05.03.2008 E. 4,has_parents_but_none_in_same_query_gold
train,train_0970,Art. 66a StGB,True,621,False,,1B_116/2019 E. 3.2;1B_116/2019 E. 3.3;1B_292/2021 E. 3;1B_334/2018 E. A;1B_364/2017 E. 4.3;1C_537/2021 E. 6.4.2;2C_1045/2019 E. 5.5;2C_1054/2018 E. 2.2;2C_108/2018 E. 3.3;2C_133/2022 E. 4;2C_139/2018 E. 2.3.1;2C_140/2017 E. 6.2;2C_148/2022 E. 3;2C_150/2024 E. 4.3.4;2C_169/2017 E. 3.1;2C_173/2020 E. 4.3.1;2C_188/2019 E. 2.2.1;2C_230/2022 E. 5.2;2C_231/2019 E. 2.2.2;2C_24/2019 E. 2.2,has_parents_but_none_in_same_query_gold
train,train_0972,Art. 31 FINMAG,True,45,False,,1B_249/2015 E. 8.7;2C_1055/2014 E. 4.2;2C_1055/2014 E. 4.3;2C_1058/2014 E. 3.1;2C_119/2013 E. 4.1;2C_119/2013 E. 4.2;2C_122/2014 E. 2.4;2C_127/2010 15.07.2011 E. 2.2;2C_176/2014 E. 2.4;2C_276/2009 22.09.2009 E. 3;2C_276/2009 22.09.2009 E. 4.3;2C_30/2011 12.01.2012 E. 4;2C_305/2016 E. 2.1;2C_305/2016 E. 2.3;2C_315/2020 E. 4.3.3;2C_317/2020 E. 4.3;2C_318/2020 E. 5.1;2C_352/2016 E. 1.2.2;2C_571/2018 E. 1.2.3;2C_571/2018 E. 5.2,has_parents_but_none_in_same_query_gold
train,train_0972,Art. 37 FINMAG,True,18,False,,2C_101/2011 21.09.2011 E. 3.3;2C_1055/2014 E. 3.2;2C_1055/2014 E. 3.3;2C_276/2009 22.09.2009 E. 4.3;2C_303/2016 E. 2.6.1;2C_305/2016 E. 2.3.2;2C_318/2020 E. 8.1;2C_352/2016 E. 4.1;2C_829/2013 E. 4.4;2C_829/2013 E. 4.4.2;2C_858/2017 E. 2.2;2C_860/2017 E. 3.3;2C_97/2015 E. 2.2;2C_97/2015 E. 2.3;2C_97/2015 E. 4.1;Art. 52 Abs. 4 AVO;Art. 87 Abs. 1 FinfraG;BGE 136 II 43 E. 2.3.2,has_parents_but_none_in_same_query_gold
train,train_0972,Art. 66 FINIG,True,2,False,,2C_597/2024 E. 7.2;2C_597/2024 E. 7.3,has_parents_but_none_in_same_query_gold
train,train_0973,Art. 33 FINMAG,True,62,False,,1B_249/2015 E. 8.7;1C_214/2016 E. 4.1;2C_1055/2014 E. 4.2;2C_122/2014 E. 2.4;2C_122/2014 E. 3.1;2C_163/2014 E. 2.4;2C_163/2014 E. 4.3;2C_176/2014 E. 2.4;2C_176/2014 E. 3.1;2C_177/2019 E. 5;2C_177/2019 E. 5.1;2C_192/2019 E. 2.2;2C_192/2019 E. 2.3;2C_192/2019 E. 3.1;2C_192/2019 E. 3.2;2C_192/2019 E. 3.3;2C_192/2019 E. 4.5;2C_192/2019 E. 5.4;2C_192/2019 E. 5.4.2;2C_305/2016 E. 2.3.1,has_parents_but_none_in_same_query_gold
train,train_0974,Art. 8a SchKG,True,112,False,,1B_593/2022 E. 4.1;1B_593/2022 E. 4.2;4A_414/2014 E. 2.6.1;4A_414/2014 E. 2.6.2;4A_438/2015 E. 3;4A_440/2014 E. 2;4A_440/2014 E. 4.2;4A_440/2015 E. 2;4A_618/2013 E. 1.3;5A_122/2015 E. 2.3;5A_164/2021 E. 1.1;5A_164/2021 E. 3.3.3;5A_164/2021 E. 4.1.2;5A_164/2021 E. 4.5;5A_172/2016 E. 3.1;5A_201/2013 29.04.2013 E. 2;5A_201/2013 29.04.2013 E. 3;5A_244/2009 09.07.2009 E. 1;5A_244/2009 09.07.2009 E. 2;5A_244/2009 09.07.2009 E. 3,has_parents_but_none_in_same_query_gold
train,train_0975,Art. 216 OR,True,30,False,,2A.693/2004 21.06.2005 E. 3;2C_265/2021 E. 4.3.5;4A_189/2012 02.10.2012 E. 3;4A_189/2012 02.10.2012 E. 5;4A_251/2024 E. 3.3.3;4A_281/2014 E. 3.4.3;4A_281/2014 E. 4.1;4A_309/2007 22.10.2007 E. 3;4A_320/2015 E. 2.1;4A_417/2007 14.02.2008 E. B;4C.109/2006 30.06.2006 E. 2;4C.165/2000 23.10.2000 E. 5;4C.271/2003 17.02.2004 E. 2.2;4C.297/2004 09.12.2004 E. 4;4C.301/2006 23.04.2007 E. 4;4C.386/2005 03.02.2006 E. 3;4C.396/2002 10.06.2003 E. 2;4P.232/2004 03.01.2005 E. 3;5A.33/2006 24.04.2007 E. 4;5A.33/2006 24.04.2007 E. 5,has_parents_but_none_in_same_query_gold
train,train_0977,Art. 7 SVG,True,1,False,,Art. 10 Abs. 1 VTS,has_parents_but_none_in_same_query_gold
train,train_0977,Art. 41 OR,True,556,False,,1A.128/2001 18.01.2002 E. 3;1A.203/2004 16.03.2005 E. 4;1A.228/2004 03.08.2005 E. 9;1A.230/2006 05.06.2007 E. 3;1A.270/1999 19.05.2000 E. 2;1B_39/2012 10.05.2012 E. 3.1;1B_41/2011 24.03.2011 E. 2.1;1B_460/2022 E. 2.3.2;1B_80/2019 E. 3.3;1C_406/2008 05.02.2009 E. 1.2;1C_502/2015 E. 5.3.4;1C_908/2013 E. 2.3;1P.119/2000 09.10.2000 E. 2;1P.126/2005 27.04.2005 E. 3;1P.14/2000 31.01.2000 E. 1;1P.164/2002 25.06.2002 E. 1;1P.176/2005 28.06.2005 E. 4;1P.18/2007 30.07.2007 E. 3.3;1P.188/2005 14.07.2005 E. 3;1P.189/2003 15.12.2003 E. 1,has_parents_but_none_in_same_query_gold
train,train_0979,Art. 41 OR,True,556,False,,1A.128/2001 18.01.2002 E. 3;1A.203/2004 16.03.2005 E. 4;1A.228/2004 03.08.2005 E. 9;1A.230/2006 05.06.2007 E. 3;1A.270/1999 19.05.2000 E. 2;1B_39/2012 10.05.2012 E. 3.1;1B_41/2011 24.03.2011 E. 2.1;1B_460/2022 E. 2.3.2;1B_80/2019 E. 3.3;1C_406/2008 05.02.2009 E. 1.2;1C_502/2015 E. 5.3.4;1C_908/2013 E. 2.3;1P.119/2000 09.10.2000 E. 2;1P.126/2005 27.04.2005 E. 3;1P.14/2000 31.01.2000 E. 1;1P.164/2002 25.06.2002 E. 1;1P.176/2005 28.06.2005 E. 4;1P.18/2007 30.07.2007 E. 3.3;1P.188/2005 14.07.2005 E. 3;1P.189/2003 15.12.2003 E. 1,has_parents_but_none_in_same_query_gold
train,train_0979,Art. 45 OR,True,36,False,,1A.263/1999 22.06.2000 E. 4;1A.263/1999 22.06.2000 E. 5;4A_153/2008 14.10.2008 E. 2;4A_249/2010 16.11.2010 E. 2;4A_364/2011 07.02.2012 E. 2;4A_364/2011 07.02.2012 E. 3;4A_389/2020 18.05.2021 E. 10.4.1;4A_389/2020 18.05.2021 E. 10.5.2;4A_389/2020 18.05.2021 E. 10.7.2;4A_389/2020 18.05.2021 E. 5.3.2;4A_48/2010 09.07.2010 E. 1.3.4;4A_500/2009 25.05.2010 E. 2;4A_500/2009 25.05.2010 E. 3;4C.107/2001 20.08.2001 E. 2;4C.107/2001 20.08.2001 E. 3;4C.170/2005 09.11.2005 E. 4;5C.7/2001 20.07.2001 E. 8;6B_160/2008 09.07.2008 E. 1;6B_306/2008 09.10.2008 E. 1;6B_646/2007 24.04.2008 E. 1.2,has_parents_but_none_in_same_query_gold
train,train_0979,Art. 14 VVG,True,32,False,,2C_489/2023 E. 7.1.5;4A_10/2016 E. 3.5;4A_10/2016 E. 3.7.2;4A_229/2019 E. 5.2;4A_229/2019 E. B;4A_316/2013 E. 6.1;4A_316/2013 E. 6.2;4A_316/2013 E. 7.3;4A_333/2016 E. 3.3;4A_382/2014 E. 5.3;4A_393/2008 17.11.2008 E. 4;4A_432/2015 E. 2.2;4A_490/2019 E. 5.10.1;4A_517/2013 E. 2.1.1;4A_66/2017 E. 3.2;4C.240/2003 03.12.2003 E. 4;5C.11/2002 11.04.2002 E. 3;5C.146/2000 15.02.2001 E. 3;5C.184/2003 29.01.2004 E. 3;5C.36/2001 29.10.2002 E. 2,has_parents_but_none_in_same_query_gold
train,train_0980,Art. 849 ZGB,True,1,False,,5A_177/2017 E. 3.1,has_parents_but_none_in_same_query_gold
train,train_0981,Art. 285 StGB,True,74,False,,1A.288/2005 22.12.2005 E. 2;1B_164/2009 31.08.2009 E. 2.6;1B_171/2021 E. 4.2;1B_176/2016 E. A;1B_179/2022 E. 6.1.1;1B_179/2022 E. 6.1.2;1B_236/2014 E. 4.1;1B_251/2021 E. 4;1B_251/2021 E. 5.2;1B_254/2010 23.08.2010 E. 2;1B_254/2010 23.08.2010 E. 2.4;1B_254/2014 E. 3.1;1B_302/2008 25.11.2008 E. 1;1B_443/2011 28.11.2011 E. A;1B_69/2008 26.03.2008 E. 1;1C_154/2014 E. 1;1C_16/2010 16.11.2010 E. B;1C_176/2013 07.01.2014 E. 1;1C_181/2019 E. 10.5;1C_428/2009 13.10.2010 E. B,has_parents_but_none_in_same_query_gold
train,train_0982,Art. 10a USG,True,41,True,Art. 55 Abs. 1 USG,1C_101/2020 29.01.2021 E. 1.1;1C_109/2010 08.09.2010 E. 3;1C_162/2015 15.07.2016 E. 4;1C_162/2024 E. 1.2.3;1C_17/2021 E. 3.1;1C_27/2022 20.04.2023 E. 1.1;1C_283/2012 E. 1.2;1C_290/2017 E. 7.1;1C_308/2018 E. 1;1C_308/2018 E. 4.6;1C_327/2022 07.11.2023 E. 5;1C_327/2022 07.11.2023 E. 5.1;1C_346/2014 E. 1.2;1C_356/2019 E. 1;1C_357/2015 E. 1.2;1C_405/2012 E. 2.5;1C_409/2008 08.04.2009 E. 2;1C_450/2021 E. 5.5.3;1C_473/2020 E. 4.1;1C_473/2020 E. 4.3,parent_in_same_query_gold
train,train_0986,Art. 712c ZGB,True,4,False,,5A_299/2014 E. 4;5A_373/2021 E. 3.2.2;5C.232/2003 02.03.2004 E. 3;BGE 130 III 306 E. 3.2,has_parents_but_none_in_same_query_gold
train,train_0988,Art. 66a StGB,True,621,False,,1B_116/2019 E. 3.2;1B_116/2019 E. 3.3;1B_292/2021 E. 3;1B_334/2018 E. A;1B_364/2017 E. 4.3;1C_537/2021 E. 6.4.2;2C_1045/2019 E. 5.5;2C_1054/2018 E. 2.2;2C_108/2018 E. 3.3;2C_133/2022 E. 4;2C_139/2018 E. 2.3.1;2C_140/2017 E. 6.2;2C_148/2022 E. 3;2C_150/2024 E. 4.3.4;2C_169/2017 E. 3.1;2C_173/2020 E. 4.3.1;2C_188/2019 E. 2.2.1;2C_230/2022 E. 5.2;2C_231/2019 E. 2.2.2;2C_24/2019 E. 2.2,has_parents_but_none_in_same_query_gold
train,train_0989,Art. 8 DSG,True,125,False,,1A.212/2003 30.08.2004 E. 11;1A.212/2003 30.08.2004 E. 13;1A.225/2002 27.05.2003 E. 1;1A.241/2003 03.03.2004 E. 1;1A.241/2003 03.03.2004 E. 3;1A.314/2000 05.03.2001 E. 7;1C_270/2011 29.08.2011 E. 4;1C_285/2009 08.09.2010 E. 3;1C_285/2009 08.09.2010 E. 6;1C_289/2009 02.11.2011 E. 3;1C_289/2009 02.11.2011 E. 7;1C_377/2019 E. 3.2;1C_377/2019 E. 4.3;1C_377/2019 E. 9.2;1C_425/2020 E. 2;1C_425/2020 E. 2.1;1C_425/2020 E. 2.3;1C_425/2020 E. 3.4.2;1C_425/2020 E. 4.3;1C_425/2020 E. A,has_parents_but_none_in_same_query_gold
train,train_0992,Art. 62a RVOG,True,3,False,,1A.142/2006 04.12.2006 E. 2;1C_159/2014 E. 4.3;Art. 41 Abs. 2 ArGV 4,has_parents_but_none_in_same_query_gold
train,train_0992,Art. 41 LFG,False,0,False,,,no_parent_edges_found
train,train_0993,Art. 197 ZGB,True,17,False,,5A_505/2024 E. 4;5A_605/2008 28.01.2009 E. 4;5A_614/2024 E. 3.4;5A_636/2011 10.02.2012 E. 5;5A_673/2007 24.04.2008 E. 3.3;5A_824/2009 29.03.2010 E. 2;5C.177/2000 19.10.2000 E. 3;5C.238/2000 08.12.2000 E. 1;5C.74/2004 14.03.2005 E. 4;5C.85/2003 30.06.2003 E. 3;5C.90/2004 15.07.2004 E. 3;5D_167/2008 13.01.2009 E. 3;9C_163/2014 E. 1;BGE 121 III 201 E. 4a;BGE 131 III 559 E. 4.2;BGE 135 III 241 E. 4.3;BGE 138 III 193 E. 5.2,has_parents_but_none_in_same_query_gold
train,train_0993,Art. 208 ZGB,True,35,False,,5A_141/2007 21.12.2007 E. 9;5A_141/2013 25.04.2013 E. 2;5A_234/2012 28.09.2012 E. 3;5A_253/2022 E. 4;5A_253/2022 E. 9;5A_253/2022 E. 9.1;5A_253/2022 E. 9.2;5A_336/2019 E. 8.3;5A_35/2009 27.04.2009 E. 2;5A_372/2008 25.11.2008 E. 2;5A_391/2018 E. 2.4.2;5A_454/2015 E. 3.4.1;5A_454/2015 E. 4.3;5A_471/2020 E. 3.4.2;5A_51/2014 E. 2.1;5A_550/2019 E. 9.2.1;5A_662/2008 06.02.2009 E. 2;5A_733/2009 10.02.2010 E. 8;5A_780/2019 31.08.2020 E. 3.1;5A_780/2019 31.08.2020 E. 3.3,has_parents_but_none_in_same_query_gold
train,train_0994,Art. 80 SchKG,True,299,False,,1C_275/2012 21.09.2012 E. A;1C_482/2021 E. 2;2C_586/2010 24.03.2011 E. 3;2C_730/2013 E. 1;4A_151/2024 E. 1.2.3;4A_151/2024 E. 2;4A_151/2024 E. 3.4;4A_151/2024 E. 3.6;4A_187/2015 29.09.2015 E. 9.2;4A_249/2018 E. 2.5;4A_366/2025 E. 2.1;4A_368/2025 E. 2.1;4A_387/2024 E. 3.1.1;4A_387/2024 E. 3.1.2;4A_387/2024 E. 3.1.3;4A_387/2024 E. 3.4.1;4A_435/2024 E. 2.1.1;4A_435/2024 E. 4.1;4A_435/2024 E. 5.2.1;4A_436/2024 E. 4.2,has_parents_but_none_in_same_query_gold
train,train_0997,Art. 2 URG,True,36,False,,4A_104/2008 08.05.2008 E. 3;4A_104/2008 08.05.2008 E. 4;4A_115/2017 E. 2.6.1;4A_115/2017 E. C;4A_115/2020 E. 3.1;4A_115/2020 E. 5.2;4A_295/2014 E. 3.6.3;4A_404/2007 13.02.2008 E. 2;4A_472/2021 17.06.2022 E. 5.2;4A_472/2021 17.06.2022 E. 5.3;4A_472/2021 17.06.2022 E. 6.1.2;4A_491/2022 E. 6.2.1;4A_522/2010 25.11.2010 E. 9;4A_78/2011 02.05.2011 E. 2;4C.111/2002 19.04.2004 E. 2;4C.117/2003 05.09.2003 E. 3;4C.117/2003 05.09.2003 E. 4;4C.117/2003 05.09.2003 E. 5;4C.117/2003 05.09.2003 E. 9;4C.120/2002 19.08.2002 E. 2,has_parents_but_none_in_same_query_gold
train,train_0998,Art. 144 StGB,True,89,False,,1B_121/2019 E. 3.3;1B_184/2012 27.08.2012 E. 4;1B_195/2016 E. A;1B_244/2017 E. 2.2;1B_248/2011 29.11.2011 E. 3;1B_254/2014 E. 3.1;1B_283/2016 E. 5.4;1B_293/2023 E. 2;1B_347/2022 E. 4.4;1B_365/2014 12.01.2015 E. 3;1B_418/2018 E. 2.7;1B_422/2018 E. 2.7;1B_432/2011 20.09.2012 E. 3;1B_432/2011 20.09.2012 E. 4;1B_435/2011 13.09.2011 E. 3;1B_553/2017 E. 3.4;1B_556/2019 E. 2.1;1B_579/2011 01.11.2011 E. 3;1B_80/2009 07.04.2009 E. 2;1B_95/2015 E. A,has_parents_but_none_in_same_query_gold
train,train_0999,Art. 74a IRSG,True,71,False,,1A.184/2005 09.12.2005 E. 2;1A.185/2005 09.12.2005 E. 6;1A.186/2005 09.12.2005 E. 3.4;1A.187/2005 09.12.2005 E. 3.6;1A.226/2000 06.11.2000 E. 5;1A.249/1999 01.02.2000 E. 2;1A.249/1999 01.02.2000 E. 3;1A.249/1999 01.02.2000 E. 6;1A.27/2006 18.08.2006 E. 1.4;1A.27/2006 18.08.2006 E. 2.3;1A.27/2006 18.08.2006 E. 5.4;1A.295/2000 22.11.2000 E. A;1A.323/2005 03.04.2006 E. 3;1A.335/2005 18.08.2006 E. 1;1A.335/2005 18.08.2006 E. 2;1A.335/2005 18.08.2006 E. 6;1A.335/2005 22.03.2007 E. 2;1A.36/2004 24.05.2004 E. 4;1A.38/2005 18.05.2005 E. 3;1A.43/2005 19.08.2005 E. 6,has_parents_but_none_in_same_query_gold
train,train_0999,Art. 80p IRSG,True,13,False,,1A.214/2001 19.02.2002 E. 2;1A.215/2001 19.02.2002 E. 2;1A.241/1999 17.03.2000 E. 4;1A.25/2002 13.03.2002 E. 5;1A.320/2005 23.01.2006 E. 4;1A.53/2007 11.02.2008 E. 4;1C_205/2007 18.12.2007 E. 6;1C_379/2012 11.09.2012 E. 1.2;1C_393/2018 E. 3.3;1C_397/2018 E. 3.3;1C_473/2018 E. 1.2;BGE 134 IV 156 E. 6.10;BGE 145 IV 99 E. 3.3,has_parents_but_none_in_same_query_gold
train,train_0999,Art. 94 IRSG,True,10,False,,1A.145/2002 13.11.2002 E. 2;1C_222/2020 E. 3.2;1C_624/2022 E. 6.5;1C_624/2022 E. 6.7;6B_1284/2021 E. 4.3.2;6B_1284/2021 E. 4.4.1;6B_1284/2021 E. 5.3.2;Art. 8 Abs. 2 IRSV;BGE 149 IV 376 E. 6.5;BGE 149 IV 376 E. 6.7,has_parents_but_none_in_same_query_gold
train,train_0999,Art. 11 TEVG,False,0,False,,,no_parent_edges_found
train,train_1000,Art. 19 FINIV,False,0,False,,,no_parent_edges_found
train,train_1002,Art. 781 ZGB,True,18,False,,1E.5/2001 16.10.2001 E. 3;5A_171/2008 13.05.2008 E. 2;5A_235/2011 08.08.2011 E. 2;5A_259/2019 E. 5.1;5A_259/2019 E. 5.3.2;5A_341/2019 E. 3.4;5A_507/2010 15.12.2010 E. 6;5A_550/2011 24.10.2011 E. 4;5A_550/2011 24.10.2011 E. 5;5A_560/2009 07.10.2009 E. 1;5A_884/2012 E. 4.2;5C.111/2006 25.08.2006 E. 8;5C.270/2000 12.04.2001 E. 2;5C.270/2000 12.04.2001 E. 3;6B_913/2014 E. 2;BGE 132 III 651 E. 8;BGE 137 III 444 E. 2.1;BGE 147 III 1 E. 3.4,has_parents_but_none_in_same_query_gold
train,train_1002,Art. 965 ZGB,True,14,False,,5A.14/2001 29.01.2002 E. 3;5A_341/2019 E. 5.4;5A_341/2019 E. 5.6.2;5A_383/2010 10.12.2010 E. 2;5A_454/2013 16.10.2013 E. 4.3;5A_614/2008 26.11.2008 E. 3;5A_614/2008 26.11.2008 E. 4;5A_803/2013 E. 2.2;BGE 121 III 97 E. 1b;BGE 121 III 97 E. 1c;BGE 135 III 103 E. 3.1;BGE 135 III 103 E. 4.4;BGE 147 III 1 E. 5.4;BGE 147 III 1 E. 5.6.2,has_parents_but_none_in_same_query_gold
train,train_1003,Art. 31 BV,True,634,False,,1A.283/2000 20.11.2000 E. 3;1B_1/2023 E. 3.1;1B_100/2009 20.05.2009 E. 2;1B_100/2018 E. 2.1;1B_102/2011 22.03.2011 E. 2;1B_103/2013 27.03.2013 E. 5;1B_104/2007 25.06.2007 E. 2;1B_104/2007 25.06.2007 E. 3;1B_104/2009 18.05.2009 E. 3;1B_104/2018 E. 1.3;1B_108/2015 E. 5.3;1B_12/2007 26.02.2007 E. 2;1B_120/2023 E. 2.1;1B_121/2019 E. 2;1B_121/2019 E. 3;1B_121/2019 E. 3.1;1B_122/2009 10.06.2009 E. 2;1B_123/2008 02.06.2008 E. 2;1B_124/2023 E. 1.2;1B_125/2020 E. 3.3,has_parents_but_none_in_same_query_gold
train,train_1004,Art. 271 StGB,True,52,False,,1B_265/2009 25.01.2010 E. A;1C_126/2025 E. 1.2;2C_1042/2016 E. 1.3.2;2C_1042/2016 E. 5.1;2C_1042/2016 E. 5.5.1;2C_1043/2016 E. 1.3.2;2C_1043/2016 E. 5.1;2C_1043/2016 E. 5.5.1;2C_1044/2016 E. 1.3.2;2C_1044/2016 E. 5.1;2C_1044/2016 E. 5.5.1;2C_1058/2014 E. 3.1;2C_1058/2014 E. 3.2;2C_1058/2014 E. 4.7;2C_1156/2016 E. 2.3;2C_1156/2016 E. 3.1;2C_1156/2016 E. 3.1.1;2C_1156/2016 E. 3.1.4;2C_1156/2016 E. 3.2.2;2C_1156/2016 E. 3.3.3,has_parents_but_none_in_same_query_gold
train,train_1004,Art. 65a IRSG,True,9,False,,1A.101/2000 18.07.2000 E. 5;1A.110/2000 18.07.2000 E. 3;1A.165/2000 24.08.2000 E. 1;1A.244/2002 24.10.2003 E. 8;1A.259/2005 15.11.2005 E. 1;1A.308/2000 08.02.2001 E. 1;1A.308/2000 08.02.2001 E. 2;1A.57/2000 08.05.2000 E. 3;1C_428/2020 E. 2.1,has_parents_but_none_in_same_query_gold
train,train_1006,Art. 31 GSchG,True,27,False,,1A.151/2002 22.01.2003 E. 5;1A.234/1999 01.05.2000 E. 4;1A.73/1995 28.04.2000 E. 2;1A.73/1995 28.04.2000 E. 3;1A.73/1995 28.04.2000 E. 4;1A.73/1995 28.04.2000 E. 5;1A.73/1995 28.04.2000 E. 7;1C_15/2023 E. 3.2;1C_283/2012 E. 5.2;1C_31/2022 E. 3.1;1C_31/2022 E. 3.2;1C_357/2015 E. 4.1;1C_371/2012 30.05.2013 E. 3;1C_401/2020 E. 4.1.1;1C_401/2020 E. 4.6;1C_490/2017 E. 5;1C_490/2017 E. 7.1;1C_490/2017 E. 8.2;1C_526/2015 12.10.2016 E. 4;1C_631/2017 E. 2,has_parents_but_none_in_same_query_gold
train,train_1006,Art. 33 GSchG,True,43,False,,1A.151/2002 22.01.2003 E. 5;1A.170/2003 27.08.2004 E. 5;1A.59/1995 28.04.2000 E. 2;1A.73/1995 28.04.2000 E. 2;1A.73/1995 28.04.2000 E. 4;1A.73/1995 28.04.2000 E. 5;1A.73/1995 28.04.2000 E. 7;1C_15/2023 E. 3.2;1C_283/2012 E. 5.1;1C_283/2012 E. 5.2;1C_283/2012 E. 5.3;1C_283/2012 E. 7.2;1C_283/2012 E. 8.1;1C_283/2012 E. 8.2;1C_283/2012 E. 8.3;1C_283/2012 E. 8.4.1;1C_283/2012 E. 8.4.3;1C_283/2012 E. 9.2;1C_283/2012 E. B;1C_31/2022 E. 3.2,has_parents_but_none_in_same_query_gold
train,train_1007,Art. 668 ZGB,False,0,False,,,no_parent_edges_found
train,train_1007,Art. 679 ZGB,True,131,False,,1A.18/2001 29.10.2001 E. 5;1A.220/2002 10.02.2003 E. 3;1C_145/2008 03.07.2008 E. 3;1C_231/2012 E. 3.1.3;1C_469/2017 E. 5.1;1C_485/2017 E. 4.3;1C_671/2017 E. 2;1C_671/2017 E. 5.2;1C_9/2024 E. 3.1;1E.3/2002 25.09.2002 E. 2;1E.3/2005 10.05.2005 E. 3;1E.8/2003 27.07.2004 E. 5;2A.268/1999 17.03.2000 E. A;2C_508/2024 E. 5.3;2C_885/2021 E. 2.3.4;2C_885/2021 E. 2.3.5;4A_119/2007 09.10.2007 E. 2;4A_156/2016 E. 2;4A_156/2016 E. 2.3;4A_156/2016 E. 3,has_parents_but_none_in_same_query_gold
train,train_1008,Art. 31 BV,True,634,False,,1A.283/2000 20.11.2000 E. 3;1B_1/2023 E. 3.1;1B_100/2009 20.05.2009 E. 2;1B_100/2018 E. 2.1;1B_102/2011 22.03.2011 E. 2;1B_103/2013 27.03.2013 E. 5;1B_104/2007 25.06.2007 E. 2;1B_104/2007 25.06.2007 E. 3;1B_104/2009 18.05.2009 E. 3;1B_104/2018 E. 1.3;1B_108/2015 E. 5.3;1B_12/2007 26.02.2007 E. 2;1B_120/2023 E. 2.1;1B_121/2019 E. 2;1B_121/2019 E. 3;1B_121/2019 E. 3.1;1B_122/2009 10.06.2009 E. 2;1B_123/2008 02.06.2008 E. 2;1B_124/2023 E. 1.2;1B_125/2020 E. 3.3,has_parents_but_none_in_same_query_gold
train,train_1008,Art. 13 BV,True,2239,False,,1A.104/1999 05.04.2000 E. 6;1A.214/2005 23.01.2006 E. 5;1A.23/2005 04.07.2005 E. 5;1B_101/2008 28.10.2008 E. 2;1B_101/2008 28.10.2008 E. 3;1B_103/2021 E. 3.2;1B_115/2016 E. 2.4.1;1B_116/2016 E. 2.4.1;1B_131/2015 E. 3;1B_134/2011 14.07.2011 E. 4;1B_146/2016 E. 2.1;1B_175/2013 E. 1.3;1B_175/2013 E. 4.2.3;1B_191/2018 E. 1.3;1B_191/2018 E. 2;1B_193/2017 E. 3.5.1;1B_206/2007 07.01.2008 E. 6;1B_229/2017 E. 1.5;1B_231/2013 E. 3.3;1B_231/2015 E. 2.3,has_parents_but_none_in_same_query_gold
train,train_1008,Art. 22 BV,True,148,False,,1A.69/2002 19.03.2003 E. 2;1B_285/2020 E. 4.4.1;1B_387/2021 E. 2;1B_387/2021 E. 4.5;1C_103/2024 E. 2;1C_109/2021 E. 4.3.2;1C_109/2024 E. 2;1C_110/2024 E. 2;1C_111/2024 E. 2;1C_140/2008 17.03.2009 E. 5;1C_140/2008 17.03.2009 E. 8.1;1C_147/2021 E. 7;1C_176/2013 07.01.2014 E. F;1C_181/2019 E. 10;1C_181/2019 E. 10.3;1C_181/2019 E. 4.1;1C_20/2018 E. 2.1;1C_226/2015 E. 3.1;1C_226/2015 E. 4.1;1C_226/2015 E. D,has_parents_but_none_in_same_query_gold
train,train_1008,Art. 16 BV,True,273,False,,1A.220/2006 16.03.2007 E. 1;1A.220/2006 16.03.2007 E. 4;1B_103/2014 E. 2.1;1B_134/2011 14.07.2011 E. 4;1B_169/2015 06.11.2015 E. 3.1;1B_196/2010 18.11.2010 E. 4;1B_26/2009 02.03.2009 E. 3;1B_26/2009 02.03.2009 E. B;1B_26/2014 E. 4;1B_285/2020 E. 4.4.1;1B_292/2010 23.12.2010 E. 1;1B_349/2016 22.02.2017 E. 2.1;1B_349/2016 22.02.2017 E. 3;1B_349/2016 22.02.2017 E. 3.1;1B_502/2011 05.10.2011 E. 8;1B_77/2008 15.07.2008 E. 2;1C_122/2015 E. 2.1;1C_129/2016 E. 2.1;1C_137/2018 27.11.2018 E. 4.5;1C_137/2018 27.11.2018 E. 6.1,has_parents_but_none_in_same_query_gold
train,train_1009,Art. 4a VStG,True,25,False,,2A.660/2006 08.06.2007 E. 4;2A.9/2005 27.10.2005 E. 2;2A.9/2005 27.10.2005 E. B;2C_119/2018 E. 3.1;2C_119/2018 E. 4;2C_119/2018 E. 4.2.2;2C_268/2009 08.10.2009 E. 1;2C_268/2009 08.10.2009 E. 2;2C_268/2009 08.10.2009 E. 2.2;2C_268/2009 08.10.2009 E. 3;2C_268/2009 08.10.2009 E. 3.2;2C_268/2009 08.10.2009 E. C;2C_387/2007 04.03.2008 E. 3;2C_397/2017 E. 3.3;2C_397/2017 E. 3.7;9C_135/2023 E. 3.2;BGE 136 II 33 E. 2.1;BGE 136 II 33 E. 2.2.1;BGE 136 II 33 E. 2.2.2;BGE 136 II 33 E. 3.1,has_parents_but_none_in_same_query_gold
train,train_1009,Art. 4 VStG,True,8,False,,2C_1145/2014 01.10.2015 E. 2.5;2C_123/2016 E. 4.2.3;2C_123/2016 E. 4.2.4;2C_16/2015 E. 2.4.1;2C_557/2010 04.11.2010 E. 3;2C_812/2010 23.03.2011 E. 5;2C_812/2010 23.03.2011 E. 6;Art. 9 Abs. 1 VStG,has_parents_but_none_in_same_query_gold
train,train_1009,Art. 659 OR,True,30,True,Art. 4a Abs. 2 VStG,2A.660/2006 08.06.2007 E. 3;2A.9/2005 27.10.2005 E. 2;2A.9/2005 27.10.2005 E. B;2C_119/2018 E. 3.2;2C_119/2018 E. 4.2.2;2C_268/2009 08.10.2009 E. 2.2;2C_268/2009 08.10.2009 E. 3;2C_268/2009 08.10.2009 E. 3.2;2C_368/2013 02.02.2014 E. 6.3;2C_896/2008 30.10.2009 E. 2;2C_928/2014 E. 3.2;4A_209/2021 E. 6.3;4A_340/2021 E. 4.1;4A_340/2021 E. 5.2.1;4C.242/2001 05.03.2003 E. 5;5C.119/2004 23.12.2004 E. 2;9C_135/2023 E. 3.2.1;9C_135/2023 E. 5.5;Art. 4a Abs. 2 VStG;BGE 136 II 33 E. 2.2.1,parent_in_same_query_gold
train,train_1010,Art. 6 BankV,True,3,False,,2C_345/2015 E. 5.2.4;2C_345/2015 E. 6.5;6B_1304/2017 E. 3.3,has_parents_but_none_in_same_query_gold
train,train_1011,Art. 23 LugÜ,False,0,False,,,no_parent_edges_found
train,train_1011,Art. 5 IPRG,True,27,False,,4A_112/2020 E. 3.1.1;4A_112/2020 E. 3.1.2;4A_112/2020 E. 3.2.1;4A_112/2020 E. 3.2.3;4A_112/2020 E. 3.2.4;4A_120/2022 E. 4.1;4A_131/2017 E. 3.2;4A_433/2019 E. 4.3.2;4A_486/2021 E. 3.1;4A_486/2021 E. 3.2;4A_559/2022 E. 5.1.2;4C.353/1999 28.01.2000 E. 2;4C.393/2000 01.03.2002 E. 2;5A_45/2024 E. 3;5A_45/2024 E. 4.1;5A_45/2024 E. 4.2;5A_45/2024 E. 5.2;5A_45/2024 E. 5.2.1;5A_45/2024 E. 5.2.2;5A_45/2024 E. 5.2.3,has_parents_but_none_in_same_query_gold
train,train_1011,Art. 116 IPRG,True,44,False,,4A_109/2012 20.09.2012 E. 7;4A_109/2012 20.09.2012 E. 8;4A_148/2011 08.09.2011 E. 4;4A_154/2018 E. B;4A_208/2014 E. 2.1;4A_212/2014 E. 2.1;4A_223/2020 E. 2.1;4A_229/2010 07.10.2010 E. 2;4A_279/2009 14.09.2009 E. 2;4A_303/2013 E. 4.2;4A_329/2013 E. 3;4A_356/2011 09.11.2011 E. 3;4A_436/2011 02.04.2012 E. 2;4A_511/2007 08.04.2008 E. 3;4A_589/2011 E. 3;4A_624/2014 E. 3.2;4C.1/2005 20.12.2005 E. 1;4C.143/2003 14.10.2003 E. 1;4C.144/2003 10.09.2003 E. 1;4C.148/2001 06.06.2002 E. 3,has_parents_but_none_in_same_query_gold
train,train_1011,Art. 112 IPRG,True,3,False,,4A_133/2008 16.05.2008 E. 3;4C.373/2004 27.01.2005 E. 2;BGE 133 III 252 E. 4,has_parents_but_none_in_same_query_gold
train,train_1012,Art. 335 ZGB,True,16,False,,2A.457/2001 04.03.2002 E. A;5A_30/2025 E. 3;5A_401/2010 11.08.2010 E. 3;5A_669/2022 E. 4.3;5A_669/2022 E. 4.3.1;5A_669/2022 E. 4.6.2;5A_817/2009 11.02.2010 E. 1;5A_817/2009 11.02.2010 E. 2;5C.9/2001 18.05.2001 E. 2;5C.9/2001 18.05.2001 E. 3;5F_3/2024 E. 4.2;7B_207/2024 E. 1.4;7B_870/2024 E. 2.4;8C_716/2008 05.12.2008 E. A;9C_637/2022 E. 4.2;BGE 127 III 337 E. 2c,has_parents_but_none_in_same_query_gold
train,train_1012,Art. 154 IPRG,True,13,False,,2A.111/2004 15.07.2004 E. 6;2C_894/2013 E. 3.1;4A_329/2013 E. 3;4C.157/2003 02.11.2004 E. 2;4C.245/2001 23.11.2001 E. 2;4C.32/2001 07.05.2001 E. 3;4C.94/2005 14.09.2005 E. 2;5A_207/2024 E. 5.1.1;5A_89/2024 E. 4.1;5A_89/2024 E. 4.2;5A_963/2014 E. 5.2;5A_963/2014 E. 5.4.1;BGE 141 III 513 E. 5.4.1,has_parents_but_none_in_same_query_gold
train,train_1013,Art. 237 StPO,True,250,False,,1B_1/2023 E. 4.2;1B_101/2021 E. 2;1B_102/2011 22.03.2011 E. 2;1B_103/2018 E. 1;1B_104/2011 24.03.2011 E. 3;1B_105/2014 E. 2.2;1B_107/2021 E. 4;1B_114/2017 E. 3.8;1B_115/2013 E. 3.2;1B_12/2013 01.02.2013 E. C;1B_121/2019 E. 4.1;1B_125/2020 E. 3.7;1B_131/2021 E. 3.1;1B_131/2021 E. 3.4;1B_136/2017 E. 3;1B_136/2018 E. 5.1;1B_142/2021 E. 5;1B_150/2015 E. 2.1;1B_154/2011 27.04.2011 E. 2;1B_156/2022 E. 5,has_parents_but_none_in_same_query_gold
train,train_1015,Art. 83 AsylG,True,13,False,,2P.39/2003 19.02.2004 E. 3;2P.39/2003 19.02.2004 E. 4;8C_641/2023 E. 6.2;Art. 44 AsylG;BGE 130 I 82 E. 2;BGE 130 I 82 E. 3;BGE 130 I 82 E. 3.1;BGE 130 I 82 E. 3.3;BGE 130 I 82 E. 3.5;BGE 130 I 82 E. 3.6;BGE 130 I 82 E. 3.7;BGE 130 I 82 E. 4.1;BGE 130 I 82 E. 4.2,has_parents_but_none_in_same_query_gold
train,train_1020,Art. 51 ATSG,True,81,True,Art. 100 Abs. 1 AVIG,2C_444/2015 E. 3.2.3;8C_1039/2012 18.04.2013 E. 3;8C_162/2015 E. 2.1;8C_185/2017 E. 5.1;8C_23/2007 12.03.2008 E. 3;8C_23/2007 12.03.2008 E. 5;8C_38/2013 E. 2.3;8C_441/2012 E. 3.1.2;8C_478/2016 E. 4.3.1;8C_485/2018 E. 4.2;8C_485/2018 E. 5.3;8C_527/2018 E. 5.1.1;8C_536/2017 E. 3.4;8C_579/2012 29.01.2013 E. 3;8C_62/2018 E. 3.3.2;8C_631/2013 E. 5.1;8C_673/2008 10.07.2009 E. 3;8C_738/2007 26.03.2008 E. 4;8C_738/2007 26.03.2008 E. 6;8C_738/2016 E. 3.2,parent_in_same_query_gold
train,train_1022,Art. 725 OR,True,95,False,,1P.258/2003 19.08.2003 E. 3;1P.456/2003 04.03.2004 E. 3;2A.252/2002 04.11.2002 E. 2;2A.332/2006 06.03.2007 E. 5.2;2A.90/2001 25.01.2002 E. 5;2C_465/2011 10.02.2012 E. 3;4A_15/2013 E. B;4A_188/2008 09.09.2008 E. 2;4A_188/2008 09.09.2008 E. 4;4A_267/2008 08.12.2008 E. 6;4A_267/2008 08.12.2008 E. B;4A_277/2010 02.09.2010 E. 2;4A_288/2011 13.02.2012 E. 3;4A_391/2009 12.02.2010 E. 2;4A_416/2016 E. 1;4A_418/2016 E. 1;4A_420/2016 E. 1;4A_474/2011 04.01.2012 E. 3;4A_496/2010 14.02.2011 E. 3;4A_645/2017 E. 6.1,has_parents_but_none_in_same_query_gold
train,train_1024,Art. 3 DSG,True,31,False,,1A.225/2002 27.05.2003 E. 1;1C_214/2016 E. 4.4;1C_214/2016 E. 6.4;1C_230/2011 31.05.2012 E. 6;1C_285/2009 08.09.2010 E. 3;1C_394/2016 E. 4.2;1C_425/2020 E. 3.4.2;1C_50/2015 E. 5.2.1;1C_74/2015 E. 3.2;1C_93/2021 E. 4.3.3;2A.692/2006 01.02.2007 E. 4;2C_1065/2014 E. 6.1;2C_726/2018 E. 3.4;4A_125/2020 E. 3.1;4A_125/2020 E. 3.3;4A_125/2020 E. 3.4.1;4A_365/2017 E. 5.2.2;5C.166/2000 20.07.2001 E. 3;BGE 124 III 170 E. 3b;BGE 127 III 481 E. 3bb,has_parents_but_none_in_same_query_gold
train,train_1024,Art. 28 ZGB,True,491,False,,1B_143/2011 01.06.2011 E. 4;1B_21/2012 27.03.2012 E. 2;1B_22/2012 11.05.2012 E. 2;1B_245/2015 E. 5.2;1B_294/2014 E. 3;1B_320/2015 E. 4.6;1B_562/2011 02.02.2012 E. 4;1B_562/2011 02.02.2012 E. 6;1B_643/2022 06.04.2023 E. 2;1B_652/2011 03.04.2012 E. 2;1B_75/2017 E. 4.1.2;1B_94/2019 E. 2.2;1C_175/2021 E. 5.3.1;1C_230/2011 31.05.2012 E. 10.6;1C_230/2011 31.05.2012 E. 12;1C_230/2011 31.05.2012 E. 8;1C_275/2012 21.09.2012 E. 1;1C_277/2023 E. 2.4;1C_382/2007 24.04.2008 E. 2;1C_382/2007 24.04.2008 E. 3,has_parents_but_none_in_same_query_gold
train,train_1024,Art. 4 Abs. 4 DSG,True,27,False,,1C_230/2011 31.05.2012 E. 9;1C_415/2020 E. 2.1;2C_171/2016 E. 4.1;2C_825/2019 E. 4.4;2C_825/2019 E. 4.5;2C_874/2020 E. 6.4.4;4A_588/2018 E. 4.2;6B_1133/2021 E. 2.2;6B_1133/2021 E. 2.4.1;6B_1188/2018 E. 3.1;6B_1188/2018 E. 3.2;6B_1188/2018 E. 4;6B_1404/2019 E. 1.2;6B_1404/2019 E. 1.3.2;6B_1404/2019 E. 1.4;6B_1468/2019 E. 1.3.2;6B_345/2024 E. 2.1.3;6B_68/2023 E. 2.1.2;6B_810/2020 E. 2.6.2;7B_797/2023 E. 3.2,has_parents_but_none_in_same_query_gold
train,train_1024,Art. 14 DSG,True,3,False,,1B_99/2020 E. 2.3;8C_736/2018 E. 3.3.1;Art. 51 Abs. 4 DSG,has_parents_but_none_in_same_query_gold
train,train_1024,Art. 34 DSG,True,3,False,,1B_472/2012 23.01.2013 E. A;6B_125/2023 E. 2.2;6B_798/2019 E. 4.1,has_parents_but_none_in_same_query_gold
train,train_1024,Art. 12 DSG,True,21,False,,1C_230/2011 31.05.2012 E. 7;1C_285/2009 08.09.2010 E. 5;1C_285/2009 08.09.2010 E. 5.2;6B_1133/2021 E. 2.3.2;6B_1188/2018 E. 3.3;6B_1362/2020 E. 14.4.2;6B_1468/2019 E. 1.3.2;6B_181/2018 E. 4.3;6B_301/2022 E. 2.2.3;6B_536/2009 12.11.2009 E. 3.6;6B_810/2020 E. 2.6.2;6B_887/2016 E. 5.2;9C_785/2010 10.06.2011 E. 2;BGE 136 II 508 E. 5.1;BGE 136 II 508 E. 5.2.1;BGE 136 II 508 E. 5.2.4;BGE 136 II 508 E. 5.2.5;BGE 138 II 346 E. 7.1;BGE 145 IV 42 E. 4.3;BGE 146 IV 226 E. 3.3,has_parents_but_none_in_same_query_gold
train,train_1024,Art. 13 DSG,True,45,False,,1C_230/2011 31.05.2012 E. 10;1C_230/2011 31.05.2012 E. 7;1C_285/2009 08.09.2010 E. 2;1C_285/2009 08.09.2010 E. 5;1C_285/2009 08.09.2010 E. 5.2;1C_285/2009 08.09.2010 E. 6;2C_37/2018 E. 6.1;2C_37/2018 E. 7;2C_776/2013 E. 5.2.2;2C_776/2013 E. 7.2.2;4A_576/2015 E. 2;4A_576/2015 E. 2.1;4A_576/2015 E. 2.2.1;4A_576/2015 E. 2.2.3;4A_588/2018 E. 4.3.1;6B_1133/2021 E. 2.3.2;6B_1133/2021 E. 2.4.2;6B_1133/2021 E. 2.4.3;6B_1188/2018 E. 3.3;6B_1362/2020 E. 14.4.2,has_parents_but_none_in_same_query_gold
train,train_1025,Art. 659 OR,True,30,False,,2A.660/2006 08.06.2007 E. 3;2A.9/2005 27.10.2005 E. 2;2A.9/2005 27.10.2005 E. B;2C_119/2018 E. 3.2;2C_119/2018 E. 4.2.2;2C_268/2009 08.10.2009 E. 2.2;2C_268/2009 08.10.2009 E. 3;2C_268/2009 08.10.2009 E. 3.2;2C_368/2013 02.02.2014 E. 6.3;2C_896/2008 30.10.2009 E. 2;2C_928/2014 E. 3.2;4A_209/2021 E. 6.3;4A_340/2021 E. 4.1;4A_340/2021 E. 5.2.1;4C.242/2001 05.03.2003 E. 5;5C.119/2004 23.12.2004 E. 2;9C_135/2023 E. 3.2.1;9C_135/2023 E. 5.5;Art. 4a Abs. 2 VStG;BGE 136 II 33 E. 2.2.1,has_parents_but_none_in_same_query_gold
train,train_1026,Art. 9 SebG,True,1,False,,Art. 25 Abs. 1 SebG,has_parents_but_none_in_same_query_gold
train,train_1026,Art. 111 BGG,True,157,False,,1B_174/2011 17.05.2011 E. 3;1B_185/2018 E. 2;1B_232/2011 12.07.2011 E. 1;1B_254/2012 24.05.2012 E. 3;1B_273/2011 31.08.2011 E. 2;1B_438/2020 E. 2.4;1B_549/2018 E. 3.3;1B_65/2011 22.02.2011 E. 3;1B_7/2013 E. 4.1;1C_118/2011 15.09.2011 E. 3;1C_128/2009 25.09.2009 E. 5;1C_13/2021 E. 2.1;1C_133/2008 06.06.2008 E. 2;1C_177/2014 E. 4.1;1C_180/2009 14.10.2009 E. 3;1C_182/2012 20.08.2012 E. 2.3;1C_191/2011 07.09.2011 E. 2.4;1C_20/2019 E. 3.4;1C_200/2017 E. 2.1;1C_203/2012 18.01.2013 E. 1,has_parents_but_none_in_same_query_gold
train,train_1026,Art. 48 VwVG,True,174,False,,1A.108/2004 17.11.2004 E. 2;1A.139/2006 27.09.2006 E. 3;1A.151/2001 16.07.2002 E. 3;1A.245/2003 31.03.2004 E. 6;1A.310/2000 03.04.2001 E. 3;1A.364/1999 12.04.2002 E. 1;1A.365/1999 12.04.2002 E. 2;1A.72/2002 19.08.2002 E. 3;1C_175/2012 19.06.2012 E. 1;1C_271/2023 E. 3;1C_30/2018 E. 3;1C_30/2018 E. 3.2;1C_312/2017 E. 1.3;1C_333/2020 E. 1.2.4;1C_395/2012 23.04.2013 E. 2;1C_517/2024 E. 3.7;1E.5/2005 09.08.2005 E. 2;1P.164/2004 17.06.2004 E. 2;2A.161/2006 12.10.2006 E. 2;2A.237/2001 03.09.2001 E. 3,has_parents_but_none_in_same_query_gold
train,train_1027,Art. 18 EBG,True,26,False,,1A.117/2003 31.10.2003 E. 2;1A.12/2006 05.01.2007 E. 6;1A.140/2003 18.03.2004 E. 2;1A.180/2006 09.08.2007 E. 2;1A.205/2000 25.04.2001 E. 1;1A.270/2004 27.04.2005 E. 3;1C_442/2008 09.07.2009 E. 2.4;1E.7/2004 13.07.2004 E. 1.1;2A.507/2003 29.11.2004 E. 4;5A_100/2016 E. 9.2;Art. 24 Abs. 1 EBG;Art. 40 Abs. 1 EBG;Art. 42 Abs. 1 EBG;Art. 6 Abs. 1 EBV;Art. 86a Abs. 1 EBG;BGE 121 II 378 E. 17aa;BGE 121 II 378 E. 9a;BGE 121 II 378 E. 9b;BGE 121 II 378 E. 9c;BGE 121 II 8 E. 1,has_parents_but_none_in_same_query_gold
train,train_1027,Art. 18w EBG,True,7,False,,2C_26/2019 E. 1.2;2C_26/2019 E. 4.2;2C_26/2019 E. 4.4;2C_380/2012 E. 1.1;2C_380/2012 E. 1.2;Art. 8 Abs. 1 EBV;Art. 86a Abs. 1 EBG,has_parents_but_none_in_same_query_gold
train,train_1030,Art. 630 ZGB,True,13,False,,5A_145/2013 E. 4;5A_180/2022 E. 3.2;5A_180/2022 E. 3.4.2;5A_326/2016 E. 4.2.2;5A_587/2010 11.02.2011 E. 4;5A_610/2009 01.02.2010 E. 6;5A_69/2008 20.08.2008 E. 6;5C.158/2006 23.03.2007 E. 6.3;5C.60/2003 07.05.2003 E. 3;5C.76/2006 29.08.2006 E. 2;5P.258/2006 23.03.2007 E. 6;BGE 133 III 416 E. 6.3.1;BGE 133 III 416 E. 6.3.4,has_parents_but_none_in_same_query_gold
train,train_1032,Art. 68 AIG,True,26,True,Art. 61 Abs. 1 AIG,1C_141/2022 E. 4.2;2C_171/2024 E. 5.4.1;2C_577/2024 E. 5.2.2;2C_577/2024 E. 5.3;2C_577/2024 E. 6.4;2C_588/2019 E. 3.2;2C_766/2019 E. 4.4;6B_1258/2020 E. 4.2.5;6B_747/2019 E. 2.2.3;Art. 109 Abs. 7 AsylG;Art. 24 Abs. 1 AsylV 2;Art. 31 Abs. 3 AIG;Art. 37 Abs. 6 AsylG;Art. 45a Abs. 2 AsylG;Art. 50 Abs. 1 StReV;Art. 61 Abs. 1 AIG;Art. 61 Abs. 1 AsylG;Art. 65 AsylG;Art. 68a Abs. 1 AIG;Art. 75 Abs. 1 AIG,parent_in_same_query_gold
train,train_1032,Art. 66a StGB,True,621,True,Art. 61 Abs. 1 AIG,1B_116/2019 E. 3.2;1B_116/2019 E. 3.3;1B_292/2021 E. 3;1B_334/2018 E. A;1B_364/2017 E. 4.3;1C_537/2021 E. 6.4.2;2C_1045/2019 E. 5.5;2C_1054/2018 E. 2.2;2C_108/2018 E. 3.3;2C_133/2022 E. 4;2C_139/2018 E. 2.3.1;2C_140/2017 E. 6.2;2C_148/2022 E. 3;2C_150/2024 E. 4.3.4;2C_169/2017 E. 3.1;2C_173/2020 E. 4.3.1;2C_188/2019 E. 2.2.1;2C_230/2022 E. 5.2;2C_231/2019 E. 2.2.2;2C_24/2019 E. 2.2,parent_in_same_query_gold
train,train_1035,Art. 56 Abs. 1 DBG,False,0,False,,,no_parent_edges_found
train,train_1038,Art. 41 OR,True,556,False,,1A.128/2001 18.01.2002 E. 3;1A.203/2004 16.03.2005 E. 4;1A.228/2004 03.08.2005 E. 9;1A.230/2006 05.06.2007 E. 3;1A.270/1999 19.05.2000 E. 2;1B_39/2012 10.05.2012 E. 3.1;1B_41/2011 24.03.2011 E. 2.1;1B_460/2022 E. 2.3.2;1B_80/2019 E. 3.3;1C_406/2008 05.02.2009 E. 1.2;1C_502/2015 E. 5.3.4;1C_908/2013 E. 2.3;1P.119/2000 09.10.2000 E. 2;1P.126/2005 27.04.2005 E. 3;1P.14/2000 31.01.2000 E. 1;1P.164/2002 25.06.2002 E. 1;1P.176/2005 28.06.2005 E. 4;1P.18/2007 30.07.2007 E. 3.3;1P.188/2005 14.07.2005 E. 3;1P.189/2003 15.12.2003 E. 1,has_parents_but_none_in_same_query_gold
train,train_1038,Art. 50 OR,True,48,False,,1C_351/2007 30.10.2008 E. 5;1C_351/2007 30.10.2008 E. 7;1C_353/2007 30.10.2008 E. 6;1C_353/2007 30.10.2008 E. 8;2C_960/2013 E. 4.4.1;4A_134/2016 E. 4;4A_301/2016 15.12.2016 E. 6.2.1;4A_301/2016 15.12.2016 E. 6.2.2;4A_387/2010 14.01.2011 E. 3;4A_397/2019 E. 3.4.2;4A_433/2018 E. 2.2.1;4A_453/2017 E. 1.3.1;4A_453/2017 E. 5.1;4A_508/2018 E. 4.3.2;4A_656/2011 12.03.2012 E. 3;4A_8/2008 05.06.2008 E. 3;4C.208/2002 19.11.2002 E. 2.1;4C.228/2002 18.10.2002 E. 2;4C.277/2005 17.01.2006 E. 2;4C.347/1999 27.10.2000 E. 6,has_parents_but_none_in_same_query_gold
train,train_1038,Art. 423 OR,True,75,False,,2C_422/2018 E. 2.3;2C_422/2018 E. 2.4;2C_422/2018 E. 2.5;2C_422/2018 E. 3.1;2C_422/2018 E. 3.2;2C_949/2010 18.05.2011 E. 6;4A_145/2024 E. 1.2;4A_145/2024 E. 2.5;4A_145/2024 E. 2.6;4A_145/2024 E. 3;4A_145/2024 E. 4.1;4A_222/2020 E. 2.2;4A_258/2012 08.04.2013 E. 8;4A_274/2025 E. 3.3;4A_274/2025 E. 3.5;4A_274/2025 E. 3.6;4A_274/2025 E. 3.7;4A_305/2007 03.03.2008 E. 1;4A_305/2007 03.03.2008 E. 2;4A_305/2007 03.03.2008 E. 4,has_parents_but_none_in_same_query_gold
train,train_1038,Art. 62 URG,True,19,False,,2C_53/2014 E. 6.4;4A_1/2016 E. 2.3;4A_145/2024 E. 2.2;4A_168/2023 E. 5;4A_215/2007 20.07.2007 E. B;4A_274/2025 E. 3.7;4A_527/2021 E. 3;4A_527/2021 E. 4.3;4A_78/2011 02.05.2011 E. 3;4C.138/2003 25.08.2003 E. 2;4C.138/2003 25.08.2003 E. 3;4C.138/2003 25.08.2003 E. 4;4C.393/2004 22.06.2005 E. 4;BGE 129 III 715 E. 3.3;BGE 129 III 715 E. 3.5;BGE 129 III 715 E. 4.2;BGE 131 III 480 E. 4.1;BGE 140 II 483 E. 4.3;BGE 140 II 483 E. 6.4,has_parents_but_none_in_same_query_gold
train,train_1038,Art. 28 ZGB,True,491,False,,1B_143/2011 01.06.2011 E. 4;1B_21/2012 27.03.2012 E. 2;1B_22/2012 11.05.2012 E. 2;1B_245/2015 E. 5.2;1B_294/2014 E. 3;1B_320/2015 E. 4.6;1B_562/2011 02.02.2012 E. 4;1B_562/2011 02.02.2012 E. 6;1B_643/2022 06.04.2023 E. 2;1B_652/2011 03.04.2012 E. 2;1B_75/2017 E. 4.1.2;1B_94/2019 E. 2.2;1C_175/2021 E. 5.3.1;1C_230/2011 31.05.2012 E. 10.6;1C_230/2011 31.05.2012 E. 12;1C_230/2011 31.05.2012 E. 8;1C_275/2012 21.09.2012 E. 1;1C_277/2023 E. 2.4;1C_382/2007 24.04.2008 E. 2;1C_382/2007 24.04.2008 E. 3,has_parents_but_none_in_same_query_gold
train,train_1038,Art. 9 DesG,True,13,False,,4C.121/2003 14.07.2003 E. 1;4C.28/2004 13.07.2004 E. 2;4C.28/2004 13.07.2004 E. 2.2;4C.32/2004 10.06.2004 E. 3.1;4C.32/2004 10.06.2004 E. 3.2;4C.32/2004 10.06.2004 E. 3.3;Art. 11 DesG;BGE 129 III 545 E. 1;BGE 130 III 636 E. 2;BGE 130 III 636 E. 2.2;BGE 130 III 645 E. 3.1;BGE 130 III 645 E. 3.2;BGE 130 III 645 E. 3.3,has_parents_but_none_in_same_query_gold
train,train_1038,Art. 25 URG,True,12,False,,2C_260/2023 E. 6.2;4C.393/2004 22.06.2005 E. 1;4C.393/2004 22.06.2005 E. 2;4C.393/2004 22.06.2005 E. 3;4C.393/2004 22.06.2005 E. 4;Art. 68 URG;BGE 131 III 480 E. 1.4;BGE 131 III 480 E. 2.1;BGE 131 III 480 E. 2.2;BGE 131 III 480 E. 3.1;BGE 131 III 480 E. 3.2;BGE 131 III 480 E. 4.2,has_parents_but_none_in_same_query_gold
train,train_1038,Art. 28 URG,True,3,False,,4C.393/2004 22.06.2005 E. 1;Art. 68 URG;BGE 131 III 480 E. 1.3,has_parents_but_none_in_same_query_gold
train,train_1039,Art. 144 GBV,True,5,False,,5A_331/2018 E. 6.3;5A_331/2018 E. 6.5;Art. 149 GBV;BGE 145 III 133 E. 6.3;BGE 145 III 133 E. 6.5,has_parents_but_none_in_same_query_gold
train,train_1039,Art. 864 ZGB,True,2,False,,5A_402/2015 E. 6.1;5A_402/2015 E. 6.2,has_parents_but_none_in_same_query_gold
train,train_1039,Art. 967 OR,True,14,False,,4A_25/2023 E. 8.1.1;5A_141/2007 21.12.2007 E. 5;5A_20/2021 E. 3.3;5A_435/2024 E. 2;5A_435/2024 E. 3.3.2;5A_435/2024 E. 3.3.4;5A_435/2024 E. 3.7.2;5A_437/2024 E. 2;5A_437/2024 E. 3.3.2;5A_437/2024 E. 3.4.3;5A_437/2024 E. 3.7.2;5A_454/2015 E. 3.3;Art. 108 Abs. 2 KKV;BGE 121 III 69 E. 3c,has_parents_but_none_in_same_query_gold
train,train_1039,Art. 801 ZGB,True,1,False,,5A_174/2015 E. 5.3,has_parents_but_none_in_same_query_gold
train,train_1039,Art. 152 GBV,True,1,False,,Art. 144 Abs. 7 GBV,has_parents_but_none_in_same_query_gold
train,train_1040,Art. 781 ZGB,True,18,False,,1E.5/2001 16.10.2001 E. 3;5A_171/2008 13.05.2008 E. 2;5A_235/2011 08.08.2011 E. 2;5A_259/2019 E. 5.1;5A_259/2019 E. 5.3.2;5A_341/2019 E. 3.4;5A_507/2010 15.12.2010 E. 6;5A_550/2011 24.10.2011 E. 4;5A_550/2011 24.10.2011 E. 5;5A_560/2009 07.10.2009 E. 1;5A_884/2012 E. 4.2;5C.111/2006 25.08.2006 E. 8;5C.270/2000 12.04.2001 E. 2;5C.270/2000 12.04.2001 E. 3;6B_913/2014 E. 2;BGE 132 III 651 E. 8;BGE 137 III 444 E. 2.1;BGE 147 III 1 E. 3.4,has_parents_but_none_in_same_query_gold
train,train_1040,Art. 963 ZGB,True,13,False,,2C_760/2016 E. 2.4.1;4A_325/2022 E. 5.1;5A.14/2001 29.01.2002 E. 3;5A_237/2018 E. 2.2;5A_346/2009 12.08.2009 E. 1;5A_346/2009 12.08.2009 E. 2;5A_454/2013 16.10.2013 E. 4.3;5A_664/2010 01.06.2011 E. 5;BGE 121 III 97 E. 4a;BGE 121 III 97 E. 4b;BGE 135 III 585 E. 2.1;BGE 137 III 293 E. 5.2;BGE 137 III 293 E. 5.3,has_parents_but_none_in_same_query_gold
train,train_1040,Art. 46 GBV,True,2,False,,2C_760/2016 E. 2.4.1;Art. 56 GBV,has_parents_but_none_in_same_query_gold
train,train_1040,Art. 69 ZGB,True,21,False,,4A_499/2007 13.05.2008 E. 3;5A.2/2002 20.03.2002 E. 4;5A_391/2018 E. 3.2;5A_439/2016 E. 4.2;5A_691/2012 17.01.2013 E. 3;5A_712/2017 E. 5.2;5A_856/2016 13.06.2018 E. 7.4.2;5A_97/2018 E. 4.2;5C.67/2006 08.06.2006 E. 4;8C_102/2018 E. 7.1;9C_152/2009 18.11.2009 E. 5;9C_152/2009 18.11.2009 E. 6;9C_153/2009 18.11.2009 E. 5;9C_153/2009 18.11.2009 E. 6;BGE 128 III 209 E. 4c;BGE 132 III 503 E. 4.3;BGE 144 III 433 E. 4.2;H 34/04 15.09.2004 E. 5.3;H 34/04 15.09.2004 E. 5.4;H 77/03 18.01.2005 E. 4,has_parents_but_none_in_same_query_gold
train,train_1040,Art. 49 GBV,False,0,False,,,no_parent_edges_found
train,train_1040,Art. 965 ZGB,True,14,False,,5A.14/2001 29.01.2002 E. 3;5A_341/2019 E. 5.4;5A_341/2019 E. 5.6.2;5A_383/2010 10.12.2010 E. 2;5A_454/2013 16.10.2013 E. 4.3;5A_614/2008 26.11.2008 E. 3;5A_614/2008 26.11.2008 E. 4;5A_803/2013 E. 2.2;BGE 121 III 97 E. 1b;BGE 121 III 97 E. 1c;BGE 135 III 103 E. 3.1;BGE 135 III 103 E. 4.4;BGE 147 III 1 E. 5.4;BGE 147 III 1 E. 5.6.2,has_parents_but_none_in_same_query_gold
train,train_1040,Art. 972 ZGB,True,18,False,,5A_155/2012 29.05.2012 E. 3;5A_235/2011 08.08.2011 E. 4;5A_453/2011 09.12.2011 E. 3;5C.130/2002 10.07.2002 E. 3;5C.176/2004 10.03.2005 E. 2;5C.228/2001 17.05.2002 E. 4;5C.232/2003 02.03.2004 E. 3;5C.270/2000 12.04.2001 E. 2;5C.61/2000 14.09.2000 E. 2;7B.106/2005 30.09.2005 E. 1;BGE 126 III 462 E. 2aa;BGE 128 III 265 E. 360a;BGE 130 III 306 E. 3.3.3;BGE 131 III 345 E. 2.3.1;BGE 137 III 444 E. 4.3;BGE 137 III 563 E. 3.3;BGE 138 III 512 E. 2;BGE 138 III 512 E. 3.5.1,has_parents_but_none_in_same_query_gold
train,train_1040,Art. 83 GBV,False,0,False,,,no_parent_edges_found
train,train_1040,Art. 131 GBV,True,2,False,,5A_341/2019 E. 5.4;BGE 147 III 1 E. 5.4,has_parents_but_none_in_same_query_gold
train,train_1040,Art. 969 ZGB,True,8,False,,5A.22/2000 29.03.2001 E. 2;5A_194/2013 E. 4.3;5A_222/2015 E. 2.2;5A_250/2018 E. 4;5A_611/2024 E. A;5A_707/2007 08.02.2008 E. 5;Art. 38 GBV;BGE 127 III 195 E. 2b,has_parents_but_none_in_same_query_gold
train,train_1042,Art. 3 Abs. 3 StPO,True,1,False,,6B_338/2018 E. 2.1,has_parents_but_none_in_same_query_gold
train,train_1042,Art. 9 JStPO,True,2,True,Art. 6 Abs. 3 JStPO,Art. 52 JStPO;Art. 6 Abs. 3 JStPO,parent_in_same_query_gold
train,train_1043,Art. 20a IRSG,False,0,False,,,no_parent_edges_found
train,train_1043,Art. 70 IRSG,True,1,False,,Art. 6 IRSV,has_parents_but_none_in_same_query_gold
train,train_1045,Art. 781 ZGB,True,18,False,,1E.5/2001 16.10.2001 E. 3;5A_171/2008 13.05.2008 E. 2;5A_235/2011 08.08.2011 E. 2;5A_259/2019 E. 5.1;5A_259/2019 E. 5.3.2;5A_341/2019 E. 3.4;5A_507/2010 15.12.2010 E. 6;5A_550/2011 24.10.2011 E. 4;5A_550/2011 24.10.2011 E. 5;5A_560/2009 07.10.2009 E. 1;5A_884/2012 E. 4.2;5C.111/2006 25.08.2006 E. 8;5C.270/2000 12.04.2001 E. 2;5C.270/2000 12.04.2001 E. 3;6B_913/2014 E. 2;BGE 132 III 651 E. 8;BGE 137 III 444 E. 2.1;BGE 147 III 1 E. 3.4,has_parents_but_none_in_same_query_gold
train,train_1045,Art. 741 ZGB,True,25,False,,1C_590/2016 E. 2.5;2C_49/2014 E. 4.3;4C.201/2000 12.06.2001 E. 5;4C.34/2000 24.04.2001 E. 5;5A_125/2024 E. 3.1;5A_222/2024 E. A;5A_235/2011 08.08.2011 E. 4;5A_369/2016 E. 4.3;5A_377/2017 E. 2.3.4;5A_42/2016 E. 3;5A_560/2009 07.10.2009 E. 4;5A_660/2007 19.06.2008 E. 1;5A_660/2007 19.06.2008 E. 3;5A_660/2007 19.06.2008 E. A;5C.152/2005 21.10.2005 E. 3;5C.20/2003 18.06.2003 E. 1;5C.200/2000 29.03.2001 E. 2;5C.7/2004 22.04.2004 E. 3;5D_197/2019 E. 3.1.1;6B_96/2018 E. 2.2,has_parents_but_none_in_same_query_gold
train,train_1046,Art. 2 URG,True,36,False,,4A_104/2008 08.05.2008 E. 3;4A_104/2008 08.05.2008 E. 4;4A_115/2017 E. 2.6.1;4A_115/2017 E. C;4A_115/2020 E. 3.1;4A_115/2020 E. 5.2;4A_295/2014 E. 3.6.3;4A_404/2007 13.02.2008 E. 2;4A_472/2021 17.06.2022 E. 5.2;4A_472/2021 17.06.2022 E. 5.3;4A_472/2021 17.06.2022 E. 6.1.2;4A_491/2022 E. 6.2.1;4A_522/2010 25.11.2010 E. 9;4A_78/2011 02.05.2011 E. 2;4C.111/2002 19.04.2004 E. 2;4C.117/2003 05.09.2003 E. 3;4C.117/2003 05.09.2003 E. 4;4C.117/2003 05.09.2003 E. 5;4C.117/2003 05.09.2003 E. 9;4C.120/2002 19.08.2002 E. 2,has_parents_but_none_in_same_query_gold
train,train_1048,Art. 343 StPO,True,78,False,,1B_121/2014 E. 2.2.2;1B_213/2011 26.07.2011 E. 1;1B_399/2011 17.08.2011 E. 2;1B_457/2018 E. 4.2;1B_457/2018 E. 4.3;1B_552/2021 E. 1.5.1;6B_1054/2023 E. 1.2.1;6B_1071/2013 E. 3.2;6B_1148/2023 E. 5.1;6B_1164/2023 E. 6.1;6B_1178/2016 E. 2.3;6B_1213/2020 E. 1.4.3;6B_1251/2014 E. 1.1;6B_1251/2014 E. 1.4;6B_1294/2015 E. 4.4;6B_1310/2023 E. 1.2;6B_137/2022 E. 2.3.7;6B_1372/2021 E. 1.3.2;6B_1377/2022 E. 2.1;6B_1377/2022 E. 2.4.3,has_parents_but_none_in_same_query_gold
train,train_1050,Art. 335 ZGB,True,16,False,,2A.457/2001 04.03.2002 E. A;5A_30/2025 E. 3;5A_401/2010 11.08.2010 E. 3;5A_669/2022 E. 4.3;5A_669/2022 E. 4.3.1;5A_669/2022 E. 4.6.2;5A_817/2009 11.02.2010 E. 1;5A_817/2009 11.02.2010 E. 2;5C.9/2001 18.05.2001 E. 2;5C.9/2001 18.05.2001 E. 3;5F_3/2024 E. 4.2;7B_207/2024 E. 1.4;7B_870/2024 E. 2.4;8C_716/2008 05.12.2008 E. A;9C_637/2022 E. 4.2;BGE 127 III 337 E. 2c,has_parents_but_none_in_same_query_gold
train,train_1050,Art. 154 IPRG,True,13,False,,2A.111/2004 15.07.2004 E. 6;2C_894/2013 E. 3.1;4A_329/2013 E. 3;4C.157/2003 02.11.2004 E. 2;4C.245/2001 23.11.2001 E. 2;4C.32/2001 07.05.2001 E. 3;4C.94/2005 14.09.2005 E. 2;5A_207/2024 E. 5.1.1;5A_89/2024 E. 4.1;5A_89/2024 E. 4.2;5A_963/2014 E. 5.2;5A_963/2014 E. 5.4.1;BGE 141 III 513 E. 5.4.1,has_parents_but_none_in_same_query_gold
train,train_1050,Art. 474 ZGB,True,7,False,,5C.205/2000 21.06.2001 E. 3;5C.53/2006 12.04.2007 E. 3;5C.67/2004 19.11.2004 E. 4;8C_669/2023 E. 7.2.1;8C_669/2023 E. 7.2.3;BGE 127 III 396 E. 3;BGE 131 III 49 E. 4.3.3,has_parents_but_none_in_same_query_gold
train,train_1053,Art. 522 ZGB,True,21,False,,5A_238/2023 E. 4;5A_238/2023 E. 4.3.1;5A_238/2023 E. 4.8;5A_238/2023 E. 7;5A_347/2024 E. 11.4.1;5A_696/2019 E. 3.2;5A_696/2019 E. 3.4.2;5A_886/2023 E. 3.4.2;5A_886/2023 E. 3.4.3;5A_956/2012 E. A;5P.28/2002 13.06.2002 E. 2;9C_198/2010 09.08.2010 E. 5;9C_523/2013 E. 4.1;9C_678/2012 30.01.2013 E. 4;BGE 121 III 249 E. 2a;BGE 128 III 318 E. 2.2.1;BGE 139 V 1 E. 4.3;BGE 150 III 160 E. 4;BGE 150 III 160 E. 4.3.1;BGE 150 III 160 E. 4.8,has_parents_but_none_in_same_query_gold
train,train_1053,Art. 335 ZGB,True,16,False,,2A.457/2001 04.03.2002 E. A;5A_30/2025 E. 3;5A_401/2010 11.08.2010 E. 3;5A_669/2022 E. 4.3;5A_669/2022 E. 4.3.1;5A_669/2022 E. 4.6.2;5A_817/2009 11.02.2010 E. 1;5A_817/2009 11.02.2010 E. 2;5C.9/2001 18.05.2001 E. 2;5C.9/2001 18.05.2001 E. 3;5F_3/2024 E. 4.2;7B_207/2024 E. 1.4;7B_870/2024 E. 2.4;8C_716/2008 05.12.2008 E. A;9C_637/2022 E. 4.2;BGE 127 III 337 E. 2c,has_parents_but_none_in_same_query_gold
train,train_1053,Art. 154 IPRG,True,13,False,,2A.111/2004 15.07.2004 E. 6;2C_894/2013 E. 3.1;4A_329/2013 E. 3;4C.157/2003 02.11.2004 E. 2;4C.245/2001 23.11.2001 E. 2;4C.32/2001 07.05.2001 E. 3;4C.94/2005 14.09.2005 E. 2;5A_207/2024 E. 5.1.1;5A_89/2024 E. 4.1;5A_89/2024 E. 4.2;5A_963/2014 E. 5.2;5A_963/2014 E. 5.4.1;BGE 141 III 513 E. 5.4.1,has_parents_but_none_in_same_query_gold
train,train_1062,Art. 1 Abs. 1 LugÜ,False,0,False,,,no_parent_edges_found
train,train_1062,Art. 90 IPRG,True,7,False,,4P.74/2003 18.09.2003 E. 4;5A_208/2019 E. 5.2;5C.261/2005 02.05.2006 E. 3;Art. 82 Abs. 3 IPRG;BGE 130 III 76 E. 4.4;BGE 132 III 677 E. 3.3;BGE 138 III 489 E. 3.4,has_parents_but_none_in_same_query_gold
train,train_1062,Art. 470 ZGB,True,12,False,,5A_122/2008 30.07.2008 E. 3;5A_238/2023 E. 7.1;5A_238/2023 E. 7.3;5A_238/2023 E. A;5A_610/2013 E. 2.2.1;5A_696/2019 E. 3.3;8C_669/2023 E. 7.2.3;9C_678/2012 30.01.2013 E. 4;BGE 139 V 1 E. 4.3;BGE 139 V 1 E. 4.4;BGE 150 III 160 E. 7.1;BGE 150 III 160 E. 7.3,has_parents_but_none_in_same_query_gold
train,train_1062,Art. 197 ZGB,True,17,False,,5A_505/2024 E. 4;5A_605/2008 28.01.2009 E. 4;5A_614/2024 E. 3.4;5A_636/2011 10.02.2012 E. 5;5A_673/2007 24.04.2008 E. 3.3;5A_824/2009 29.03.2010 E. 2;5C.177/2000 19.10.2000 E. 3;5C.238/2000 08.12.2000 E. 1;5C.74/2004 14.03.2005 E. 4;5C.85/2003 30.06.2003 E. 3;5C.90/2004 15.07.2004 E. 3;5D_167/2008 13.01.2009 E. 3;9C_163/2014 E. 1;BGE 121 III 201 E. 4a;BGE 131 III 559 E. 4.2;BGE 135 III 241 E. 4.3;BGE 138 III 193 E. 5.2,has_parents_but_none_in_same_query_gold
train,train_1062,Art. 204 ZGB,True,20,False,,5A_159/2015 E. 4.5;5A_283/2011 29.08.2011 E. 2;5A_345/2020 E. 8.2;5A_346/2009 12.08.2009 E. 2;5A_387/2010 14.09.2010 E. 2;5A_550/2019 E. 5.6;5A_550/2019 E. 6.3.5;5A_550/2019 E. 6.3.6;5A_733/2009 10.02.2010 E. 5;5A_751/2013 E. 3.1.3;5A_780/2019 31.08.2020 E. 6.1;5C.195/2004 22.11.2004 E. 4;5C.257/2006 22.12.2006 E. 2;5C.53/2006 12.04.2007 E. 3;5P.391/2000 11.12.2000 E. 3;5P.391/2000 11.12.2000 E. 4;BGE 121 III 152 E. 3a;BGE 135 III 585 E. 2.5;BGE 136 III 209 E. 5.4.3;BGE 142 III 65 E. 4.5,has_parents_but_none_in_same_query_gold
train,train_1062,Art. 495 ZGB,True,12,False,,2C_242/2014 E. 2.2.1;5A_456/2024 E. 4.4.5;5A_68/2012 16.05.2012 E. 4;5A_757/2016 E. 3.3.2;5A_84/2017 E. 2.1;5A_84/2017 E. 2.2;5A_84/2017 E. 3.4;5A_84/2017 E. A;5C.91/2000 25.05.2000 E. 2;5C.91/2000 25.05.2000 E. 3;9C_195/2023 E. 3.1;BGE 138 III 497 E. 4.2,has_parents_but_none_in_same_query_gold
train,train_1062,Art. 154 IPRG,True,13,False,,2A.111/2004 15.07.2004 E. 6;2C_894/2013 E. 3.1;4A_329/2013 E. 3;4C.157/2003 02.11.2004 E. 2;4C.245/2001 23.11.2001 E. 2;4C.32/2001 07.05.2001 E. 3;4C.94/2005 14.09.2005 E. 2;5A_207/2024 E. 5.1.1;5A_89/2024 E. 4.1;5A_89/2024 E. 4.2;5A_963/2014 E. 5.2;5A_963/2014 E. 5.4.1;BGE 141 III 513 E. 5.4.1,has_parents_but_none_in_same_query_gold
train,train_1062,Art. 335 ZGB,True,16,False,,2A.457/2001 04.03.2002 E. A;5A_30/2025 E. 3;5A_401/2010 11.08.2010 E. 3;5A_669/2022 E. 4.3;5A_669/2022 E. 4.3.1;5A_669/2022 E. 4.6.2;5A_817/2009 11.02.2010 E. 1;5A_817/2009 11.02.2010 E. 2;5C.9/2001 18.05.2001 E. 2;5C.9/2001 18.05.2001 E. 3;5F_3/2024 E. 4.2;7B_207/2024 E. 1.4;7B_870/2024 E. 2.4;8C_716/2008 05.12.2008 E. A;9C_637/2022 E. 4.2;BGE 127 III 337 E. 2c,has_parents_but_none_in_same_query_gold
train,train_1063,Art. 190 StGB,True,183,False,,1A.55/2000 30.06.2000 E. 3;1B_106/2014 E. 2.1;1B_194/2015 E. 3;1B_288/2022 E. 2;1B_578/2012 18.10.2012 E. 3;1B_642/2021 E. 4.2;1C_418/2012 07.01.2013 E. 2;1C_493/2020 E. 3.1;1P.228/2005 20.04.2005 E. 3;1P.288/2000 08.08.2000 E. A;1P.408/2003 30.10.2003 E. 5;1P.42/2000 15.02.2000 E. A;1P.567/2003 13.10.2003 E. 2;2C_1067/2019 E. 2.3.2;2C_114/2019 E. 5.1.2;6B_1027/2021 E. 2.3;6B_1037/2021 E. 3.3;6B_1037/2021 E. 6.2.1;6B_1037/2021 E. 6.3.1;6B_1050/2023 E. 3.3.2,has_parents_but_none_in_same_query_gold
train,train_1063,Art. 70 StPO,True,16,False,,1B_134/2011 14.07.2011 E. 2;1B_134/2011 14.07.2011 E. 4;1B_169/2015 06.11.2015 E. 3.3.1;1B_349/2016 22.02.2017 E. 3.4.1;1B_349/2016 22.02.2017 E. 3.4.3;1B_81/2020 E. 3.2.2;1B_81/2020 E. 3.5.1;1B_87/2018 E. 3.2.4;6B_350/2012 28.02.2013 E. 1;7B_1275/2024 E. 2.3;7B_1275/2024 E. C;7B_61/2022 E. 3.3;BGE 137 I 209 E. 4.7;BGE 141 I 211 E. 3.3.1.2;BGE 143 I 194 E. 3.4.1;BGE 143 I 194 E. 3.4.3,has_parents_but_none_in_same_query_gold
train,train_1065,Art. 183 ZPO,True,26,False,,1C_119/2024 E. 2.3;1C_593/2015 E. 2.2;4A_178/2015 E. 2.5.3;4A_225/2013 E. 2.2.4;4A_376/2019 E. 5;4A_376/2019 E. 5.3;4A_412/2019 E. 6.2;4A_418/2024 E. 3.2;4A_418/2024 E. 5;4A_577/2024 E. 10.3.2;4A_85/2017 E. 2.2.1;5A_202/2013 E. 4.2;5A_239/2017 E. 2.4;5A_273/2024 E. 5.1;5A_319/2016 E. 3.2;5A_361/2023 E. 4.3.5;5A_373/2018 E. 3.2.6;5A_393/2017 E. 2.2;5A_478/2013 E. 4.1;5A_561/2010 20.10.2010 E. 3,has_parents_but_none_in_same_query_gold
train,train_1065,Art. 168 Abs. 1 ZPO,True,43,False,,1C_559/2022 28.10.2024 E. 5.3.5;1C_57/2024 23.10.2025 E. 5.4.2;4A_178/2015 E. 2.5.1;4A_178/2015 E. 2.5.3;4A_178/2015 E. 2.6;4A_200/2023 E. 3.3.2;4A_247/2020 E. 5.2;4A_265/2020 E. 3.1;4A_265/2020 E. 8.3.2;4A_267/2020 E. 3.1;4A_267/2020 E. 7.3.4;4A_299/2017 E. 4.1;4A_368/2024 E. 5.1.2;4A_497/2018 E. 3.3.2;4A_544/2017 E. 4.1;4A_544/2017 E. 4.3;4A_558/2015 E. 4;4A_571/2016 E. 3;4A_571/2016 E. 3.2;4A_58/2025 E. 3.2,has_parents_but_none_in_same_query_gold
train,train_1065,Art. 190 Abs. 2 ZPO,True,3,False,,4A_316/2024 E. 2.3.2;4A_342/2014 E. C;5A_34/2015 E. 7.3.3,has_parents_but_none_in_same_query_gold
train,train_1065,Art. 177 Abs. 1 ZPO,False,0,False,,,no_parent_edges_found
train,train_1065,Art. 158 ZPO,True,102,False,,1C_446/2014 E. 1;2C_228/2024 E. 2.1;2C_885/2021 E. 2.3.4;4A_118/2012 19.06.2012 E. 2;4A_118/2012 19.06.2012 E. A;4A_128/2017 E. 4;4A_128/2017 E. 5.1;4A_128/2017 E. 5.2;4A_165/2020 E. 2.2;4A_165/2020 E. 2.3.2;4A_165/2020 E. 3.1.2;4A_165/2020 E. 4.4.2;4A_225/2013 E. 2.2;4A_225/2013 E. 2.2.2;4A_225/2013 E. 2.2.3;4A_225/2013 E. 2.5;4A_248/2014 E. 1.3;4A_293/2023 E. 1;4A_293/2023 E. 4;4A_293/2023 E. 4.1,has_parents_but_none_in_same_query_gold
train,train_1066,Art. 100 AIG,True,1,False,,Art. 107 Abs. 1 AIG,has_parents_but_none_in_same_query_gold
train,train_1067,Art. 25a VwVG,True,179,False,,1A.188/2006 08.02.2007 E. 2;1C_179/2022 E. A;1C_214/2016 E. 4.7;1C_332/2018 E. 2.1;1C_362/2024 E. 3.1.3;1C_362/2024 E. 3.5;1C_37/2019 E. 3.1;1C_37/2019 E. 3.3;1C_37/2019 E. 4.1;1C_37/2019 E. 4.2;1C_37/2019 E. 4.3;1C_37/2019 E. 4.4;1C_37/2019 E. 5.1;1C_37/2019 E. 5.2;1C_37/2019 E. 5.4;1C_37/2019 E. 5.5;1C_37/2019 E. 6.1;1C_377/2019 E. 3;1C_377/2019 E. 3.1;1C_377/2019 E. 3.2,has_parents_but_none_in_same_query_gold
train,train_1069,Art. 40e PatG,True,6,False,,4A_443/2012 E. 2.3.3;4A_443/2012 E. 2.3.5;Art. 111 Abs. 4 PatV;Art. 29 Abs. 5 PatG;BGE 139 III 110 E. 2.3.3;BGE 139 III 110 E. 2.3.5,has_parents_but_none_in_same_query_gold
train,train_1070,Art. 5 ChemG,True,2,True,Art. 50 Abs. 1 ChemG,Art. 5 Abs. 1 ChemV;Art. 50 Abs. 1 ChemG,parent_in_same_query_gold
train,train_1072,Art. 17 SchKG,True,779,False,,1C_146/2021 E. 2.2;1C_490/2021 E. 2.2;2A.399/2004 24.03.2005 E. 1;2C_971/2017 E. 1.2;2C_978/2012 04.05.2013 E. 5.4.3;2P.159/2005 30.06.2006 E. 2;2P.159/2005 30.06.2006 E. B;2P.348/2005 26.05.2006 E. 3;4A_304/2024 E. 6.4;4A_440/2014 E. 4.2;4A_545/2019 E. 4.5.2;4D_74/2023 E. C;5A_1/2013 18.03.2013 E. 4.2;5A_1/2020 E. 4;5A_1018/2021 E. 4;5A_102/2009 12.02.2009 E. 1;5A_103/2021 E. 2.2;5A_103/2021 E. 2.4.2;5A_1035/2015 E. 2.2;5A_1035/2015 E. 3.1.2,has_parents_but_none_in_same_query_gold
train,train_1072,Art. 108 SchKG,True,50,False,,5A_154/2025 E. 3;5A_159/2015 E.;5A_159/2015 E. 1;5A_290/2017 E. 3.1;5A_342/2020 E. 2;5A_342/2020 E. 4.1;5A_360/2012 E. 1;5A_360/2012 E. 1.1;5A_360/2012 E. 2;5A_360/2012 E. 3;5A_392/2013 E. B;5A_435/2024 E. 1.1;5A_435/2024 E. A;5A_437/2024 E. 1.1;5A_437/2024 E. A;5A_53/2020 E. 1.1;5A_53/2020 E. A;5A_602/2013 E. A;5A_602/2019 E. 1.1;5A_609/2024 E. 1,has_parents_but_none_in_same_query_gold
train,train_1073,Art. 41 OR,True,556,False,,1A.128/2001 18.01.2002 E. 3;1A.203/2004 16.03.2005 E. 4;1A.228/2004 03.08.2005 E. 9;1A.230/2006 05.06.2007 E. 3;1A.270/1999 19.05.2000 E. 2;1B_39/2012 10.05.2012 E. 3.1;1B_41/2011 24.03.2011 E. 2.1;1B_460/2022 E. 2.3.2;1B_80/2019 E. 3.3;1C_406/2008 05.02.2009 E. 1.2;1C_502/2015 E. 5.3.4;1C_908/2013 E. 2.3;1P.119/2000 09.10.2000 E. 2;1P.126/2005 27.04.2005 E. 3;1P.14/2000 31.01.2000 E. 1;1P.164/2002 25.06.2002 E. 1;1P.176/2005 28.06.2005 E. 4;1P.18/2007 30.07.2007 E. 3.3;1P.188/2005 14.07.2005 E. 3;1P.189/2003 15.12.2003 E. 1,has_parents_but_none_in_same_query_gold
train,train_1073,Art. 49 OR,True,227,False,,1A.135/2002 29.10.2002 E. 2;1A.136/2002 29.10.2002 E. 2;1A.163/2000 08.11.2000 E. 4;1A.166/2002 16.12.2002 E. 4;1A.181/2005 19.01.2006 E. 2.2;1A.196/2000 07.12.2000 E. 2;1A.196/2000 07.12.2000 E. 3;1A.208/2002 12.06.2003 E. 3;1A.228/2004 03.08.2005 E. 10;1A.235/2000 21.02.2001 E. 3;1A.251/1999 30.03.2000 E. 3;1A.290/2003 22.03.2004 E. 2;1A.45/2005 02.06.2005 E. 3;1A.83/2002 22.07.2002 E. 2;1B_122/2010 13.08.2010 E. 2;1B_21/2012 27.03.2012 E. 3;1B_335/2021 E. 3.4;1B_460/2022 E. 2.3.2;1B_671/2021 E. 3.1;1B_80/2019 E. 3.3,has_parents_but_none_in_same_query_gold
train,train_1073,Art. 423 OR,True,75,False,,2C_422/2018 E. 2.3;2C_422/2018 E. 2.4;2C_422/2018 E. 2.5;2C_422/2018 E. 3.1;2C_422/2018 E. 3.2;2C_949/2010 18.05.2011 E. 6;4A_145/2024 E. 1.2;4A_145/2024 E. 2.5;4A_145/2024 E. 2.6;4A_145/2024 E. 3;4A_145/2024 E. 4.1;4A_222/2020 E. 2.2;4A_258/2012 08.04.2013 E. 8;4A_274/2025 E. 3.3;4A_274/2025 E. 3.5;4A_274/2025 E. 3.6;4A_274/2025 E. 3.7;4A_305/2007 03.03.2008 E. 1;4A_305/2007 03.03.2008 E. 2;4A_305/2007 03.03.2008 E. 4,has_parents_but_none_in_same_query_gold
train,train_1074,Art. 47 EleG,False,0,False,,,no_parent_edges_found
train,train_1075,Art. 15 IPRG,True,25,False,,4A_256/2014 E. 2.4;4A_578/2016 E. 2.2;4A_580/2016 E. 2.2;4C.344/2001 07.05.2002 E. 3;4C.94/2005 14.09.2005 E. 3;5A_163/2015 E. 4;5A_32/2021 E. 5.3;5A_545/2020 E. 6.3.4;5A_841/2017 E. 4.5.1;5A_841/2017 E. 6.4;5A_841/2017 E. 6.4.1;5A_874/2012 E. 4.2;5A_874/2012 E. 4.3;5A_897/2014 E. 3.2;5A_897/2014 E. 3.3.2;5A_963/2014 E. 4.1;5C.212/2004 11.02.2005 E. 2;BGE 128 III 346 E. 3.1.5;BGE 131 III 289 E. 2.5;BGE 131 III 289 E. 2.6,has_parents_but_none_in_same_query_gold
train,train_1075,Art. 5 LugÜ,False,0,False,,,no_parent_edges_found
train,train_1075,Art. 14 IPRG,False,0,False,,,no_parent_edges_found
train,train_1076,Art. 64 StGB,True,316,False,,1A.134/2001 11.12.2001 E. 5;1B_10/2010 02.02.2010 E. 2;1B_110/2008 26.05.2008 E. 2;1B_124/2017 E. A;1B_151/2010 02.06.2010 E. 4;1B_247/2023 E. 1.1;1B_257/2017 E. 1;1B_270/2017 E. C;1B_283/2016 E. 5.4;1B_283/2016 E. A;1B_29/2021 E. 1;1B_332/2018 E. 4.2;1B_332/2018 E. A;1B_353/2021 E. 4.3;1B_36/2021 E. 3;1B_370/2020 E. 2.2;1B_4/2010 21.01.2010 E. B;1B_443/2016 E. 4.1;1B_486/2018 E. A;1B_528/2020 E. 3.4,has_parents_but_none_in_same_query_gold
train,train_1076,Art. 59 StGB,True,1463,True,Art. 64 Abs. 1 StGB,1A.36/2004 24.05.2004 E. 4;1A.70/2003 08.09.2003 E. 5;1B_10/2010 02.02.2010 E.;1B_10/2010 02.02.2010 E. 1;1B_10/2010 02.02.2010 E. 4;1B_10/2010 02.02.2010 E. B;1B_100/2009 20.05.2009 E. 3.2;1B_102/2010 28.04.2010 E. 2.3;1B_102/2010 28.04.2010 E. B;1B_109/2008 06.05.2008 E. 1;1B_110/2023 E. 4.1;1B_113/2018 E. 1;1B_116/2014 E. 1.1;1B_117/2014 E. 2.2.2;1B_117/2019 E. 1;1B_121/2020 E. A;1B_125/2023 E. 3.3;1B_125/2023 E. 4.1;1B_126/2013 E. 1.1;1B_131/2014 E. 1,parent_in_same_query_gold
train,train_1079,Art. 3 ATSG,True,92,False,,4A_109/2013 E. 2.1;5A_56/2007 06.06.2007 E. 3;8C_134/2014 E. 3;8C_137/2015 23.09.2015 E. 2.1;8C_143/2023 E. 2.2;8C_154/2010 16.08.2010 E. 3;8C_166/2018 E. 3.1;8C_175/2007 06.10.2008 E. 2;8C_194/2021 E. 2.2;8C_22/2019 E. 8.2.2;8C_231/2008 03.04.2009 E. 6.1;8C_232/2021 E. 3.1;8C_234/2018 E. 3;8C_244/2009 05.08.2009 E. 2;8C_261/2010 26.04.2010 E. 2.1;8C_282/2010 28.06.2010 E. 3;8C_295/2012 15.04.2013 E. 2;8C_323/2010 10.05.2011 E. 4;8C_331/2018 E. 4.1.2;8C_420/2007 29.01.2008 E. 4,has_parents_but_none_in_same_query_gold
train,train_1081,Art. 3 DSG,True,31,False,,1A.225/2002 27.05.2003 E. 1;1C_214/2016 E. 4.4;1C_214/2016 E. 6.4;1C_230/2011 31.05.2012 E. 6;1C_285/2009 08.09.2010 E. 3;1C_394/2016 E. 4.2;1C_425/2020 E. 3.4.2;1C_50/2015 E. 5.2.1;1C_74/2015 E. 3.2;1C_93/2021 E. 4.3.3;2A.692/2006 01.02.2007 E. 4;2C_1065/2014 E. 6.1;2C_726/2018 E. 3.4;4A_125/2020 E. 3.1;4A_125/2020 E. 3.3;4A_125/2020 E. 3.4.1;4A_365/2017 E. 5.2.2;5C.166/2000 20.07.2001 E. 3;BGE 124 III 170 E. 3b;BGE 127 III 481 E. 3bb,has_parents_but_none_in_same_query_gold
train,train_1081,Art. 4 Abs. 4 DSG,True,27,False,,1C_230/2011 31.05.2012 E. 9;1C_415/2020 E. 2.1;2C_171/2016 E. 4.1;2C_825/2019 E. 4.4;2C_825/2019 E. 4.5;2C_874/2020 E. 6.4.4;4A_588/2018 E. 4.2;6B_1133/2021 E. 2.2;6B_1133/2021 E. 2.4.1;6B_1188/2018 E. 3.1;6B_1188/2018 E. 3.2;6B_1188/2018 E. 4;6B_1404/2019 E. 1.2;6B_1404/2019 E. 1.3.2;6B_1404/2019 E. 1.4;6B_1468/2019 E. 1.3.2;6B_345/2024 E. 2.1.3;6B_68/2023 E. 2.1.2;6B_810/2020 E. 2.6.2;7B_797/2023 E. 3.2,has_parents_but_none_in_same_query_gold
train,train_1081,Art. 28 ZGB,True,491,False,,1B_143/2011 01.06.2011 E. 4;1B_21/2012 27.03.2012 E. 2;1B_22/2012 11.05.2012 E. 2;1B_245/2015 E. 5.2;1B_294/2014 E. 3;1B_320/2015 E. 4.6;1B_562/2011 02.02.2012 E. 4;1B_562/2011 02.02.2012 E. 6;1B_643/2022 06.04.2023 E. 2;1B_652/2011 03.04.2012 E. 2;1B_75/2017 E. 4.1.2;1B_94/2019 E. 2.2;1C_175/2021 E. 5.3.1;1C_230/2011 31.05.2012 E. 10.6;1C_230/2011 31.05.2012 E. 12;1C_230/2011 31.05.2012 E. 8;1C_275/2012 21.09.2012 E. 1;1C_277/2023 E. 2.4;1C_382/2007 24.04.2008 E. 2;1C_382/2007 24.04.2008 E. 3,has_parents_but_none_in_same_query_gold
train,train_1081,Art. 15 DSG,True,28,False,,1B_81/2022 E. 3.4.1;1C_230/2011 31.05.2012 E. 10.6;2C_1058/2014 E. 4.7;2C_1156/2016 E. B;2C_1156/2016 E. C;2C_780/2020 E. 5.8;4A_188/2015 E. 1;4A_188/2015 E. 2.1;4A_188/2015 E. 2.2;4A_188/2015 E. 3.2.2;4A_576/2015 E. 2.1;4A_576/2015 E. 2.2.1;4A_76/2023 E. 5.1;4A_76/2023 E. 6.1;4A_76/2023 E. 6.2;4A_83/2016 E. A;5A_195/2016 E. 2;5A_458/2018 E. 6.2;5A_95/2010 02.09.2010 E. 5;5A_975/2015 E. 2,has_parents_but_none_in_same_query_gold
train,train_1081,Art. 55 OR,True,90,False,,2C_472/2015 14.09.2016 E. 3.4.1;2C_529/2022 E. 4.7;2C_534/2016 E. 3.4;2C_534/2016 E. 3.5;2C_584/2020 E. 3.2;2C_747/2009 08.04.2010 E. 5;2C_817/2020 E. 3.4;2P.224/2005 18.04.2006 E. 3;4A_106/2009 01.10.2009 E. 6;4A_17/2023 E. 4;4A_17/2023 E. 7.3.3;4A_17/2023 E. 7.4;4A_17/2023 E. B;4A_18/2023 E. 3;4A_18/2023 E. 5.3.3;4A_18/2023 E. 5.4;4A_18/2023 E. B;4A_187/2007 09.05.2008 E. 2;4A_187/2007 09.05.2008 E. 3;4A_187/2007 09.05.2008 E. B,has_parents_but_none_in_same_query_gold
train,train_1091,Art. 36 FINMAG,True,19,False,,1B_249/2015 E. 8.11;2C_1068/2017 09.10.2018 E. 2.2;2C_384/2014 E. 1.4.2;2C_399/2020 E. 7.1;2C_399/2020 E. 7.3;2C_399/2020 E. 7.4;2C_860/2017 E. 3.2;2C_860/2017 E. 7.1;2C_860/2017 E. 7.2;2C_860/2017 E. 9.3;2C_89/2010 10.02.2011 E. 4.2;2C_89/2010 10.02.2011 E. 4.3;2C_89/2019 E. A;2C_90/2019 E. A;6B_578/2012 28.02.2013 E. 2;Art. 22 Abs. 1 GwV-FINMA;Art. 45 Abs. 5 GwV-BAZG;BGE 137 II 284 E. 4.2.4;BGE 142 IV 207 E. 8.11,has_parents_but_none_in_same_query_gold
train,train_1092,Art. 123 StGB,True,135,False,,1B_1/2020 E. 5.2;1B_102/2012 24.05.2012 E. 2.5;1B_12/2013 01.02.2013 E. 4;1B_123/2011 11.07.2011 E. 2;1B_174/2013 27.05.2013 E. 3;1B_236/2014 E. 4.1;1B_288/2019 E. 4.3;1B_400/2019 E. 2.1;1B_412/2021 E. 3.3.2;1B_422/2017 E. 3.3;1B_435/2011 13.09.2011 E. 3;1B_579/2011 01.11.2011 E. 3;1B_606/2011 16.11.2011 E. 2;1B_69/2008 26.03.2008 E. 1;1B_77/2014 E. 2.1;1B_8/2011 20.01.2011 E. 2.5;1B_82/2014 E. 3.2;1B_96/2008 06.05.2008 E. 3;1C_104/2022 E. A;1C_382/2012 10.10.2012 E. 2,has_parents_but_none_in_same_query_gold
train,train_1092,Art. 139 StGB,True,102,False,,1A.1/2004 02.02.2004 E. 3;1A.199/2005 09.11.2005 E. 3;1A.49/2001 16.07.2001 E. 4;1B_125/2021 E. A;1B_144/2018 E. 3.5;1B_217/2022 E. 3.4;1B_249/2014 E. 2;1B_29/2010 24.02.2010 E. 2;1B_365/2014 12.01.2015 E. 3;1B_48/2012 13.02.2012 E. 3;1B_502/2011 05.10.2011 E. 3;1B_548/2020 E. 2.2;1B_595/2019 E. 4.1;1B_616/2020 E. 3.2;1B_637/2020 E. 2.2;1C_188/2014 E. A;1C_449/2021 E. 3.4;1C_513/2008 03.04.2009 E. 5.3;1C_661/2020 E. 4.1;1P.195/2004 28.04.2004 E. 2.3,has_parents_but_none_in_same_query_gold
train,train_1092,Art. 49 StGB,True,306,False,,1A.125/2002 23.09.2002 E. 3;1B_108/2015 E. 4;1B_115/2007 12.07.2007 E. 4;1B_12/2007 26.02.2007 E. 3;1B_125/2020 E. 3.5;1B_145/2007 19.09.2007 E. 4;1B_167/2007 28.08.2007 E. 2;1B_23/2014 E. 2.3.1;1B_258/2012 10.07.2012 E. 3;1B_330/2015 E. 4.3;1B_541/2017 E. 3.3;1B_96/2018 E. 2.3.2;1C_215/2021 E. 2.2;1C_248/2020 E. 3.3;1C_59/2023 E. 5.6;1C_621/2019 E. 4.3;1C_629/2020 E. 3.2;1C_710/2013 E. 3.2;1C_710/2013 E. 3.3;1P.148/2004 12.05.2004 E. 2,has_parents_but_none_in_same_query_gold
train,train_1095,Art. 9 SebG,True,1,False,,Art. 25 Abs. 1 SebG,has_parents_but_none_in_same_query_gold
train,train_1096,Art. 10 JStPO,False,0,False,,,no_parent_edges_found
train,train_1098,Art. 91a SVG,True,72,False,,1C_328/2013 E. 4.2;6B_1007/2018 E. 1.4.1;6B_1139/2020 E. 2.4;6B_1339/2019 E. 2.3;6B_1339/2019 E. 2.4;6B_137/2019 E. 1.1;6B_138/2024 E. 3.3;6B_190/2013 E. 1.1;6B_190/2013 E. 1.3;6B_190/2013 E. 1.4;6B_190/2013 E. 1.5;6B_196/2010 20.04.2010 E. 1.3;6B_229/2012 05.11.2012 E. 1;6B_229/2012 05.11.2012 E. 2;6B_229/2012 05.11.2012 E. 4;6B_244/2011 20.06.2011 E. 3;6B_303/2017 E. 8.4;6B_307/2017 E. 1.3.2;6B_370/2024 E. 2.3.2;6B_370/2024 E. 2.3.3,has_parents_but_none_in_same_query_gold
train,train_1099,Art. 93 BGG,True,3515,False,,12T_2/2010 25.05.2010 E. 1;1B_1/2017 E. 1.3;1B_10/2009 14.05.2009 E. 1.5;1B_10/2009 14.05.2009 E. 2;1B_10/2010 02.02.2010 E. 1;1B_10/2012 29.03.2012 E. 1;1B_10/2018 E. 1.1;1B_100/2013 E. 1.3;1B_101/2012 21.02.2012 E. 3;1B_101/2023 E. 3;1B_102/2010 28.04.2010 E. 1;1B_102/2012 24.05.2012 E. 1;1B_103/2017 E. 1.1;1B_103/2023 E. 3.3;1B_104/2015 E. 3;1B_106/2013 08.05.2013 E. 1;1B_106/2015 E. 1.2;1B_106/2016 E. 3.3;1B_107/2010 15.04.2010 E. 4;1B_108/2007 19.07.2007 E. 3,has_parents_but_none_in_same_query_gold
train,train_1099,Art. 2 NHG,True,161,False,,1A.109/2006 05.10.2006 E. 1;1A.11/2007 16.05.2007 E. 2;1A.115/2001 08.10.2001 E. 1;1A.115/2001 08.10.2001 E. 2;1A.115/2001 08.10.2001 E. 3;1A.115/2001 08.10.2001 E. B;1A.122/2004 30.05.2005 E. 2;1A.185/2006 05.03.2007 E. 5;1A.185/2006 05.03.2007 E. 6;1A.230/2000 28.08.2001 E. 1;1A.230/2000 28.08.2001 E. 4;1A.301/2000 28.05.2001 E. 2;1A.59/1995 28.04.2000 E. 1;1A.6/2005 15.08.2005 E. 2;1A.6/2005 15.08.2005 E. F;1A.6/2007 06.09.2007 E. 3;1A.73/1995 28.04.2000 E. 1;1C_107/2025 E. 3.2;1C_118/2010 20.10.2010 E. 6;1C_118/2016 E. 4.1,has_parents_but_none_in_same_query_gold
train,train_1100,Art. 17 SchKG,True,779,False,,1C_146/2021 E. 2.2;1C_490/2021 E. 2.2;2A.399/2004 24.03.2005 E. 1;2C_971/2017 E. 1.2;2C_978/2012 04.05.2013 E. 5.4.3;2P.159/2005 30.06.2006 E. 2;2P.159/2005 30.06.2006 E. B;2P.348/2005 26.05.2006 E. 3;4A_304/2024 E. 6.4;4A_440/2014 E. 4.2;4A_545/2019 E. 4.5.2;4D_74/2023 E. C;5A_1/2013 18.03.2013 E. 4.2;5A_1/2020 E. 4;5A_1018/2021 E. 4;5A_102/2009 12.02.2009 E. 1;5A_103/2021 E. 2.2;5A_103/2021 E. 2.4.2;5A_1035/2015 E. 2.2;5A_1035/2015 E. 3.1.2,has_parents_but_none_in_same_query_gold
train,train_1102,Art. 483 ZGB,True,14,False,,5A_238/2023 E. 4.1;5A_471/2020 E. 2.2.1;5A_473/2011 29.05.2012 E. 8;5A_535/2022 E. 2;5A_535/2022 E. 5.3;5A_535/2022 E. 7.3.2;5A_535/2022 E. 7.3.3;5A_666/2024 E. 3.1;5A_666/2024 E. 3.2;5A_666/2024 E. 3.4.5;5A_757/2016 E. 3.2;5A_794/2011 16.02.2012 E. 4;5P.372/2005 19.01.2006 E. 3;BGE 150 III 160 E. 4.1,has_parents_but_none_in_same_query_gold
train,train_1102,Art. 608 ZGB,True,17,False,,5A_377/2016 E. 2.3;5A_396/2015 E. 5.6.2;5A_425/2020 15.12.2022 E. 3.2;5A_425/2020 15.12.2022 E. 3.4;5A_452/2014 E. 2.4.3;5A_452/2014 E. B;5A_572/2010 22.02.2011 E. 2;5A_583/2007 06.02.2008 E. 2;5A_666/2024 E. 3.3;5A_84/2010 14.10.2010 E. 2;5A_947/2019 E. 1;5A_984/2021 E. 3.1;5C.214/2003 08.12.2003 E. 2;5C.245/2001 06.02.2002 E. 2;BGE 128 III 163 E. 2b;BGE 137 III 8 E. 2.1;BGE 143 III 425 E. 5.6.2,has_parents_but_none_in_same_query_gold
train,train_1102,Art. 517 ZGB,True,25,False,,2C_933/2018 E. 5.5.1;2P.139/2001 03.09.2001 E. 3;2P.139/2001 03.09.2001 E. 5;5A_114/2008 07.08.2008 E. 8;5A_257/2009 26.10.2009 E. 1;5A_485/2007 19.12.2007 E. 6;5A_672/2013 E. 6.4;5A_701/2016 E. 3.3;5A_701/2016 E. 4.1;5A_701/2016 E. 4.2;5A_804/2019 E. 1.2;5A_804/2019 E. 2.2;5A_914/2013 E. 3.2;5A_914/2013 E. 3.4;5A_940/2018 E. 3.1;5A_940/2018 E. 3.3;5A_984/2018 E. 1;5A_986/2018 E. 1;5D_136/2015 E. 8.3;5P.59/2000 07.04.2000 E. 3,has_parents_but_none_in_same_query_gold
train,train_1102,Art. 484 ZGB,True,8,False,,2C_117/2017 E. 4.1;2C_821/2010 04.04.2011 E. 4;5A_106/2014 E. 7.1;5A_114/2008 07.08.2008 E. 2;5A_114/2008 07.08.2008 E. 5;5A_535/2022 E. 5.3;5A_641/2013 E. 2;9C_690/2023 E. 6.2,has_parents_but_none_in_same_query_gold
train,train_1102,Art. 482 ZGB,True,7,False,,1P.453/2002 12.02.2003 E. 1;2C_586/2015 E. 3.3.2;5A_1034/2021 E. 6.2.2;5A_106/2014 E. 7.1;5A_90/2022 E. 2;5A_90/2022 E. 2.1;BGE 129 I 173 E. 1.1,has_parents_but_none_in_same_query_gold
train,train_1102,Art. 495 ZGB,True,12,False,,2C_242/2014 E. 2.2.1;5A_456/2024 E. 4.4.5;5A_68/2012 16.05.2012 E. 4;5A_757/2016 E. 3.3.2;5A_84/2017 E. 2.1;5A_84/2017 E. 2.2;5A_84/2017 E. 3.4;5A_84/2017 E. A;5C.91/2000 25.05.2000 E. 2;5C.91/2000 25.05.2000 E. 3;9C_195/2023 E. 3.1;BGE 138 III 497 E. 4.2,has_parents_but_none_in_same_query_gold
train,train_1102,Art. 477 Abs. 1 ZGB,False,0,False,,,no_parent_edges_found
train,train_1102,Art. 477 Abs. 2 ZGB,False,0,False,,,no_parent_edges_found
train,train_1102,Art. 479 ZGB,True,2,False,,9C_678/2012 30.01.2013 E. 4;BGE 139 V 1 E. 4.2,has_parents_but_none_in_same_query_gold
train,train_1102,Art. 489 ZGB,True,3,False,,5A_267/2016 E. 7.1;5A_757/2016 E. 3.3.2;5C.53/2006 12.04.2007 E. 5,has_parents_but_none_in_same_query_gold
train,train_1102,Art. 473 ZGB,True,7,False,,5A_161/2010 08.07.2010 E. 5;5A_272/2017 E. A;5A_336/2019 E. A;5A_757/2016 E. 3.3.2;5C.276/2005 14.02.2006 E. 2;5D_305/2020 E. 3.2;P 40/00 29.11.2001 E. 2,has_parents_but_none_in_same_query_gold
train,train_1102,Art. 476 ZGB,True,15,False,,2P.5/2002 30.06.2004 E. 8;4A_389/2020 18.05.2021 E. 10.7.3;5A_141/2007 21.12.2007 E. 7;5A_89/2024 E. 7.4.2;5C.131/2005 19.08.2005 E. 2;5C.212/2002 24.04.2003 E. 2;5C.212/2002 24.04.2003 E. B;9C_523/2013 E. 4.1;BGE 129 III 305 E. 2.2;BGE 129 III 305 E. 2.5;BGE 130 I 205 E. 8;BGE 131 III 646 E. 13.2;BGE 131 III 646 E. 2;BGE 131 III 646 E. 2.3;BGE 147 III 402 E. 10.7.3,has_parents_but_none_in_same_query_gold
train,train_1102,Art. 529 ZGB,True,5,False,,2P.5/2002 30.06.2004 E. 8;5C.212/2002 24.04.2003 E. 2;9C_523/2013 E. 4.1;BGE 129 III 305 E. 2.2;BGE 130 I 205 E. 8,has_parents_but_none_in_same_query_gold
train,train_1103,Art. 9 UVG,True,73,False,,2A.402/2000 23.08.2001 E. A;2C_373/2021 E. 6.1;8C_1029/2009 11.01.2010 E. 2.2;8C_108/2012 30.04.2012 E. 2;8C_167/2022 E. 3.1;8C_176/2018 E. 13;8C_176/2018 E. 2;8C_232/2018 E. 1;8C_378/2024 E. 3;8C_40/2012 07.11.2012 E. 2;8C_420/2007 29.01.2008 E. 4;8C_442/2024 E. 3.1;8C_457/2021 E. 3.2;8C_462/2010 22.10.2010 E. 3;8C_465/2010 24.11.2010 E. 3;8C_5/2015 E. 2;8C_507/2015 E. 2.1;8C_517/2020 E. 2.2;8C_52/2010 02.07.2010 E. 2;8C_524/2023 E. 3,has_parents_but_none_in_same_query_gold
train,train_1107,Art. 17 JStPO,True,3,False,,6B_646/2016 E. 1.7.3;Art. 3 Abs. 2 JStPO;BGE 143 IV 49 E. 1.7.3,has_parents_but_none_in_same_query_gold
train,train_1109,Art. 10 UVG,True,222,False,,8C_100/2011 01.06.2011 E. 2;8C_1011/2010 19.05.2011 E. 3;8C_1024/2009 01.03.2010 E. 2;8C_1032/2008 28.04.2009 E. 2;8C_106/2009 08.06.2009 E. 4;8C_123/2007 19.02.2008 E. 4;8C_126/2017 E. 4.1;8C_126/2017 E. 4.2;8C_126/2017 E. 4.3;8C_141/2022 E. 5.3;8C_16/2008 02.09.2008 E. 3;8C_175/2007 06.10.2008 E. 2;8C_181/2009 30.09.2009 E. 2;8C_183/2020 E. 4.3.2;8C_191/2011 16.09.2011 E. 5;8C_201/2020 E. 4;8C_201/2020 E. 5.3;8C_208/2021 22.11.2021 E. 5.1;8C_214/2022 E. 3.2;8C_245/2017 E. 2,has_parents_but_none_in_same_query_gold
train,train_1109,Art. 16 UVG,True,110,False,,4A_413/2021 E. 7;8C_173/2008 20.08.2008 E. 2;8C_175/2007 06.10.2008 E. 2;8C_181/2009 30.09.2009 E. 2;8C_247/2014 E. 2;8C_265/2009 05.10.2009 E. 2;8C_269/2025 E. 3.1;8C_29/2012 15.02.2012 E. 3;8C_301/2013 E. 4.2;8C_354/2007 04.08.2008 E. 2;8C_380/2013 E. 3;8C_43/2021 E. 2.2;8C_430/2018 E. 3;8C_431/2009 06.10.2009 E. 2;8C_447/2017 E. 2.2;8C_467/2010 23.11.2010 E. 3;8C_523/2024 E. 1.2;8C_575/2024 E. 3.1;8C_578/2010 27.10.2010 E. 3;8C_604/2021 E. 3.2,has_parents_but_none_in_same_query_gold
train,train_1110,Art. 84 OR,True,21,False,,4A_200/2019 E. 5;4A_251/2021 E. 3.1;4A_251/2021 E. 3.2;4A_294/2020 E. 4.1.2;4A_398/2022 E. 7.8;4A_398/2022 E. 7.9;4A_425/2015 10.12.2015 E. B;4A_655/2011 20.02.2012 E. 3;4C.123/1997 02.03.2004 E. 6;4C.258/2006 14.01.2008 E. 2;4C.258/2006 14.01.2008 E. 3;BGE 130 III 312 E. 6.2;BGE 134 III 151 E. 2;BGE 134 III 151 E. 2.2;BGE 134 III 151 E. 2.3;BGE 134 III 151 E. 2.4;BGE 134 III 151 E. 23;BGE 134 III 151 E. 3.2;BGE 149 III 61 E. 7.8;BGE 149 III 61 E. 7.9,has_parents_but_none_in_same_query_gold
train,train_1111,Art. 222 ZGB,True,3,False,,2C_790/2015 E. 2.3;2C_790/2015 E. 2.4.4;5P.117/2001 21.08.2001 E. 1,has_parents_but_none_in_same_query_gold
train,train_1111,Art. 975 ZGB,True,43,False,,1C_664/2024 E. 4.2.2;5A.6/2005 17.03.2005 E. 3;5A_1007/2020 E. 2.3.1;5A_134/2020 E. 1;5A_194/2013 E. 3.1;5A_194/2013 E. 4.1;5A_194/2013 E. 5;5A_195/2012 21.06.2012 E. 1;5A_222/2015 E. 2.3;5A_222/2015 E. C;5A_250/2018 E. 2.1;5A_250/2018 E. 2.2;5A_250/2018 E. 3.3;5A_250/2018 E. 3.5;5A_480/2016 E. 1.1;5A_480/2016 E. 1.2;5A_489/2010 06.12.2010 E. 3;5A_494/2020 E. 3.1;5A_520/2018 E. 2;5A_552/2018 E. 1,has_parents_but_none_in_same_query_gold
train,train_1111,Art. 976a ZGB,True,2,False,,5A_726/2021 E. 3.2;Art. 69 Abs. 4 GBV,has_parents_but_none_in_same_query_gold
train,train_1111,Art. 955 ZGB,True,13,False,,1P.23/2004 19.03.2004 E. 3;2C_12/2011 06.07.2011 E. 2;2C_24/2018 E. 1.4;2C_24/2018 E. 2.2.1;4A_140/2012 25.04.2012 E. 3;4A_397/2012 11.01.2013 E. 2;5A_237/2018 E. 1.2;5A_707/2007 08.02.2008 E. 1;5A_707/2007 08.02.2008 E. 5;5A_707/2007 08.02.2008 E. 6;5P.119/2000 24.07.2000 E. 4;BGE 126 III 431 E. 2;BGE 126 III 431 E. 2aa,has_parents_but_none_in_same_query_gold
train,train_1111,Art. 973 ZGB,True,50,False,,1C_151/2010 21.06.2010 E. 2;1C_340/2016 E. 3.1;1C_585/2015 E. 2;2C_49/2014 E. 4.3;4A_393/2018 E. 2.4.4;4A_553/2015 10.03.2016 E. 5.3.2;4C.339/2004 12.01.2005 E. 4;5A_1007/2020 E. 2.1.2;5A_1043/2021 E. 3.2.2;5A_155/2012 29.05.2012 E. 4;5A_178/2017 E. 7.1;5A_28/2021 E. 3.4.3;5A_304/2015 E. 4.2;5A_361/2017 E. 2.4.6;5A_375/2010 25.11.2010 E. 3;5A_377/2017 E. 2.3.1;5A_412/2009 27.10.2009 E. 5;5A_449/2014 E. 2.2.1;5A_458/2019 E. 3.3;5A_473/2017 E. 3,has_parents_but_none_in_same_query_gold
train,train_1111,Art. 963 ZGB,True,13,False,,2C_760/2016 E. 2.4.1;4A_325/2022 E. 5.1;5A.14/2001 29.01.2002 E. 3;5A_237/2018 E. 2.2;5A_346/2009 12.08.2009 E. 1;5A_346/2009 12.08.2009 E. 2;5A_454/2013 16.10.2013 E. 4.3;5A_664/2010 01.06.2011 E. 5;BGE 121 III 97 E. 4a;BGE 121 III 97 E. 4b;BGE 135 III 585 E. 2.1;BGE 137 III 293 E. 5.2;BGE 137 III 293 E. 5.3,has_parents_but_none_in_same_query_gold
train,train_1115,Art. 12 DSG,True,21,False,,1C_230/2011 31.05.2012 E. 7;1C_285/2009 08.09.2010 E. 5;1C_285/2009 08.09.2010 E. 5.2;6B_1133/2021 E. 2.3.2;6B_1188/2018 E. 3.3;6B_1362/2020 E. 14.4.2;6B_1468/2019 E. 1.3.2;6B_181/2018 E. 4.3;6B_301/2022 E. 2.2.3;6B_536/2009 12.11.2009 E. 3.6;6B_810/2020 E. 2.6.2;6B_887/2016 E. 5.2;9C_785/2010 10.06.2011 E. 2;BGE 136 II 508 E. 5.1;BGE 136 II 508 E. 5.2.1;BGE 136 II 508 E. 5.2.4;BGE 136 II 508 E. 5.2.5;BGE 138 II 346 E. 7.1;BGE 145 IV 42 E. 4.3;BGE 146 IV 226 E. 3.3,has_parents_but_none_in_same_query_gold
train,train_1115,Art. 4 Abs. 3 DSG,True,34,False,,1A.225/2002 27.05.2003 E. 4;1C_230/2011 31.05.2012 E. 9;1C_394/2016 E. 4.10;1C_428/2016 E. 1.2;2A.355/1999 01.05.2000 E. 5;2A.424/2000 13.02.2001 E. 2;2A.96/2000 25.07.2001 E. 6;2C_1039/2018 18.03.2021 E. 6.4.1;2C_1039/2018 18.03.2021 E. 6.4.2;2C_1039/2018 18.03.2021 E. 6.4.3;2C_1039/2018 18.03.2021 E. 7.4.1;2C_1039/2018 18.03.2021 E. 7.4.2;2C_1040/2018 18.03.2021 E. 6.4.1;2C_1040/2018 18.03.2021 E. 6.4.2;2C_1040/2018 18.03.2021 E. 6.4.3;2C_1040/2018 18.03.2021 E. 7.4.1;2C_1040/2018 18.03.2021 E. 7.4.2;2C_171/2016 E. 4.1;2C_776/2013 E. 5.2.2;2C_825/2019 E. 5.3.6,has_parents_but_none_in_same_query_gold
train,train_1115,Art. 14 DSG,True,3,False,,1B_99/2020 E. 2.3;8C_736/2018 E. 3.3.1;Art. 51 Abs. 4 DSG,has_parents_but_none_in_same_query_gold
train,train_1115,Art. 17 DSG,True,30,False,,1C_167/2019 E. 6.2;1C_214/2016 E. 6.2;1C_214/2016 E. 6.3;1C_214/2016 E. 7.4;1C_402/2016 E. 12;2A.355/1999 01.05.2000 E. 5;2C_1039/2018 18.03.2021 E. 4.3.2;2C_1039/2018 18.03.2021 E. 5.4.2;2C_1039/2018 18.03.2021 E. 5.4.4;2C_1040/2018 18.03.2021 E. 4.3.2;2C_1040/2018 18.03.2021 E. 5.4.2;2C_1040/2018 18.03.2021 E. 5.4.4;2C_1065/2014 E. 6.4.1;2C_874/2020 E. 6.2.4;8C_192/2008 08.04.2009 E. 3;8C_400/2013 E. 5.1;Art. 12 Abs. 4 OV-HFG;Art. 19 Abs. 4 DSG;Art. 51 Abs. 2 DSG;Art. 61 DSG,has_parents_but_none_in_same_query_gold
train,train_1115,Art. 19 DSG,True,53,False,,1C_137/2016 E. 4.1;1C_137/2016 E. 4.2;1C_222/2018 E. 3.5;1C_222/2018 E. 5.1;1C_222/2018 E. 5.4;1C_394/2016 E. 2.4.7;1C_394/2016 E. 4.10;1C_394/2016 E. 4.3;1C_394/2016 E. 4.4;1C_428/2016 E. 5.2;1C_50/2015 E. 5.2.2;1C_664/2012 E. 2.4;1C_74/2015 E. 3.1;1C_74/2015 E. 3.4;1C_74/2015 E. 4.1;1C_74/2015 E. 4.1.2;1C_74/2015 E. 4.1.3;1C_93/2021 E. 4.2;1C_93/2021 E. 5.2;2A.355/1999 01.05.2000 E. 5,has_parents_but_none_in_same_query_gold
train,train_1115,Art. 22 DSG,True,3,False,,1C_50/2015 E. 4.4;Art. 51 Abs. 3 DSG;Art. 69 DSG,has_parents_but_none_in_same_query_gold
train,train_1115,Art. 18a DSG,True,6,False,,2C_825/2019 E. 4.5;2C_825/2019 E. 4.5.2;2C_825/2019 E. 4.5.3;BGE 148 II 349 E. 4.5;BGE 148 II 349 E. 4.5.2;BGE 148 II 349 E. 4.5.3,has_parents_but_none_in_same_query_gold
train,train_1116,Art. 55 ZPO,True,203,False,,2C_194/2013 E. 3.1;4A_109/2019 E. 7.2;4A_11/2022 E. 3;4A_12/2018 E. 3.3;4A_12/2018 E. 3.6;4A_124/2022 E. 3.2.1;4A_124/2022 E. 5.3;4A_125/2017 E. 4.2;4A_13/2019 E. 4;4A_130/2022 E. 5.6;4A_132/2022 E. 2;4A_132/2022 E. 2.1;4A_141/2021 E. 2.2;4A_143/2017 E. 4.1.1;4A_143/2017 E. 4.1.2;4A_151/2024 E. 2;4A_152/2016 E. 4.3;4A_152/2020 E. 10.2.2;4A_158/2024 E. 6;4A_179/2025 E. 2,has_parents_but_none_in_same_query_gold
train,train_1116,Art. 754 OR,True,175,True,BGE 126 III 361 E. 5a,1P.133/2004 13.08.2004 E. 2;1P.133/2004 13.08.2004 E. 3;1P.133/2004 13.08.2004 E. 4;2C_245/2018 E. 6.5;2C_272/2011 05.12.2011 E. 4.2;2C_465/2011 10.02.2012 E. 3;4A_128/2021 E. 2.2;4A_130/2021 E. 2.2;4A_147/2014 E. 6.2;4A_147/2014 E. 6.3;4A_15/2013 E. 4.1;4A_15/2013 E. 5.2;4A_15/2013 E. 8.1;4A_177/2011 02.09.2011 E. 3;4A_177/2011 02.09.2011 E. 4;4A_177/2011 02.09.2011 E. 9;4A_219/2015 E. 4;4A_219/2015 E. 4.1;4A_219/2015 E. 4.2.5;4A_231/2011 20.09.2011 E. 4,parent_in_same_query_gold
train,train_1116,Art. 625 OR,True,3,False,,4A_645/2017 E. 5.3.2;4C.329/2000 08.02.2001 E. 4;BGE 144 III 388 E. 199,has_parents_but_none_in_same_query_gold
train,train_1116,Art. 717 OR,True,91,False,,2A.252/2002 04.11.2002 E. 2;2C_1067/2017 E. 3.4.2;2C_110/2017 E. 3.5;2C_265/2009 01.09.2009 E. 3;2C_272/2011 05.12.2011 E. 3.3;2C_708/2012 E. 4.3;2C_88/2011 03.10.2011 E. 2;2C_989/2019 E. 1.1;4A_129/2013 E. 4.2;4A_130/2023 E. 3.5;4A_134/2007 31.07.2007 E. 3;4A_15/2013 E. 7.2.2;4A_151/2014 E. 4.1.2;4A_180/2017 E. 5.2;4A_219/2015 E. 3.2;4A_219/2015 E. 4.1;4A_231/2011 20.09.2011 E. 5;4A_248/2009 27.10.2009 E. 4;4A_250/2025 E. 5.2.2;4A_250/2025 E. 5.4.2,has_parents_but_none_in_same_query_gold
train,train_1117,Art. 317 StGB,True,95,False,,1A.288/2005 22.12.2005 E. 2;1A.31/2006 29.06.2006 E. 3;1B_170/2012 19.06.2012 E. 3;1B_364/2011 22.07.2011 E. 1;1B_364/2011 22.07.2011 E. 3;1B_63/2011 24.03.2011 E. A;1C_219/2016 E. 4.3;1C_242/2010 19.07.2010 E. 2;1C_258/2023 E. 5.2;1C_258/2023 E. 5.5;1C_355/2018 E. 5.1;1C_361/2012 01.02.2013 E. 5;1C_420/2020 E. 3.1;1C_420/2020 E. A;1C_429/2020 E. 1.2.2;1C_446/2021 E. 1.2;1C_446/2021 E. 5.1;1C_483/2014 E. 3;1C_483/2014 E. A;1C_494/2020 E. 4.2,has_parents_but_none_in_same_query_gold
train,train_1119,Art. 97 OR,True,141,False,,1C_26/2008 18.06.2008 E. 2;2C_390/2016 06.11.2017 E. 5.3.1;2C_476/2025 E. 2.7;2C_574/2021 E. 4.3.1;4A_141/2022 E. 2;4A_148/2021 E. 4.4;4A_16/2012 02.05.2012 E. 4;4A_163/2021 E. 5;4A_187/2021 E. 3.1.1;4A_189/2012 02.10.2012 E. 5;4A_2/2020 E. 3.1;4A_2/2020 E. 3.4.5;4A_202/2019 E. 4.3;4A_216/2016 E. 3;4A_216/2016 E. 3.2;4A_217/2018 E. 4.4;4A_218/2021 E. 3.1.1;4A_232/2019 E. 3.4.2;4A_234/2014 E. 3.2;4A_237/2023 E. 5.4.2,has_parents_but_none_in_same_query_gold
train,train_1122,Art. 13 KFG,False,0,False,,,no_parent_edges_found
train,train_1124,Art. 125 ZGB,True,502,False,,2A.68/2000 05.10.2000 E. 4;5A_10/2010 23.02.2010 E. B;5A_100/2007 04.07.2007 E. 4;5A_1003/2014 E. 4.2.2;5A_1022/2019 E. 4;5A_1024/2021 E. 4.1;5A_103/2008 05.05.2008 E. 2.2;5A_103/2008 05.05.2008 E. C;5A_104/2018 E. 4;5A_104/2018 E. 5.2;5A_104/2018 E. 5.4;5A_11/2010 18.03.2010 E. 1;5A_11/2010 18.03.2010 E. 2;5A_11/2010 18.03.2010 E. 5;5A_111/2016 E. 6.1.3;5A_112/2020 E. 2.2;5A_122/2011 09.06.2011 E. 4;5A_129/2015 E. 5;5A_14/2014 E. 3.2;5A_14/2019 E. 3.2,has_parents_but_none_in_same_query_gold
train,train_1125,Art. 58b AIG,True,11,False,,2C_1040/2022 E. 2.1;2C_158/2021 E. 4.1;2C_48/2021 E. 3.3;2C_536/2021 E. 4.1;2C_592/2020 E. 4.1;2C_649/2024 E. 6.1;2C_667/2020 E. 2.2;2C_711/2021 E. 4.1;2C_96/2021 E. 4.1;Art. 62a Abs. 1 VZAE;BGE 148 II 1 E. 2.2,has_parents_but_none_in_same_query_gold
train,train_1126,Art. 118 OR,True,3,False,,5A_145/2013 E. 4;5A_272/2011 07.09.2011 E. 3;9C_267/2023 E. 6.1.2,has_parents_but_none_in_same_query_gold
train,train_1127,Art. 9 JStG,True,8,False,,6B_1000/2017 E. A;6B_115/2015 E. 3.5;6B_1159/2018 E. 4.3;6B_1159/2018 E. 4.4;Art. 26 Abs. 1 JStPO;BGE 141 IV 172 E. 3.5;BGE 145 IV 424 E. 4.3;BGE 145 IV 424 E. 4.4,has_parents_but_none_in_same_query_gold
train,train_1128,Art. 322d OR,True,68,False,,2C_616/2016 03.11.2016 E. 3.1;4A_115/2007 13.07.2007 E. 4.1;4A_115/2007 13.07.2007 E. 4.3.1;4A_122/2010 26.05.2010 E. 2;4A_131/2015 E. 2.3;4A_133/2015 E. 2.3;4A_135/2015 E. 2.3;4A_155/2019 E. 4;4A_169/2021 E. 3.1;4A_169/2021 E. 3.2.2;4A_169/2021 E. A;4A_216/2013 E. 3;4A_216/2013 E. 5;4A_216/2013 E. 6.1;4A_216/2017 E. 3.1;4A_216/2017 E. 4.5;4A_28/2009 26.03.2009 E. 2;4A_325/2009 19.08.2009 E. 2;4A_325/2014 E. 4;4A_356/2011 09.11.2011 E. 11,has_parents_but_none_in_same_query_gold
train,train_1129,Art. 336b OR,True,23,False,,1C_103/2007 07.12.2007 E. 3;4A_13/2010 03.02.2010 E. A;4A_39/2023 E. 4;4A_493/2010 13.12.2010 E. B;4A_571/2008 05.03.2009 E. 4.1;4A_571/2008 05.03.2009 E. 5;4A_571/2008 05.03.2009 E. A;4A_59/2010 20.05.2010 E. A;4A_618/2024 E. 3.2.3;4C.39/2004 08.04.2004 E. 2;4C.402/2005 19.01.2006 E. 2;4C.73/2006 22.12.2006 E. A;8C_26/2024 E. 5.1;8C_26/2024 E. 6.2;8C_26/2024 E. A;Art. 361 Abs. 16 OR;B 23/03 05.10.2004 E. 8;BGE 132 III 406 E. 2.6;BGE 136 III 96 E. 2.1;BGE 136 III 96 E. 2.2,has_parents_but_none_in_same_query_gold
train,train_1130,Art. 25 USG,True,92,False,,1A.132/1999 25.01.2000 E. 2;1A.159/2005 20.02.2006 E. 2;1A.167/2004 28.02.2005 E. 4.2;1A.180/2006 09.08.2007 E. 5;1A.180/2006 09.08.2007 E. 5.6;1A.195/2006 17.07.2007 E. 2;1A.213/2000 21.03.2001 E. 2;1A.240/2002 13.05.2003 E. 2;1A.276/2000 13.08.2001 E. 3;1A.276/2004 12.07.2005 E. 5;1A.282/2000 15.05.2001 E. 2;1A.282/2000 15.05.2001 E. 5;1A.282/2000 15.05.2001 E. 7;1A.283/2004 05.08.2005 E. 3;1A.39/2004 11.10.2004 E. 2;1A.58/2002 02.09.2002 E. 2;1A.6/2002 15.02.2002 E. 4;1A.6/2005 15.08.2005 E. 4;1A.73/1999 07.06.2000 E. 2;1A.73/2001 04.03.2002 E. 2,has_parents_but_none_in_same_query_gold
train,train_1130,Art. 20 USG,True,16,False,,1A.102/2003 07.10.2003 E. 4;1A.135/2000 01.05.2001 E. 4;1A.146/2000 01.05.2001 E. 4;1A.23/2005 04.07.2005 E. 5;1A.6/2002 15.02.2002 E. 4;1C_162/2015 15.07.2016 E. 5;1C_182/2019 E. 3.2;1C_182/2019 E. 3.3;1C_182/2019 E. 6.4;1C_506/2014 E. 4.6;1C_589/2014 E. 7;5C.31/2000 27.03.2000 E. 3;Art. 19 USG;BGE 124 II 293 E. 2;BGE 126 III 223 E. 3c;BGE 141 II 483 E. 4.6,has_parents_but_none_in_same_query_gold
train,train_1131,Art. 123 StGB,True,135,False,,1B_1/2020 E. 5.2;1B_102/2012 24.05.2012 E. 2.5;1B_12/2013 01.02.2013 E. 4;1B_123/2011 11.07.2011 E. 2;1B_174/2013 27.05.2013 E. 3;1B_236/2014 E. 4.1;1B_288/2019 E. 4.3;1B_400/2019 E. 2.1;1B_412/2021 E. 3.3.2;1B_422/2017 E. 3.3;1B_435/2011 13.09.2011 E. 3;1B_579/2011 01.11.2011 E. 3;1B_606/2011 16.11.2011 E. 2;1B_69/2008 26.03.2008 E. 1;1B_77/2014 E. 2.1;1B_8/2011 20.01.2011 E. 2.5;1B_82/2014 E. 3.2;1B_96/2008 06.05.2008 E. 3;1C_104/2022 E. A;1C_382/2012 10.10.2012 E. 2,has_parents_but_none_in_same_query_gold
train,train_1132,Art. 282 StPO,True,20,False,,1B_179/2012 13.04.2012 E. 2;1B_75/2017 E. 4.2;1C_39/2021 E. 4.2.1;1C_39/2021 E. 5.1.2;6B_1061/2020 E. 1.5.4;6B_1061/2020 E. 1.7.1;6B_1061/2020 E. 1.7.4;6B_1242/2020 E. 3.3.4;6B_1249/2019 06.05.2020 E. 2.2.2;6B_1468/2019 E. 1.2;6B_228/2017 E. 3.2;6B_739/2018 E. 1.4;6B_878/2019 E. 1.1.2;6B_878/2019 E. 1.3;7B_1059/2023 E. 2.3.2;7B_1059/2023 E. 2.3.4;8C_837/2018 E. 5.1;BGE 143 IV 387 E. 4.2;BGE 143 IV 387 E. 4.5;BGE 143 IV 387 E. 4.6,has_parents_but_none_in_same_query_gold
train,train_1132,Art. 197 StPO,True,101,False,,1B_101/2021 E. 2;1B_109/2016 E. 3;1B_114/2017 E. 2.1;1B_116/2018 E. 1.3;1B_125/2019 26.04.2019 E. 2;1B_150/2015 E. 2.1;1B_166/2016 E. 2.1;1B_167/2021 E. 3;1B_19/2018 E. 3.2;1B_194/2018 E. 3.1;1B_200/2022 E. 3.2;1B_201/2016 E. 3.1;1B_203/2016 E. 2;1B_21/2016 E. 2;1B_215/2021 E. 2.1;1B_225/2015 E. 2.1;1B_231/2013 E. 3.3;1B_236/2014 E. 2.5;1B_251/2016 E. 5.2;1B_251/2016 E. 5.4,has_parents_but_none_in_same_query_gold
train,train_1134,Art. 679 ZGB,True,131,False,,1A.18/2001 29.10.2001 E. 5;1A.220/2002 10.02.2003 E. 3;1C_145/2008 03.07.2008 E. 3;1C_231/2012 E. 3.1.3;1C_469/2017 E. 5.1;1C_485/2017 E. 4.3;1C_671/2017 E. 2;1C_671/2017 E. 5.2;1C_9/2024 E. 3.1;1E.3/2002 25.09.2002 E. 2;1E.3/2005 10.05.2005 E. 3;1E.8/2003 27.07.2004 E. 5;2A.268/1999 17.03.2000 E. A;2C_508/2024 E. 5.3;2C_885/2021 E. 2.3.4;2C_885/2021 E. 2.3.5;4A_119/2007 09.10.2007 E. 2;4A_156/2016 E. 2;4A_156/2016 E. 2.3;4A_156/2016 E. 3,has_parents_but_none_in_same_query_gold
train,train_1135,Art. 12 BüG,False,0,False,,,no_parent_edges_found
train,train_1135,Art. 9 BüG,False,0,False,,,no_parent_edges_found
train,train_1137,Art. 7 OBV,False,0,False,,,no_parent_edges_found
train,train_1137,Art. 7 OBG,True,10,False,,6B_1066/2019 E. 3.5;6B_855/2018 E. 1.2;6B_855/2018 E. 1.5;6B_975/2008 04.06.2009 E. 2;6S.395/2005 11.12.2005 E. 1;6S.395/2005 11.12.2005 E. 2;Art. 6 Abs. 5 OBG;Art. 9 Abs. 3 OBG;BGE 135 IV 221 E. 2.2;BGE 145 IV 252 E. 1.5,has_parents_but_none_in_same_query_gold
train,train_1139,Art. 971 ZGB,True,4,False,,5A_858/2010 04.03.2011 E. 4;5C.21/2001 27.04.2001 E. 3;5C.270/2000 12.04.2001 E. 2;5C.40/2000 23.03.2000 E. 2,has_parents_but_none_in_same_query_gold
