split,citation,mention_count_in_split,pattern_covered,family,subfamily,pattern,present_in_laws_de_source,present_in_laws_de_text,present_in_court_source,present_in_court_text,present_in_source_column_any,present_as_text_reference_any,present_in_any_extracted,text_reference_only_any
train,Art. 10a Abs. 1 USG,1,True,law,statute_article,statute_article,True,False,False,True,True,True,True,False
train,Art. 2 Abs. 1 UVPV,2,True,law,statute_article,statute_article,True,False,False,True,True,True,True,False
train,Art. 10a Abs. 1 UVG,1,True,law,statute_article,statute_article,False,False,False,False,False,False,False,False
train,Art. 975 ZGB,5,True,law,statute_article,statute_article,False,False,False,True,False,True,True,True
train,Art. 974 Abs. 2 ZGB,5,True,law,statute_article,statute_article,True,False,False,True,True,True,True,False
train,Art. 973 ZGB,3,True,law,statute_article,statute_article,False,False,False,True,False,True,True,True
train,Art. 661 ZGB,4,True,law,statute_article,statute_article,True,False,False,True,True,True,True,False
train,Art. 956a ZGB,2,True,law,statute_article,statute_article,False,True,False,True,False,True,True,True
train,Art. 956a Abs. 3 ZGB,2,True,law,statute_article,statute_article,True,False,False,True,True,True,True,False
train,Art. 955 Abs. 1 ZGB,2,True,law,statute_article,statute_article,True,False,False,True,True,True,True,False
train,Art. 976 ZGB,4,True,law,statute_article,statute_article,True,False,False,True,True,True,True,False
train,Art. 976a ZGB,4,True,law,statute_article,statute_article,False,True,False,True,False,True,True,True
train,Art. 60 OR,2,True,law,statute_article,statute_article,False,False,False,True,False,True,True,True
train,Art. 955 Abs. 2 ZGB,2,True,law,statute_article,statute_article,True,False,False,False,True,False,True,False
train,Art. 264m StGB,1,True,law,statute_article,statute_article,False,False,False,True,False,True,True,True
train,Art. 176 Abs. 1 IPRG,2,True,law,statute_article,statute_article,True,False,False,True,True,True,True,False
train,Art. 186 Abs. 1 IPRG,2,True,law,statute_article,statute_article,True,False,False,True,True,True,True,False
train,Art. 186 Abs. 3 IPRG,1,True,law,statute_article,statute_article,True,False,False,True,True,True,True,False
train,Art. 190 Abs. 3 IPRG,1,True,law,statute_article,statute_article,True,False,False,True,True,True,True,False
train,Art. 93 Abs. 1 BGG,4,True,law,statute_article,statute_article,True,False,False,True,True,True,True,False
train,Art. 89 Abs. 1 BGG,3,True,law,statute_article,statute_article,True,False,False,True,True,True,True,False
train,Art. 89 Abs. 2 BGG,6,True,law,statute_article,statute_article,True,False,False,True,True,True,True,False
train,Art. 50 BV,1,True,law,statute_article,statute_article,False,False,False,True,False,True,True,True
train,Art. 95 BGG,3,True,law,statute_article,statute_article,True,True,False,True,True,True,True,False
train,Art. 106 Abs. 2 BGG,4,True,law,statute_article,statute_article,True,False,False,True,True,True,True,False
train,Art. 42 Abs. 1 StGB,5,True,law,statute_article,statute_article,True,False,False,True,True,True,True,False
train,Art. 106 StGB,1,True,law,statute_article,statute_article,False,True,False,True,False,True,True,True
train,Art. 42 Abs. 4 StGB,3,True,law,statute_article,statute_article,True,False,False,True,True,True,True,False
train,Art. 626 Abs. 1 ZGB,2,True,law,statute_article,statute_article,True,False,False,True,True,True,True,False
train,Art. 626 Abs. 2 ZGB,3,True,law,statute_article,statute_article,True,False,False,True,True,True,True,False
train,Art. 630 ZGB,2,True,law,statute_article,statute_article,False,False,False,True,False,True,True,True
train,Art. 69 DBG,1,True,law,statute_article,statute_article,True,True,False,True,True,True,True,False
train,Art. 358 OR,1,True,law,statute_article,statute_article,True,True,False,True,True,True,True,False
train,Art. 337 OR,3,True,law,statute_article,statute_article,False,True,False,True,False,True,True,True
train,Art. 361 OR,1,True,law,statute_article,statute_article,False,False,False,True,False,True,True,True
train,Art. 11 StGB,2,True,law,statute_article,statute_article,False,False,False,True,False,True,True,True
train,Art. 29 StGB,2,True,law,statute_article,statute_article,True,False,False,True,True,True,True,False
train,Art. 111 StGB,2,True,law,statute_article,statute_article,True,True,False,True,True,True,True,False
train,Art. 158 StGB,8,True,law,statute_article,statute_article,False,False,False,True,False,True,True,True
train,Art. 117 StGB,1,True,law,statute_article,statute_article,True,False,False,True,True,True,True,False
train,Art. 102 Abs. 1 StGB,4,True,law,statute_article,statute_article,True,False,False,True,True,True,True,False
train,Art. 102 Abs. 2 StGB,4,True,law,statute_article,statute_article,True,False,False,True,True,True,True,False
train,Art. 102 StGB,5,True,law,statute_article,statute_article,False,True,False,True,False,True,True,True
train,Art. 102 Abs. 4 StGB,2,True,law,statute_article,statute_article,True,False,False,False,True,False,True,False
train,Art. 706 OR,2,True,law,statute_article,statute_article,False,True,False,True,False,True,True,True
train,Art. 717 OR,2,True,law,statute_article,statute_article,False,False,False,True,False,True,True,True
train,Art. 643 OR,2,True,law,statute_article,statute_article,False,False,False,True,False,True,True,True
train,Art. 716a Abs. 1 OR,2,True,law,statute_article,statute_article,True,False,False,True,True,True,True,False
train,Art. 12 Abs. 2 StGB,7,True,law,statute_article,statute_article,True,True,False,True,True,True,True,False
train,Art. 65 StGB,3,True,law,statute_article,statute_article,False,True,False,True,False,True,True,True
train,Art. 65 Abs. 1 StGB,1,True,law,statute_article,statute_article,True,True,False,True,True,True,True,False
train,Art. 50 FINMAG,1,True,law,statute_article,statute_article,False,False,False,True,False,True,True,True
train,Art. 156 FinfraG,1,True,law,statute_article,statute_article,False,False,False,False,False,False,False,False
train,Art. 144 FinfraG,4,True,law,statute_article,statute_article,True,False,False,False,True,False,True,False
train,Art. 8 DSG,2,True,law,statute_article,statute_article,False,True,False,True,False,True,True,True
train,Art. 8 Abs. 5 DSG,1,True,law,statute_article,statute_article,False,False,False,True,False,True,True,True
train,Art. 9 Abs. 1 DSG,1,True,law,statute_article,statute_article,True,False,False,True,True,True,True,False
train,Art. 9 Abs. 4 DSG,1,True,law,statute_article,statute_article,True,False,False,True,True,True,True,False
train,Art. 9 Abs. 5 DSG,1,True,law,statute_article,statute_article,False,False,False,True,False,True,True,True
train,Art. 13 BV,9,True,law,statute_article,statute_article,False,True,False,True,False,True,True,True
train,Art. 36 BV,9,True,law,statute_article,statute_article,False,False,False,True,False,True,True,True
train,Art. 83 AIG,3,True,law,statute_article,statute_article,False,True,False,True,False,True,True,True
train,Art. 44 AsylG,2,True,law,statute_article,statute_article,True,False,False,True,True,True,True,False
train,Art. 83 Abs. 2 AIG,2,True,law,statute_article,statute_article,True,False,False,True,True,True,True,False
train,Art. 83 Abs. 3 AIG,3,True,law,statute_article,statute_article,True,False,False,True,True,True,True,False
train,Art. 25 Abs. 3 BV,4,True,law,statute_article,statute_article,True,False,False,True,True,True,True,False
train,Art. 83 Abs. 4 AIG,2,True,law,statute_article,statute_article,True,False,False,True,True,True,True,False
train,Art. 41 Abs. 2 AIG,1,True,law,statute_article,statute_article,True,True,False,False,True,True,True,False
train,Art. 4 StromVV,4,True,law,statute_article,statute_article,False,False,False,True,False,True,True,True
train,Art. 6 Abs. 3 StromVG,1,True,law,statute_article,statute_article,True,False,False,True,True,True,True,False
train,Art. 4 Abs. 1 StromVV,1,True,law,statute_article,statute_article,True,False,False,True,True,True,True,False
train,Art. 15 StromVG,1,True,law,statute_article,statute_article,False,True,False,True,False,True,True,True
train,Art. 15 Abs. 1 StromVG,1,True,law,statute_article,statute_article,True,True,False,True,True,True,True,False
train,Art. 15 Abs. 2 StromVG,1,True,law,statute_article,statute_article,True,False,False,True,True,True,True,False
train,Art. 15 Abs. 3 StromVG,1,True,law,statute_article,statute_article,True,False,False,True,True,True,True,False
train,Art. 49 Abs. 1 BV,1,True,law,statute_article,statute_article,True,False,False,True,True,True,True,False
train,Art. 22 Abs. 2 StromVG,1,True,law,statute_article,statute_article,True,False,False,True,True,True,True,False
train,Art. 58 Abs. 1 FIDLEG,1,True,law,statute_article,statute_article,True,True,False,False,True,True,True,False
train,Art. 3 FIDLEG,7,True,law,statute_article,statute_article,True,True,False,False,True,True,True,False
train,Art. 59 Abs. 1 FIDLEG,2,True,law,statute_article,statute_article,True,True,False,False,True,True,True,False
train,Art. 86 Abs. 3 FIDLEV,1,True,law,statute_article,statute_article,True,False,False,False,True,False,True,False
train,Art. 9 SebG,6,True,law,statute_article,statute_article,False,True,False,False,False,True,True,True
train,Art. 32 VGG,1,True,law,statute_article,statute_article,False,False,False,True,False,True,True,True
train,Art. 86 Abs. 1 BGG,3,True,law,statute_article,statute_article,True,False,False,True,True,True,True,False
train,Art. 83 BGG,4,True,law,statute_article,statute_article,True,True,False,True,True,True,True,False
train,Art. 86 Abs. 2 BGG,1,True,law,statute_article,statute_article,True,False,False,True,True,True,True,False
train,Art. 32 Abs. 1 OR,1,True,law,statute_article,statute_article,True,False,False,True,True,True,True,False
train,Art. 396 Abs. 1 OR,1,True,law,statute_article,statute_article,True,False,False,True,True,True,True,False
train,Art. 33 Abs. 3 OR,2,True,law,statute_article,statute_article,True,False,False,True,True,True,True,False
train,Art. 396 Abs. 3 OR,2,True,law,statute_article,statute_article,True,False,False,True,True,True,True,False
train,Art. 3 AsylG,4,True,law,statute_article,statute_article,False,True,False,True,False,True,True,True
train,Art. 49 AsylG,4,True,law,statute_article,statute_article,True,False,False,True,True,True,True,False
train,Art. 53 AsylG,2,True,law,statute_article,statute_article,True,True,False,True,True,True,True,False
train,Art. 54 AsylG,5,True,law,statute_article,statute_article,True,True,False,True,True,True,True,False
train,Art. 55 AsylG,1,True,law,statute_article,statute_article,False,True,False,False,False,True,True,True
train,Art. 7 Abs. 3 FINMAG,4,True,law,statute_article,statute_article,True,True,False,True,True,True,True,False
train,Art. 26 ArGV 3,2,True,law,statute_article,statute_article,False,False,False,True,False,True,True,True
train,Art. 15 Abs. 2 JStG,5,True,law,statute_article,statute_article,True,True,False,True,True,True,True,False
train,Art. 19 Abs. 3 JStG,1,True,law,statute_article,statute_article,True,False,False,True,True,True,True,False
train,Art. 426 Abs. 1 ZGB,1,True,law,statute_article,statute_article,True,False,False,True,True,True,True,False
train,Art. 426 ZGB,1,True,law,statute_article,statute_article,False,True,False,True,False,True,True,True
train,Art. 19 Abs. 2 JStG,2,True,law,statute_article,statute_article,True,True,False,True,True,True,True,False
train,Art. 221 StPO,3,True,law,statute_article,statute_article,False,False,False,True,False,True,True,True
train,Art. 20 Abs. 3 DBG,6,True,law,statute_article,statute_article,True,True,False,True,True,True,True,False
train,Art. 20 Abs. 1 DBG,20,True,law,statute_article,statute_article,True,False,False,True,True,True,True,False
train,Art. 2 Abs. 2 URG,8,True,law,statute_article,statute_article,True,False,False,False,True,False,True,False
train,Art. 10 URG,1,True,law,statute_article,statute_article,False,True,False,True,False,True,True,True
train,Art. 9 Abs. 2 URG,1,True,law,statute_article,statute_article,True,False,False,False,True,False,True,False
train,Art. 19 Abs. 1 URG,5,True,law,statute_article,statute_article,True,False,False,True,True,True,True,False
train,Art. 11 URG,4,True,law,statute_article,statute_article,False,True,False,True,False,True,True,True
train,Art. 25 URG,4,True,law,statute_article,statute_article,False,True,False,True,False,True,True,True
train,Art. 19 URG,2,True,law,statute_article,statute_article,False,True,False,True,False,True,True,True
train,Art. 12 URG,1,True,law,statute_article,statute_article,False,False,False,True,False,True,True,True
train,Art. 28 URG,2,True,law,statute_article,statute_article,False,True,False,True,False,True,True,True
train,Art. 62 Abs. 1 URG,4,True,law,statute_article,statute_article,True,False,False,True,True,True,True,False
train,Art. 28 ZGB,11,True,law,statute_article,statute_article,False,False,False,True,False,True,True,True
train,Art. 3 DSG,8,True,law,statute_article,statute_article,False,False,False,True,False,True,True,True
train,Art. 4 Abs. 1 DSG,3,True,law,statute_article,statute_article,True,False,False,True,True,True,True,False
train,Art. 4 Abs. 2 DSG,5,True,law,statute_article,statute_article,True,False,False,True,True,True,True,False
train,Art. 4 Abs. 4 DSG,6,True,law,statute_article,statute_article,False,False,False,True,False,True,True,True
train,Art. 14 DSG,5,True,law,statute_article,statute_article,False,True,False,True,False,True,True,True
train,Art. 4 Abs. 3 DSG,3,True,law,statute_article,statute_article,False,False,False,True,False,True,True,True
train,Art. 5 DSG,2,True,law,statute_article,statute_article,True,False,False,True,True,True,True,False
train,Art. 34 DSG,2,True,law,statute_article,statute_article,False,False,False,True,False,True,True,True
train,Art. 62b RVOG,1,True,law,statute_article,statute_article,False,False,False,True,False,True,True,True
train,Art. 16 Abs. 2 EleG,2,True,law,statute_article,statute_article,True,True,False,True,True,True,True,False
train,Art. 62b Abs. 3 RVOG,1,True,law,statute_article,statute_article,True,False,False,False,True,False,True,False
train,Art. 186 Abs. 2 IPRG,1,True,law,statute_article,statute_article,True,False,False,True,True,True,True,False
train,Art. 9 GwG,4,True,law,statute_article,statute_article,False,True,False,True,False,True,True,True
train,Art. 37 GwG,2,True,law,statute_article,statute_article,False,False,False,True,False,True,True,True
train,Art. 8 ZGB,8,True,law,statute_article,statute_article,True,False,False,True,True,True,True,False
train,Art. 51 Abs. 3 ZPO,1,True,law,statute_article,statute_article,True,False,False,True,True,True,True,False
train,Art. 308 ZPO,1,True,law,statute_article,statute_article,False,False,False,True,False,True,True,True
train,Art. 309 ZPO,3,True,law,statute_article,statute_article,True,False,False,True,True,True,True,False
train,Art. 47 Abs. 1 ZPO,1,True,law,statute_article,statute_article,True,False,False,True,True,True,True,False
train,Art. 40 PatG,1,True,law,statute_article,statute_article,False,False,False,True,False,True,True,True
train,Art. 40a PatG,1,True,law,statute_article,statute_article,True,False,False,False,True,False,True,False
train,Art. 90 SchKG,1,True,law,statute_article,statute_article,True,True,False,True,True,True,True,False
train,Art. 91 Abs. 1 SchKG,1,True,law,statute_article,statute_article,True,False,False,True,True,True,True,False
train,Art. 17 Abs. 1 SchKG,5,True,law,statute_article,statute_article,True,False,False,True,True,True,True,False
train,Art. 17 Abs. 2 SchKG,3,True,law,statute_article,statute_article,True,True,False,True,True,True,True,False
train,Art. 31 SchKG,2,True,law,statute_article,statute_article,True,False,False,True,True,True,True,False
train,Art. 960e OR,2,True,law,statute_article,statute_article,False,False,False,True,False,True,True,True
train,Art. 960a Abs. 4 OR,2,True,law,statute_article,statute_article,True,True,False,True,True,True,True,False
train,Art. 8a SchKG,6,True,law,statute_article,statute_article,False,True,False,True,False,True,True,True
train,Art. 271 SchKG,1,True,law,statute_article,statute_article,False,False,False,True,False,True,True,True
train,Art. 271 Abs. 1 SchKG,3,True,law,statute_article,statute_article,True,False,False,True,True,True,True,False
train,Art. 82 SchKG,2,True,law,statute_article,statute_article,False,True,False,True,False,True,True,True
train,Art. 83 Abs. 1 SchKG,1,True,law,statute_article,statute_article,True,False,False,True,True,True,True,False
train,Art. 82 Abs. 1 SchKG,3,True,law,statute_article,statute_article,True,True,False,True,True,True,True,False
train,Art. 257 ZPO,1,True,law,statute_article,statute_article,False,True,False,True,False,True,True,True
train,Art. 257 Abs. 1 ZPO,1,True,law,statute_article,statute_article,False,False,False,True,False,True,True,True
train,Art. 243 Abs. 1 ZPO,6,True,law,statute_article,statute_article,True,True,False,True,True,True,True,False
train,Art. 354 ZPO,1,True,law,statute_article,statute_article,True,False,False,True,True,True,True,False
train,Art. 341 Abs. 1 OR,1,True,law,statute_article,statute_article,True,False,False,True,True,True,True,False
train,Art. 337c OR,1,True,law,statute_article,statute_article,False,True,False,True,False,True,True,True
train,Art. 722 OR,1,True,law,statute_article,statute_article,True,False,False,True,True,True,True,False
train,Art. 75 ZGB,2,True,law,statute_article,statute_article,True,True,False,True,True,True,True,False
train,Art. 641 Abs. 2 ZGB,5,True,law,statute_article,statute_article,True,False,False,True,True,True,True,False
train,Art. 679 ZGB,4,True,law,statute_article,statute_article,False,False,False,True,False,True,True,True
train,Art. 58 Abs. 1 SVG,3,True,law,statute_article,statute_article,True,False,False,True,True,True,True,False
train,Art. 7 SVG,3,True,law,statute_article,statute_article,False,True,False,False,False,True,True,True
train,Art. 71 Abs. 1 SVG,1,True,law,statute_article,statute_article,True,False,False,True,True,True,True,False
train,Art. 58 Abs. 2 SVG,1,True,law,statute_article,statute_article,True,False,False,True,True,True,True,False
train,Art. 49 OR,2,True,law,statute_article,statute_article,False,False,False,True,False,True,True,True
train,Art. 24 Abs. 1 UVG,1,True,law,statute_article,statute_article,True,False,False,True,True,True,True,False
train,Art. 74 Abs. 2 ATSG,1,True,law,statute_article,statute_article,True,False,False,True,True,True,True,False
train,Art. 21 JStG,4,True,law,statute_article,statute_article,False,True,False,False,False,True,True,True
train,Art. 11 Abs. 1 JStG,4,True,law,statute_article,statute_article,True,False,False,True,True,True,True,False
train,Art. 21 Abs. 1 JStG,3,True,law,statute_article,statute_article,True,False,False,False,True,False,True,False
train,Art. 56 Abs. 1 DBG,2,True,law,statute_article,statute_article,False,False,False,False,False,False,False,False
train,Art. 58 Abs. 1 DBG,12,True,law,statute_article,statute_article,True,False,False,True,True,True,True,False
train,Art. 959 Abs. 2 OR,4,True,law,statute_article,statute_article,True,False,False,True,True,True,True,False
train,Art. 4 Abs. 1 VStG,14,True,law,statute_article,statute_article,True,False,False,True,True,True,True,False
train,Art. 20 Abs. 1 VStV,5,True,law,statute_article,statute_article,True,False,False,True,True,True,True,False
train,Art. 14 Abs. 1 VStG,3,True,law,statute_article,statute_article,True,True,False,True,True,True,True,False
train,Art. 20 Abs. 1 VStG,2,True,law,statute_article,statute_article,True,False,False,True,True,True,True,False
train,Art. 24 Abs. 1 VStV,2,True,law,statute_article,statute_article,True,False,False,True,True,True,True,False
train,Art. 15 FIDLEG,1,True,law,statute_article,statute_article,False,True,False,False,False,True,True,True
train,Art. 2 Abs. 1 FIDLEG,1,True,law,statute_article,statute_article,True,False,False,False,True,False,True,False
train,Art. 973c OR,2,True,law,statute_article,statute_article,False,True,False,True,False,True,True,True
train,Art. 973d OR,2,True,law,statute_article,statute_article,False,True,False,False,False,True,True,True
train,Art. 2 Abs. 1 FinfraV,2,True,law,statute_article,statute_article,True,False,False,False,True,False,True,False
train,Art. 3 FINIG,3,True,law,statute_article,statute_article,True,False,False,False,True,False,True,False
train,Art. 19 FINIV,2,True,law,statute_article,statute_article,False,False,False,False,False,False,False,False
train,Art. 2 HRegV,1,True,law,statute_article,statute_article,True,False,False,True,True,True,True,False
train,Art. 6 BankV,2,True,law,statute_article,statute_article,False,False,False,True,False,True,True,True
train,Art. 8 Abs. 1 FIDLEG,1,True,law,statute_article,statute_article,True,False,False,False,True,False,True,False
train,Art. 8 Abs. 2 FIDLEG,1,True,law,statute_article,statute_article,True,False,False,False,True,False,True,False
train,Art. 9 Abs. 1 FIDLEV,1,True,law,statute_article,statute_article,True,False,False,False,True,False,True,False
train,Art. 8 Abs. 3 FIDLEG,1,True,law,statute_article,statute_article,True,False,False,False,True,False,True,False
train,Art. 8 Abs. 4 FIDLEG,1,True,law,statute_article,statute_article,True,False,False,False,True,False,True,False
train,Art. 58 FIDLEG,1,True,law,statute_article,statute_article,False,True,False,False,False,True,True,True
train,Art. 2 Abs. 2 FIDLEV,3,True,law,statute_article,statute_article,True,False,False,False,True,False,True,False
train,Art. 8 Abs. 5 FIDLEG,1,True,law,statute_article,statute_article,True,False,False,False,True,False,True,False
train,Art. 9 Abs. 1 FIDLEG,2,True,law,statute_article,statute_article,True,True,False,False,True,True,True,False
train,Art. 10 FIDLEG,1,True,law,statute_article,statute_article,True,False,False,False,True,False,True,False
train,Art. 11 FIDLEG,1,True,law,statute_article,statute_article,True,True,False,False,True,True,True,False
train,Art. 12 FIDLEG,2,True,law,statute_article,statute_article,True,True,False,False,True,True,True,False
train,Art. 5 Abs. 1 FIDLEG,1,True,law,statute_article,statute_article,False,False,False,False,False,False,False,False
train,Art. 17 FIDLEV,1,True,law,statute_article,statute_article,False,False,False,False,False,False,False,False
train,Art. 14 Abs. 2 FIDLEG,1,True,law,statute_article,statute_article,True,False,False,False,True,False,True,False
train,Art. 14 Abs. 3 FIDLEG,1,True,law,statute_article,statute_article,True,False,False,False,True,False,True,False
train,Art. 398 Abs. 2 OR,4,True,law,statute_article,statute_article,True,False,False,True,True,True,True,False
train,Art. 26 Abs. 3 FIDLEG,1,True,law,statute_article,statute_article,True,True,False,False,True,True,True,False
train,Art. 400 OR,2,True,law,statute_article,statute_article,False,False,False,True,False,True,True,True
train,Art. 26 FIDLEG,2,True,law,statute_article,statute_article,False,True,False,False,False,True,True,True
train,Art. 26 Abs. 1 FIDLEG,1,True,law,statute_article,statute_article,True,False,False,False,True,False,True,False
train,Art. 26 Abs. 2 FIDLEG,1,True,law,statute_article,statute_article,True,False,False,False,True,False,True,False
train,Art. 25 Abs. 1 FIDLEG,1,True,law,statute_article,statute_article,True,True,False,False,True,True,True,False
train,Art. 25 Abs. 2 FIDLEG,1,True,law,statute_article,statute_article,True,False,False,False,True,False,True,False
train,Art. 25 Abs. 3 FIDLEG,1,True,law,statute_article,statute_article,True,True,False,False,True,True,True,False
train,Art. 27 FIDLEV,1,True,law,statute_article,statute_article,False,False,False,False,False,False,False,False
train,Art. 398 OR,1,True,law,statute_article,statute_article,False,False,False,True,False,True,True,True
train,Art. 12 Abs. 1 DSG,4,True,law,statute_article,statute_article,True,False,False,True,True,True,True,False
train,Art. 13 DSG,7,True,law,statute_article,statute_article,False,True,False,True,False,True,True,True
train,Art. 13 Abs. 1 DSG,5,True,law,statute_article,statute_article,True,False,False,True,True,True,True,False
train,Art. 204 Abs. 1 ZPO,1,True,law,statute_article,statute_article,True,False,False,True,True,True,True,False
train,Art. 204 Abs. 3 ZPO,1,True,law,statute_article,statute_article,True,False,False,True,True,True,True,False
train,Art. 68 Abs. 2 ZPO,2,True,law,statute_article,statute_article,True,False,False,True,True,True,True,False
train,Art. 27 Abs. 1 SchKG,1,True,law,statute_article,statute_article,True,False,False,True,True,True,True,False
train,Art. 20a Abs. 1 DBG,4,True,law,statute_article,statute_article,True,False,False,True,True,True,True,False
train,Art. 16 Abs. 3 DBG,14,True,law,statute_article,statute_article,True,False,False,True,True,True,True,False
train,Art. 216 Abs. 2 ZPO,2,True,law,statute_article,statute_article,True,False,False,True,True,True,True,False
train,Art. 90 ZPO,2,True,law,statute_article,statute_article,False,False,False,True,False,True,True,True
train,Art. 93 ZPO,1,True,law,statute_article,statute_article,False,False,False,True,False,True,True,True
train,Art. 197 ZPO,4,True,law,statute_article,statute_article,True,False,False,True,True,True,True,False
train,Art. 198 ZPO,3,True,law,statute_article,statute_article,True,False,False,True,True,True,True,False
train,Art. 154 Abs. 4 FinfraG,2,True,law,statute_article,statute_article,True,False,False,False,True,False,True,False
train,Art. 24 BV,3,True,law,statute_article,statute_article,False,True,False,True,False,True,True,True
train,Art. 27 BV,7,True,law,statute_article,statute_article,False,True,False,True,False,True,True,True
train,Art. 13 Abs. 1 BV,11,True,law,statute_article,statute_article,True,False,False,True,True,True,True,False
train,Art. 10 Abs. 3 BV,9,True,law,statute_article,statute_article,True,False,False,True,True,True,True,False
train,Art. 7 BV,3,True,law,statute_article,statute_article,True,False,False,True,True,True,True,False
train,Art. 271 Abs. 2 SchKG,2,True,law,statute_article,statute_article,True,False,False,True,True,True,True,False
train,Art. 254 Abs. 1 ZPO,1,True,law,statute_article,statute_article,True,False,False,True,True,True,True,False
train,Art. 29 Abs. 2 URG,1,True,law,statute_article,statute_article,True,False,False,False,True,False,True,False
train,Art. 3 URG,5,True,law,statute_article,statute_article,False,False,False,True,False,True,True,True
train,Art. 2 Abs. 1 URG,7,True,law,statute_article,statute_article,True,False,False,True,True,True,True,False
train,Art. 11 Abs. 1 URG,3,True,law,statute_article,statute_article,True,False,False,False,True,False,True,False
train,Art. 41 Abs. 1 OR,5,True,law,statute_article,statute_article,True,False,False,True,True,True,True,False
train,Art. 969 Abs. 1 ZGB,7,True,law,statute_article,statute_article,True,False,False,True,True,True,True,False
train,Art. 969 ZGB,5,True,law,statute_article,statute_article,False,True,False,True,False,True,True,True
train,Art. 965 Abs. 1 ZGB,6,True,law,statute_article,statute_article,True,False,False,True,True,True,True,False
train,Art. 968 ZGB,6,True,law,statute_article,statute_article,True,False,False,True,True,True,True,False
train,Art. 144 StGB,11,True,law,statute_article,statute_article,False,True,False,True,False,True,True,True
train,Art. 18 JStPO,1,True,law,statute_article,statute_article,True,True,False,False,True,True,True,False
train,Art. 19 Abs. 2 JStPO,1,True,law,statute_article,statute_article,True,False,False,True,True,True,True,False
train,Art. 130 StPO,3,True,law,statute_article,statute_article,True,True,False,True,True,True,True,False
train,Art. 22 Abs. 1 StGB,5,True,law,statute_article,statute_article,True,False,False,True,True,True,True,False
train,Art. 48a StGB,1,True,law,statute_article,statute_article,False,True,False,True,False,True,True,True
train,Art. 131 StPO,2,True,law,statute_article,statute_article,False,False,False,True,False,True,True,True
train,Art. 131 Abs. 1 StPO,2,True,law,statute_article,statute_article,True,False,False,True,True,True,True,False
train,Art. 131 Abs. 2 StPO,1,True,law,statute_article,statute_article,True,False,False,True,True,True,True,False
train,Art. 307 Abs. 1 StPO,2,True,law,statute_article,statute_article,True,True,False,True,True,True,True,False
train,Art. 131 Abs. 3 StPO,2,True,law,statute_article,statute_article,True,False,False,True,True,True,True,False
train,Art. 141 Abs. 2 StPO,1,True,law,statute_article,statute_article,True,False,False,True,True,True,True,False
train,BGE 141 IV 20 E. 1.1.4,1,True,court,bge,court_bge,False,False,True,True,True,True,True,False
train,BGE 141 IV 289 E. 2.3,1,True,court,bge,court_bge,False,False,True,True,True,True,True,False
train,Art. 175 Abs. 1 DBG,1,True,law,statute_article,statute_article,True,True,False,True,True,True,True,False
train,Art. 181 Abs. 1 DBG,3,True,law,statute_article,statute_article,True,False,False,True,True,True,True,False
train,Art. 176 DBG,3,True,law,statute_article,statute_article,False,True,False,True,False,True,True,True
train,Art. 181 Abs. 3 DBG,3,True,law,statute_article,statute_article,True,False,False,True,True,True,True,False
train,Art. 177 DBG,3,True,law,statute_article,statute_article,False,True,False,True,False,True,True,True
train,Art. 186 Abs. 1 DBG,3,True,law,statute_article,statute_article,True,False,False,True,True,True,True,False
train,Art. 60 IPRG,2,True,law,statute_article,statute_article,True,True,False,True,True,True,True,False
train,Art. 64 IPRG,1,True,law,statute_article,statute_article,False,True,False,True,False,True,True,True
train,Art. 1 LugÜ,1,True,law,statute_article,statute_article,False,False,False,False,False,False,False,False
train,Art. 2 Abs. 1 LugÜ,8,True,law,statute_article,statute_article,False,False,False,False,False,False,False,False
train,Art. 64 Abs. 1 IPRG,2,True,law,statute_article,statute_article,True,False,False,True,True,True,True,False
train,Art. 59 IPRG,4,True,law,statute_article,statute_article,True,True,False,True,True,True,True,False
train,Art. 65 Abs. 1 IPRG,2,True,law,statute_article,statute_article,True,False,False,True,True,True,True,False
train,Art. 65 Abs. 2 IPRG,2,True,law,statute_article,statute_article,True,False,False,False,True,False,True,False
train,Art. 64 Abs. 2 IPRG,2,True,law,statute_article,statute_article,True,False,False,True,True,True,True,False
train,Art. 49 IPRG,4,True,law,statute_article,statute_article,True,True,False,True,True,True,True,False
train,Art. 12 VwVG,1,True,law,statute_article,statute_article,True,True,False,True,True,True,True,False
train,Art. 37 VGG,1,True,law,statute_article,statute_article,True,False,False,True,True,True,True,False
train,Art. 7 Abs. 1 BankG,1,True,law,statute_article,statute_article,True,False,False,True,True,True,True,False
train,Art. 8 Abs. 3 BankG,1,True,law,statute_article,statute_article,True,True,False,True,True,True,True,False
train,Art. 36 Abs. 1 BV,6,True,law,statute_article,statute_article,True,False,False,True,True,True,True,False
train,Art. 5 Abs. 1 BV,2,True,law,statute_article,statute_article,True,False,False,True,True,True,True,False
train,Art. 5 Abs. 2 BV,4,True,law,statute_article,statute_article,True,False,False,True,True,True,True,False
train,Art. 36 Abs. 3 BV,4,True,law,statute_article,statute_article,True,False,False,True,True,True,True,False
train,Art. 57 BV,2,True,law,statute_article,statute_article,False,False,False,True,False,True,True,True
train,Art. 964 Abs. 1 ZGB,4,True,law,statute_article,statute_article,True,True,False,True,True,True,True,False
train,Art. 736 Abs. 1 ZGB,2,True,law,statute_article,statute_article,True,False,False,True,True,True,True,False
train,Art. 78 AIG,2,True,law,statute_article,statute_article,False,True,False,True,False,True,True,True
train,Art. 646 Abs. 1 ZGB,2,True,law,statute_article,statute_article,True,False,False,True,True,True,True,False
train,Art. 647 Abs. 1 ZG,1,True,law,statute_article,statute_article,False,False,False,False,False,False,False,False
train,Art. 649a Abs. 1 ZGB,3,True,law,statute_article,statute_article,True,False,False,True,True,True,True,False
train,Art. 745 Abs. 1 ZGB,1,True,law,statute_article,statute_article,True,False,False,False,True,False,True,False
train,Art. 745 Abs. 3 ZGB,2,True,law,statute_article,statute_article,True,False,False,True,True,True,True,False
train,Art. 753 Abs. 2 ZGB,1,True,law,statute_article,statute_article,True,False,False,False,True,False,True,False
train,Art. 749 Abs. 2 ZGB,1,True,law,statute_article,statute_article,True,False,False,False,True,False,True,False
train,Art. 779 Abs. 1 ZGB,5,True,law,statute_article,statute_article,True,False,False,True,True,True,True,False
train,Art. 678 Abs. 2 ZGB,2,True,law,statute_article,statute_article,True,False,False,False,True,False,True,False
train,Art. 781 Abs. 1 ZGB,2,True,law,statute_article,statute_article,True,False,False,True,True,True,True,False
train,Art. 732 Abs. 2 ZGB,5,True,law,statute_article,statute_article,True,True,False,True,True,True,True,False
train,Art. 32 JStPO,1,True,law,statute_article,statute_article,False,True,False,True,False,True,True,True
train,Art. 34 Abs. 1 JStPO,4,True,law,statute_article,statute_article,True,False,False,True,True,True,True,False
train,Art. 15 JStG,3,True,law,statute_article,statute_article,False,True,False,True,False,True,True,True
train,Art. 32 Abs. 1 JStPO,3,True,law,statute_article,statute_article,True,False,False,False,True,False,True,False
train,Art. 6 Abs. 2 JStPO,7,True,law,statute_article,statute_article,True,False,False,True,True,True,True,False
train,Art. 22 JStG,5,True,law,statute_article,statute_article,False,True,False,True,False,True,True,True
train,Art. 23 JStG,5,True,law,statute_article,statute_article,False,True,False,True,False,True,True,True
train,Art. 712d Abs. 2 ZGB,1,True,law,statute_article,statute_article,True,False,False,False,True,False,True,False
train,Art. 712b Abs. 1 ZGB,4,True,law,statute_article,statute_article,True,False,False,True,True,True,True,False
train,Art. 712d Abs. 3 ZGB,1,True,law,statute_article,statute_article,True,False,False,False,True,False,True,False
train,Art. 712e Abs. 1 ZGB,1,True,law,statute_article,statute_article,True,False,False,True,True,True,True,False
train,Art. 69 Abs. 1 GBV,1,True,law,statute_article,statute_article,True,False,False,False,True,False,True,False
train,Art. 712d Abs. 1 ZGB,2,True,law,statute_article,statute_article,True,False,False,True,True,True,True,False
train,Art. 963 Abs. 1 ZGB,14,True,law,statute_article,statute_article,True,False,False,True,True,True,True,False
train,Art. 69 Abs. 2 GBV,2,True,law,statute_article,statute_article,True,False,False,True,True,True,True,False
train,Art. 68 Abs. 2 GBV,1,True,law,statute_article,statute_article,True,True,False,False,True,True,True,False
train,Art. 69 Abs. 3 GBV,1,True,law,statute_article,statute_article,True,False,False,True,True,True,True,False
train,Art. 69 Abs. 4 GBV,1,True,law,statute_article,statute_article,True,False,False,True,True,True,True,False
train,Art. 26 Abs. 2 HMG,1,True,law,statute_article,statute_article,True,True,False,True,True,True,True,False
train,Art. 26 HMG,1,True,law,statute_article,statute_article,False,True,False,True,False,True,True,True
train,Art. 65 ATSG,1,True,law,statute_article,statute_article,True,False,False,True,True,True,True,False
train,Art. 37 Abs. 1 BV,2,True,law,statute_article,statute_article,True,False,False,True,True,True,True,False
train,Art. 14 Abs. 2 IPRG,1,True,law,statute_article,statute_article,True,False,False,False,True,False,True,False
train,Art. 37 Abs. 1 IPRG,2,True,law,statute_article,statute_article,True,False,False,True,True,True,True,False
train,Art. 14 Abs. 1 IPRG,1,True,law,statute_article,statute_article,True,False,False,True,True,True,True,False
train,Art. 224 Abs. 1 ZPO,1,True,law,statute_article,statute_article,True,False,False,True,True,True,True,False
train,Art. 62 BV,1,True,law,statute_article,statute_article,False,False,False,True,False,True,True,True
train,Art. 201 OR,3,True,law,statute_article,statute_article,False,False,False,True,False,True,True,True
train,Art. 203 OR,3,True,law,statute_article,statute_article,True,False,False,True,True,True,True,False
train,Art. 20 Abs. 2 OR,10,True,law,statute_article,statute_article,True,False,False,True,True,True,True,False
train,Art. 24 Abs. 1 OR,6,True,law,statute_article,statute_article,True,False,False,True,True,True,True,False
train,Art. 31 OR,7,True,law,statute_article,statute_article,False,False,False,True,False,True,True,True
train,Art. 24 OR,5,True,law,statute_article,statute_article,False,False,False,True,False,True,True,True
train,Art. 187 Abs. 1 OR,3,True,law,statute_article,statute_article,True,False,False,False,True,False,True,False
train,Art. 187 OR,3,True,law,statute_article,statute_article,False,False,False,True,False,True,True,True
train,Art. 197 OR,3,True,law,statute_article,statute_article,False,False,False,True,False,True,True,True
train,Art. 205 OR,4,True,law,statute_article,statute_article,False,False,False,True,False,True,True,True
train,Art. 20 Abs. 1 OR,4,True,law,statute_article,statute_article,True,False,False,True,True,True,True,False
train,Art. 23 OR,6,True,law,statute_article,statute_article,True,False,False,True,True,True,True,False
train,Art. 63 Abs. 1 VwVG,1,True,law,statute_article,statute_article,True,False,False,True,True,True,True,False
train,Art. 65 Abs. 1 VwVG,1,True,law,statute_article,statute_article,True,False,False,True,True,True,True,False
train,Art. 63 Abs. 2 VwVG,1,True,law,statute_article,statute_article,True,False,False,True,True,True,True,False
train,Art. 22 Abs. 2 RPG,6,True,law,statute_article,statute_article,True,False,False,True,True,True,True,False
train,Art. 209 Abs. 3 ZPO,1,True,law,statute_article,statute_article,True,False,False,True,True,True,True,False
train,Art. 111 Abs. 1 BGG,2,True,law,statute_article,statute_article,True,False,False,True,True,True,True,False
train,Art. 33 Abs. 2 RPG,1,True,law,statute_article,statute_article,True,False,False,True,True,True,True,False
train,Art. 12g Abs. 2 NHG,1,True,law,statute_article,statute_article,True,False,False,True,True,True,True,False
train,Art. 111 Abs. 2 BGG,1,True,law,statute_article,statute_article,True,False,False,True,True,True,True,False
train,Art. 106 Abs. 1 BGG,1,True,law,statute_article,statute_article,True,False,False,True,True,True,True,False
train,Art. 24c RPG,3,True,law,statute_article,statute_article,False,True,False,True,False,True,True,True
train,Art. 41 Abs. 1 RPV,2,True,law,statute_article,statute_article,True,False,False,True,True,True,True,False
train,Art. 24c Abs. 2 RPG,1,True,law,statute_article,statute_article,True,False,False,True,True,True,True,False
train,Art. 42 Abs. 1 RPV,1,True,law,statute_article,statute_article,True,False,False,True,True,True,True,False
train,Art. 42 Abs. 2 RPV,1,True,law,statute_article,statute_article,True,False,False,True,True,True,True,False
train,Art. 24c Abs. 4 RPG,1,True,law,statute_article,statute_article,True,True,False,True,True,True,True,False
train,Art. 42 Abs. 3 RPV,1,True,law,statute_article,statute_article,True,True,False,True,True,True,True,False
train,Art. 24c Abs. 5 RPG,1,True,law,statute_article,statute_article,True,False,False,True,True,True,True,False
train,Art. 4 GSchG,2,True,law,statute_article,statute_article,True,False,False,True,True,True,True,False
train,Art. 7 Abs. 1 GSchG,1,True,law,statute_article,statute_article,True,False,False,True,True,True,True,False
train,BGE 134 III 565 E. 3.2,1,True,court,bge,court_bge,False,False,True,True,True,True,True,False
train,Art. 47 EleG,2,True,law,statute_article,statute_article,False,False,False,False,False,False,False,False
train,Art. 43 Abs. 1 LSV,7,True,law,statute_article,statute_article,True,False,False,True,True,True,True,False
train,Art. 20 USG,2,True,law,statute_article,statute_article,False,True,False,True,False,True,True,True
train,Art. 20 Abs. 1 USG,2,True,law,statute_article,statute_article,True,False,False,True,True,True,True,False
train,Art. 15 Abs. 1 LSV,1,True,law,statute_article,statute_article,True,False,False,True,True,True,True,False
train,Art. 2 Abs. 6 LSV,2,True,law,statute_article,statute_article,True,False,False,True,True,True,True,False
train,Art. 20 Abs. 2 USG,2,True,law,statute_article,statute_article,True,False,False,True,True,True,True,False
train,Art. 16 LSV,1,True,law,statute_article,statute_article,False,True,False,True,False,True,True,True
train,Art. 37 IRSG,1,True,law,statute_article,statute_article,False,False,False,True,False,True,True,True
train,Art. 2 IRSG,1,True,law,statute_article,statute_article,True,False,False,True,True,True,True,False
train,Art. 37 Abs. 1 IRSG,1,True,law,statute_article,statute_article,True,False,False,True,True,True,True,False
train,Art. 85 Abs. 2 IRSG,1,True,law,statute_article,statute_article,True,False,False,False,True,False,True,False
train,Art. 94 Abs. 1 IRSG,2,True,law,statute_article,statute_article,True,True,False,True,True,True,True,False
train,Art. 85 Abs. 3 IRSG,1,True,law,statute_article,statute_article,True,False,False,False,True,False,True,False
train,Art. 94 Abs. 2 IRSG,1,True,law,statute_article,statute_article,True,False,False,True,True,True,True,False
train,Art. 8 Abs. 2 IRSV,1,True,law,statute_article,statute_article,True,False,False,False,True,False,True,False
train,Art. 8 Abs. 1 IRSV,1,True,law,statute_article,statute_article,True,False,False,False,True,False,True,False
train,Art. 140 StGB,2,True,law,statute_article,statute_article,False,True,False,True,False,True,True,True
train,Art. 35 Abs. 1 IRSG,1,True,law,statute_article,statute_article,True,True,False,True,True,True,True,False
train,Art. 94 IRSG,2,True,law,statute_article,statute_article,False,True,False,True,False,True,True,True
train,BGE 129 II 100 E. 3.5,1,True,court,bge,court_bge,False,False,True,True,True,True,True,False
train,Art. 150 Abs. 1 IPRG,1,True,law,statute_article,statute_article,True,False,False,True,True,True,True,False
train,Art. 154 Abs. 1 IPRG,4,True,law,statute_article,statute_article,True,False,False,True,True,True,True,False
train,Art. 3 Abs. 1 NHG,1,True,law,statute_article,statute_article,True,False,False,True,True,True,True,False
train,Art. 3 Abs. 3 NHG,1,True,law,statute_article,statute_article,True,False,False,True,True,True,True,False
train,Art. 89 BV,1,True,law,statute_article,statute_article,False,True,False,True,False,True,True,True
train,Art. 17 IPRG,7,True,law,statute_article,statute_article,True,False,False,True,True,True,True,False
train,Art. 27 IPRG,4,True,law,statute_article,statute_article,False,True,False,True,False,True,True,True
train,Art. 837 Abs. 1 ZGB,2,True,law,statute_article,statute_article,True,False,False,True,True,True,True,False
train,Art. 824 Abs. 1 ZGB,1,True,law,statute_article,statute_article,True,False,False,True,True,True,True,False
train,Art. 832 Abs. 1 ZGB,2,True,law,statute_article,statute_article,True,False,False,True,True,True,True,False
train,Art. 824 Abs. 2 ZGB,2,True,law,statute_article,statute_article,True,False,False,False,True,False,True,False
train,Art. 832 Abs. 2 ZGB,2,True,law,statute_article,statute_article,True,False,False,True,True,True,True,False
train,Art. 175 Abs. 1 OR,1,True,law,statute_article,statute_article,True,False,False,True,True,True,True,False
train,Art. 176 Abs. 1 OR,1,True,law,statute_article,statute_article,True,False,False,True,True,True,True,False
train,Art. 834 Abs. 1 ZGB,2,True,law,statute_article,statute_article,True,False,False,True,True,True,True,False
train,Art. 24 RPG,7,True,law,statute_article,statute_article,True,True,False,True,True,True,True,False
train,Art. 11 Abs. 1 RPG,1,True,law,statute_article,statute_article,True,False,False,True,True,True,True,False
train,Art. 11 Abs. 2 RPV,1,True,law,statute_article,statute_article,True,False,False,True,True,True,True,False
train,Art. 8a Abs. 1 RPG,1,True,law,statute_article,statute_article,True,True,False,True,True,True,True,False
train,Art. 15 RPG,1,True,law,statute_article,statute_article,False,True,False,True,False,True,True,True
train,Art. 15 Abs. 3 RPG,1,True,law,statute_article,statute_article,True,False,False,True,True,True,True,False
train,Art. 3 RPG,1,True,law,statute_article,statute_article,False,True,False,True,False,True,True,True
train,Art. 75 Abs. 1 BV,2,True,law,statute_article,statute_article,True,False,False,True,True,True,True,False
train,Art. 1 RPG,1,True,law,statute_article,statute_article,False,True,False,True,False,True,True,True
train,Art. 14 VStG,2,True,law,statute_article,statute_article,False,True,False,True,False,True,True,True
train,Art. 2 Abs. 1 ZGB,2,True,law,statute_article,statute_article,True,True,False,True,True,True,True,False
train,Art. 754 OR,6,True,law,statute_article,statute_article,False,False,False,True,False,True,True,True
train,Art. 46 Abs. 1 KVV,1,True,law,statute_article,statute_article,False,False,False,True,False,True,True,True
train,Art. 3 Abs. 2 BankG,9,True,law,statute_article,statute_article,True,False,False,True,True,True,True,False
train,Art. 20 Abs. 3 VVG,1,True,law,statute_article,statute_article,True,False,False,True,True,True,True,False
train,Art. 9 IPRG,1,True,law,statute_article,statute_article,False,True,False,True,False,True,True,True
train,Art. 9 Abs. 2 IPRG,1,True,law,statute_article,statute_article,True,False,False,True,True,True,True,False
train,Art. 25 IPRG,4,True,law,statute_article,statute_article,True,True,False,True,True,True,True,False
train,Art. 49 VwVG,2,True,law,statute_article,statute_article,True,True,False,True,True,True,True,False
train,Art. 63a Abs. 3 BV,1,True,law,statute_article,statute_article,True,False,False,True,True,True,True,False
train,Art. 45 Abs. 3 OR,2,True,law,statute_article,statute_article,True,False,False,True,True,True,True,False
train,Art. 47 OR,1,True,law,statute_article,statute_article,True,False,False,True,True,True,True,False
train,Art. 239 StGB,1,True,law,statute_article,statute_article,False,False,False,True,False,True,True,True
train,Art. 55 Abs. 1 OR,1,True,law,statute_article,statute_article,True,False,False,True,True,True,True,False
train,Art. 41 Abs. 2 OR,1,True,law,statute_article,statute_article,True,False,False,True,True,True,True,False
train,Art. 7 Abs. 1 FINMAG,3,True,law,statute_article,statute_article,True,False,False,True,True,True,True,False
train,Art. 3 FINMAG,2,True,law,statute_article,statute_article,True,True,False,True,True,True,True,False
train,Art. 33a FINMAG,1,True,law,statute_article,statute_article,False,True,False,True,False,True,True,True
train,Art. 33 FINMAG,2,True,law,statute_article,statute_article,False,True,False,True,False,True,True,True
train,Art. 34 FINMAG,1,True,law,statute_article,statute_article,False,False,False,True,False,True,True,True
train,Art. 35 FINMAG,2,True,law,statute_article,statute_article,False,True,False,True,False,True,True,True
train,Art. 145 FinfraG,1,True,law,statute_article,statute_article,True,False,False,False,True,False,True,False
train,Art. 21 BV,7,True,law,statute_article,statute_article,True,False,False,True,True,True,True,False
train,Art. 25 Abs. 1 BV,3,True,law,statute_article,statute_article,True,False,False,True,True,True,True,False
train,Art. 136 Abs. 1 BV,2,True,law,statute_article,statute_article,True,True,False,True,True,True,True,False
train,Art. 25 Abs. 2 BV,1,True,law,statute_article,statute_article,True,False,False,True,True,True,True,False
train,Art. 8 BV,4,True,law,statute_article,statute_article,False,False,False,True,False,True,True,True
train,Art. 88 Abs. 1 BGG,1,True,law,statute_article,statute_article,True,False,False,True,True,True,True,False
train,Art. 10 BV,4,True,law,statute_article,statute_article,False,True,False,True,False,True,True,True
train,Art. 19 GUMG,1,True,law,statute_article,statute_article,True,False,False,False,True,False,True,False
train,Art. 19 Abs. 3 GUMG,1,True,law,statute_article,statute_article,False,False,False,False,False,False,False,False
train,Art. 37 Abs. 3 IVV,1,True,law,statute_article,statute_article,True,False,False,True,True,True,True,False
train,Art. 757 Abs. 1 OR,1,True,law,statute_article,statute_article,True,False,False,True,True,True,True,False
train,Art. 155 IPRG,1,True,law,statute_article,statute_article,True,False,False,True,True,True,True,False
train,Art. 756 Abs. 1 OR,1,True,law,statute_article,statute_article,True,False,False,True,True,True,True,False
train,Art. 325 SchKG,1,True,law,statute_article,statute_article,True,False,False,True,True,True,True,False
train,Art. 288 Abs. 1 SchKG,1,True,law,statute_article,statute_article,True,False,False,True,True,True,True,False
train,Art. 757 OR,2,True,law,statute_article,statute_article,False,True,False,True,False,True,True,True
train,Art. 754 Abs. 1 OR,1,True,law,statute_article,statute_article,True,False,False,True,True,True,True,False
train,Art. 41 OR,11,True,law,statute_article,statute_article,False,False,False,True,False,True,True,True
train,Art. 717 Abs. 1 OR,3,True,law,statute_article,statute_article,True,False,False,True,True,True,True,False
train,BGE 137 III 481 E. 2.1,1,True,court,bge,court_bge,False,False,True,True,True,True,True,False
train,BGE 136 III 322 E. 3,1,True,court,bge,court_bge,False,False,True,True,True,True,True,False
train,BGE 132 III 564 E. 6.2,1,True,court,bge,court_bge,False,False,True,True,True,True,True,False
train,BGE 132 III 321 E. 2.2.1,1,True,court,bge,court_bge,False,False,True,True,True,True,True,False
train,BGE 129 III 331 E. 2.1,1,True,court,bge,court_bge,False,False,True,True,True,True,True,False
train,BGE 132 III 564 E. 3.1.2,1,True,court,bge,court_bge,False,False,True,True,True,True,True,False
train,BGE 132 III 564 E. 3.1.3,1,True,court,bge,court_bge,False,False,True,True,True,True,True,False
train,BGE 132 III 342 E. 2.3.3,1,True,court,bge,court_bge,False,False,True,True,True,True,True,False
train,BGE 132 III 564 E. 3.2.2,1,True,court,bge,court_bge,False,False,True,True,True,True,True,False
train,BGE 128 III 180 E. 2c,1,True,court,bge,court_bge,False,False,True,True,True,True,True,False
train,BGE 132 III 564 E. 3.2.3,1,True,court,bge,court_bge,False,False,True,True,True,True,True,False
train,BGE 141 III 112 E. 5.2.3,1,True,court,bge,court_bge,False,False,True,True,True,True,True,False
train,BGE 131 III 306 E. 3.1.1,1,True,court,bge,court_bge,False,False,True,True,True,True,True,False
train,BGE 132 III 564 E. 3.1,1,True,court,bge,court_bge,False,False,True,True,True,True,True,False
train,BGE 131 III 306 E. 3.1.2,1,True,court,bge,court_bge,False,False,True,True,True,True,True,False
train,BGE 132 III 564 E. 3.2.1,1,True,court,bge,court_bge,False,False,True,True,True,True,True,False
train,BGE 141 III 112 E. 5.2.1,1,True,court,bge,court_bge,False,False,True,True,True,True,True,False
train,BGE 132 III 342 E. 2.3.1,1,True,court,bge,court_bge,False,False,True,True,True,True,True,False
train,BGE 132 III 342 E. 4.1,1,True,court,bge,court_bge,False,False,True,True,True,True,True,False
train,Art. 343 StPO,2,True,law,statute_article,statute_article,False,False,False,True,False,True,True,True
train,Art. 343 Abs. 1 StPO,1,True,law,statute_article,statute_article,True,False,False,True,True,True,True,False
train,Art. 343 Abs. 2 StPO,1,True,law,statute_article,statute_article,True,False,False,True,True,True,True,False
train,Art. 147 StPO,1,True,law,statute_article,statute_article,False,False,False,True,False,True,True,True
train,Art. 343 Abs. 3 StPO,3,True,law,statute_article,statute_article,True,False,False,True,True,True,True,False
train,Art. 3 Abs. 1 DBG,2,True,law,statute_article,statute_article,True,True,False,True,True,True,True,False
train,Art. 3 Abs. 2 DBG,1,True,law,statute_article,statute_article,True,False,False,True,True,True,True,False
train,Art. 3 Abs. 3 DBG,1,True,law,statute_article,statute_article,True,False,False,True,True,True,True,False
train,Art. 45 BankV,1,True,law,statute_article,statute_article,False,False,False,False,False,False,False,False
train,Art. 1a BankG,2,True,law,statute_article,statute_article,True,True,False,True,True,True,True,False
train,Art. 5 Abs. 1 BankV,2,True,law,statute_article,statute_article,True,False,False,True,True,True,True,False
train,Art. 64 Abs. 3 FIDLEG,2,True,law,statute_article,statute_article,True,False,False,True,True,True,True,False
train,Art. 5 Abs. 3 BankV,2,True,law,statute_article,statute_article,True,False,False,True,True,True,True,False
train,Art. 35 Abs. 1 FIDLEG,2,True,law,statute_article,statute_article,True,False,False,False,True,False,True,False
train,Art. 3 Abs. 7 FIDLEV,3,True,law,statute_article,statute_article,True,False,False,False,True,False,True,False
train,Art. 36 Abs. 1 FIDLEG,2,True,law,statute_article,statute_article,True,False,False,False,True,False,True,False
train,Art. 6 Abs. 2 BankV,2,True,law,statute_article,statute_article,True,False,False,False,True,False,True,False
train,Art. 1b Abs. 1 BankG,1,True,law,statute_article,statute_article,True,True,False,False,True,True,True,False
train,Art. 1b Abs. 4 BankG,1,True,law,statute_article,statute_article,True,False,False,False,True,False,True,False
train,Art. 2 UWG,6,True,law,statute_article,statute_article,True,False,False,True,True,True,True,False
train,Art. 1 UWG,7,True,law,statute_article,statute_article,True,False,False,True,True,True,True,False
train,Art. 136 Abs. 1 IPRG,2,True,law,statute_article,statute_article,True,False,False,True,True,True,True,False
train,Art. 3 Abs. 1 UWG,4,True,law,statute_article,statute_article,True,False,False,True,True,True,True,False
train,Art. 127 Abs. 2 BV,2,True,law,statute_article,statute_article,True,True,False,True,True,True,True,False
train,Art. 35a Abs. 1 MVV,1,True,law,statute_article,statute_article,True,False,False,False,True,False,True,False
train,Art. 37h BankG,2,True,law,statute_article,statute_article,False,True,False,False,False,True,True,True
train,Art. 328b OR,2,True,law,statute_article,statute_article,True,True,False,True,True,True,True,False
train,Art. 328 OR,1,True,law,statute_article,statute_article,False,True,False,True,False,True,True,True
train,Art. 2a BetmG,1,True,law,statute_article,statute_article,True,True,False,True,True,True,True,False
train,Art. 349a Abs. 2 OR,1,True,law,statute_article,statute_article,True,False,False,True,True,True,True,False
train,Art. 324 OR,1,True,law,statute_article,statute_article,False,True,False,True,False,True,True,True
train,Art. 18 Abs. 1 NHG,1,True,law,statute_article,statute_article,True,False,False,True,True,True,True,False
train,Art. 6 TwwV,1,True,law,statute_article,statute_article,False,False,False,False,False,False,False,False
train,Art. 6 Abs. 1 TwwV,1,True,law,statute_article,statute_article,True,False,False,True,True,True,True,False
train,Art. 7 Abs. 1 TwwV,1,True,law,statute_article,statute_article,True,False,False,True,True,True,True,False
train,Art. 68 Abs. 1 BV,1,True,law,statute_article,statute_article,True,False,False,True,True,True,True,False
train,Art. 20 Abs. 1 NHG,2,True,law,statute_article,statute_article,True,False,False,True,True,True,True,False
train,Art. 31 Abs. 4 BV,2,True,law,statute_article,statute_article,True,False,False,True,True,True,True,False
train,Art. 2 Abs. 2 DSG,2,True,law,statute_article,statute_article,True,False,False,True,True,True,True,False
train,Art. 7 Abs. 1 DSG,3,True,law,statute_article,statute_article,True,False,False,True,True,True,True,False
train,Art. 12 Abs. 2 DSG,5,True,law,statute_article,statute_article,True,True,False,True,True,True,True,False
train,Art. 14 Abs. 4 DSG,1,True,law,statute_article,statute_article,False,False,False,False,False,False,False,False
train,Art. 11a Abs. 3 DSG,1,True,law,statute_article,statute_article,False,False,False,False,False,False,False,False
train,Art. 59 Abs. 3 StGB,4,True,law,statute_article,statute_article,True,False,False,True,True,True,True,False
train,Art. 76 Abs. 2 StGB,2,True,law,statute_article,statute_article,True,True,False,True,True,True,True,False
train,Art. 59 StGB,5,True,law,statute_article,statute_article,False,True,False,True,False,True,True,True
train,Art. 64 StGB,6,True,law,statute_article,statute_article,False,False,False,True,False,True,True,True
train,Art. 82 Abs. 1 StPO,2,True,law,statute_article,statute_article,True,False,False,True,True,True,True,False
train,Art. 64 Abs. 1 StGB,5,True,law,statute_article,statute_article,True,True,False,True,True,True,True,False
train,Art. 76 StGB,2,True,law,statute_article,statute_article,False,False,False,True,False,True,True,True
train,Art. 59 Abs. 1 StGB,3,True,law,statute_article,statute_article,True,False,False,True,True,True,True,False
train,Art. 62c Abs. 6 StGB,2,True,law,statute_article,statute_article,True,True,False,True,True,True,True,False
train,Art. 59 Abs. 2 StGB,2,True,law,statute_article,statute_article,True,False,False,True,True,True,True,False
train,Art. 64 Abs. 4 StGB,3,True,law,statute_article,statute_article,True,False,False,True,True,True,True,False
train,Art. 19 Abs. 2 StPO,2,True,law,statute_article,statute_article,True,True,False,True,True,True,True,False
train,Art. 439 Abs. 2 StPO,2,True,law,statute_article,statute_article,True,False,False,True,True,True,True,False
train,Art. 228 Abs. 2 StPO,1,True,law,statute_article,statute_article,True,False,False,True,True,True,True,False
train,Art. 30c Abs. 1 BVG,1,True,law,statute_article,statute_article,True,True,False,True,True,True,True,False
train,Art. 30c Abs. 5 BVG,1,True,law,statute_article,statute_article,True,False,False,True,True,True,True,False
train,Art. 30c Abs. 2 BVG,1,True,law,statute_article,statute_article,True,False,False,False,True,False,True,False
train,Art. 30c Abs. 4 BVG,1,True,law,statute_article,statute_article,True,True,False,True,True,True,True,False
train,Art. 76b Abs. 1 SVG,1,True,law,statute_article,statute_article,True,False,False,False,True,False,True,False
train,Art. 166 Abs. 1 IPRG,1,True,law,statute_article,statute_article,True,False,False,True,True,True,True,False
train,Art. 25 USG,2,True,law,statute_article,statute_article,False,False,False,True,False,True,True,True
train,Art. 25 Abs. 1 USG,3,True,law,statute_article,statute_article,True,False,False,True,True,True,True,False
train,Art. 7 Abs. 1 LSV,2,True,law,statute_article,statute_article,True,True,False,True,True,True,True,False
train,Art. 25 Abs. 2 USG,1,True,law,statute_article,statute_article,True,False,False,True,True,True,True,False
train,Art. 7 Abs. 2 LSV,1,True,law,statute_article,statute_article,True,False,False,True,True,True,True,False
train,Art. 25 Abs. 3 USG,2,True,law,statute_article,statute_article,True,False,False,True,True,True,True,False
train,Art. 29 Abs. 1 BV,4,True,law,statute_article,statute_article,True,False,False,True,True,True,True,False
train,Art. 7 Abs. 3 OR,1,True,law,statute_article,statute_article,True,False,False,False,True,False,True,False
train,Art. 26 OR,4,True,law,statute_article,statute_article,False,False,False,True,False,True,True,True
train,Art. 7 OR,1,True,law,statute_article,statute_article,False,False,False,True,False,True,True,True
train,Art. 1 Abs. 1 OR,1,True,law,statute_article,statute_article,True,True,False,True,True,True,True,False
train,Art. 1 OR,7,True,law,statute_article,statute_article,False,False,False,True,False,True,True,True
train,Art. 25 OR,1,True,law,statute_article,statute_article,False,False,False,True,False,True,True,True
train,Art. 55 Abs. 1 USG,4,True,law,statute_article,statute_article,True,True,False,True,True,True,True,False
train,Art. 12 Abs. 1 NHG,4,True,law,statute_article,statute_article,True,True,False,True,True,True,True,False
train,Art. 78 Abs. 4 BV,1,True,law,statute_article,statute_article,True,False,False,True,True,True,True,False
train,Art. 12 NHG,2,True,law,statute_article,statute_article,False,False,False,True,False,True,True,True
train,Art. 78 Abs. 2 BV,2,True,law,statute_article,statute_article,True,False,False,True,True,True,True,False
train,Art. 78 BV,1,True,law,statute_article,statute_article,False,False,False,True,False,True,True,True
train,Art. 12 Abs. 5 NHG,1,True,law,statute_article,statute_article,True,False,False,True,True,True,True,False
train,Art. 12c Abs. 2 NHG,2,True,law,statute_article,statute_article,True,False,False,True,True,True,True,False
train,Art. 839 Abs. 2 ZGB,6,True,law,statute_article,statute_article,True,False,False,True,True,True,True,False
train,Art. 3 Abs. 1 JStPO,4,True,law,statute_article,statute_article,True,False,False,True,True,True,True,False
train,Art. 163 Abs. 2 StPO,1,True,law,statute_article,statute_article,True,False,False,True,True,True,True,False
train,Art. 168 Abs. 1 StPO,1,True,law,statute_article,statute_article,True,True,False,False,True,True,True,False
train,Art. 113 BGG,4,True,law,statute_article,statute_article,True,False,False,True,True,True,True,False
train,Art. 2 Abs. 1 RPG,2,True,law,statute_article,statute_article,True,False,False,True,True,True,True,False
train,Art. 23 Abs. 1 AIG,1,True,law,statute_article,statute_article,True,False,False,False,True,False,True,False
train,Art. 68 AIG,3,True,law,statute_article,statute_article,False,True,False,True,False,True,True,True
train,Art. 25 StGB,5,True,law,statute_article,statute_article,True,False,False,True,True,True,True,False
train,Art. 143 FinfraG,3,True,law,statute_article,statute_article,False,True,False,True,False,True,True,True
train,Art. 155 FinfraG,2,True,law,statute_article,statute_article,False,False,False,False,False,False,False,False
train,Art. 655 Abs. 2 ZGB,9,True,law,statute_article,statute_article,True,False,False,True,True,True,True,False
train,Art. 655 Abs. 3 ZGB,3,True,law,statute_article,statute_article,True,False,False,True,True,True,True,False
train,Art. 780 Abs. 3 ZGB,1,True,law,statute_article,statute_article,True,False,False,True,True,True,True,False
train,Art. 781 ZGB,6,True,law,statute_article,statute_article,False,False,False,True,False,True,True,True
train,Art. 7 Abs. 2 FINMAG,2,True,law,statute_article,statute_article,True,True,False,False,True,True,True,False
train,Art. 5 AsylG,1,True,law,statute_article,statute_article,False,True,False,True,False,True,True,True
train,Art. 83 Abs. 7 AIG,1,True,law,statute_article,statute_article,True,True,False,True,True,True,True,False
train,Art. 83 Abs. 9 AIG,1,True,law,statute_article,statute_article,True,False,False,True,True,True,True,False
train,Art. 49 Abs. 1 VVEA,1,True,law,statute_article,statute_article,False,False,False,False,False,False,False,False
train,Art. 31c USG,1,True,law,statute_article,statute_article,False,True,False,True,False,True,True,True
train,Art. 292 StGB,1,True,law,statute_article,statute_article,True,True,False,True,True,True,True,False
train,Art. 55 Abs. 1 VwVG,2,True,law,statute_article,statute_article,True,False,False,True,True,True,True,False
train,Art. 56 VwVG,2,True,law,statute_article,statute_article,True,True,False,True,True,True,True,False
train,Art. 55 Abs. 3 VwVG,1,True,law,statute_article,statute_article,True,False,False,True,True,True,True,False
train,Art. 22 Abs. 1 RPG,4,True,law,statute_article,statute_article,True,True,False,True,True,True,True,False
train,Art. 76 Abs. 3 BV,1,True,law,statute_article,statute_article,True,False,False,True,True,True,True,False
train,Art. 91 Abs. 1 IPRG,1,True,law,statute_article,statute_article,True,True,False,True,True,True,True,False
train,Art. 29 Abs. 1 ZPO,1,True,law,statute_article,statute_article,True,False,False,False,True,False,True,False
train,Art. 9 Abs. 1 ZPO,1,True,law,statute_article,statute_article,True,False,False,False,True,False,True,False
train,Art. 17 ZPO,2,True,law,statute_article,statute_article,False,False,False,True,False,True,True,True
train,Art. 19 Abs. 1 FamZG,2,True,law,statute_article,statute_article,True,True,False,True,True,True,True,False
train,Art. 19 Abs. 2 FamZG,1,True,law,statute_article,statute_article,True,True,False,True,True,True,True,False
train,Art. 114 ZPO,2,True,law,statute_article,statute_article,True,True,False,True,True,True,True,False
train,Art. 113 Abs. 2 ZPO,1,True,law,statute_article,statute_article,True,False,False,False,True,False,True,False
train,Art. 86 ZPO,1,True,law,statute_article,statute_article,True,False,False,True,True,True,True,False
train,Art. 25 Abs. 2 RPG,1,True,law,statute_article,statute_article,True,True,False,True,True,True,True,False
train,Art. 25a RPG,1,True,law,statute_article,statute_article,False,False,False,True,False,True,True,True
train,Art. 39 Abs. 1 BV,1,True,law,statute_article,statute_article,True,False,False,True,True,True,True,False
train,Art. 51 Abs. 1 BV,1,True,law,statute_article,statute_article,True,False,False,True,True,True,True,False
train,Art. 34 BV,1,True,law,statute_article,statute_article,False,False,False,True,False,True,True,True
train,Art. 34 Abs. 2 BV,2,True,law,statute_article,statute_article,True,False,False,True,True,True,True,False
train,Art. 471 ZGB,5,True,law,statute_article,statute_article,True,False,False,True,True,True,True,False
train,Art. 608 Abs. 2 ZGB,1,True,law,statute_article,statute_article,True,False,False,True,True,True,True,False
train,Art. 3 AIG,1,True,law,statute_article,statute_article,False,False,False,False,False,False,False,False
train,Art. 15 ArG,1,True,law,statute_article,statute_article,False,False,False,True,False,True,True,True
train,Art. 18 Abs. 3 ArGV 1,1,True,law,statute_article,statute_article,True,False,False,False,True,False,True,False
train,Art. 21 Abs. 2 VStG,1,True,law,statute_article,statute_article,True,False,False,True,True,True,True,False
train,Art. 21 Abs. 1 VStG,2,True,law,statute_article,statute_article,True,False,False,True,True,True,True,False
train,Art. 6 ZPO,2,True,law,statute_article,statute_article,False,True,False,True,False,True,True,True
train,Art. 6 Abs. 2 ZPO,2,True,law,statute_article,statute_article,True,False,False,True,True,True,True,False
train,Art. 30 Abs. 2 USG,1,True,law,statute_article,statute_article,True,False,False,True,True,True,True,False
train,Art. 11 VVEA,1,True,law,statute_article,statute_article,False,False,False,False,False,False,False,False
train,Art. 134 StGB,4,True,law,statute_article,statute_article,True,True,False,True,True,True,True,False
train,Art. 16a Abs. 2 JStG,1,True,law,statute_article,statute_article,True,True,False,False,True,True,True,False
train,Art. 16a JStG,2,True,law,statute_article,statute_article,False,True,False,False,False,True,True,True
train,Art. 29 Abs. 2 JStG,1,True,law,statute_article,statute_article,True,True,False,False,True,True,True,False
train,Art. 964 ZGB,2,True,law,statute_article,statute_article,False,False,False,True,False,True,True,True
train,Art. 970 Abs. 3 ZGB,3,True,law,statute_article,statute_article,True,False,False,True,True,True,True,False
train,Art. 26 Abs. 1 GBV,3,True,law,statute_article,statute_article,True,False,False,True,True,True,True,False
train,Art. 970 Abs. 4 ZGB,3,True,law,statute_article,statute_article,True,False,False,True,True,True,True,False
train,Art. 400 Abs. 1 OR,2,True,law,statute_article,statute_article,True,False,False,True,True,True,True,False
train,Art. 712h Abs. 1 ZGB,2,True,law,statute_article,statute_article,True,False,False,True,True,True,True,False
train,Art. 712i Abs. 1 ZGB,1,True,law,statute_article,statute_article,True,False,False,True,True,True,True,False
train,Art. 712t Abs. 2 ZGB,1,True,law,statute_article,statute_article,True,False,False,True,True,True,True,False
train,Art. 712i Abs. 3 ZGB,1,True,law,statute_article,statute_article,True,False,False,True,True,True,True,False
train,Art. 799 Abs. 1 ZGB,3,True,law,statute_article,statute_article,True,False,False,False,True,False,True,False
train,Art. 839 Abs. 3 ZGB,3,True,law,statute_article,statute_article,True,False,False,True,True,True,True,False
train,Art. 961 Abs. 1 ZGB,2,True,law,statute_article,statute_article,True,False,False,False,True,False,True,False
train,Art. 961 Abs. 2 ZGB,1,True,law,statute_article,statute_article,True,False,False,True,True,True,True,False
train,Art. 76 Abs. 2 GBV,2,True,law,statute_article,statute_article,True,False,False,True,True,True,True,False
train,Art. 961 Abs. 3 ZGB,1,True,law,statute_article,statute_article,True,False,False,True,True,True,True,False
train,Art. 712i ZGB,1,True,law,statute_article,statute_article,False,True,False,True,False,True,True,True
train,Art. 712k ZGB,1,True,law,statute_article,statute_article,True,False,False,True,True,True,True,False
train,Art. 143 Abs. 1 StGB,2,True,law,statute_article,statute_article,True,False,False,True,True,True,True,False
train,Art. 147 StGB,1,True,law,statute_article,statute_article,False,False,False,True,False,True,True,True
train,Art. 844 Abs. 1 ZGB,1,True,law,statute_article,statute_article,True,False,False,True,True,True,True,False
train,Art. 312 OR,3,True,law,statute_article,statute_article,True,False,False,True,True,True,True,False
train,Art. 847 Abs. 1 ZGB,1,True,law,statute_article,statute_article,True,False,False,True,True,True,True,False
train,Art. 816 Abs. 1 ZGB,2,True,law,statute_article,statute_article,True,False,False,True,True,True,True,False
train,Art. 15 Abs. 1 DSG,3,True,law,statute_article,statute_article,True,False,False,True,True,True,True,False
train,Art. 12 DSG,4,True,law,statute_article,statute_article,False,False,False,True,False,True,True,True
train,Art. 14 BV,2,True,law,statute_article,statute_article,True,True,False,True,True,True,True,False
train,Art. 9 Abs. 1 DBG,3,True,law,statute_article,statute_article,True,True,False,True,True,True,True,False
train,Art. 296 Abs. 2 ZGB,2,True,law,statute_article,statute_article,True,False,False,True,True,True,True,False
train,Art. 9 Abs. 2 DBG,2,True,law,statute_article,statute_article,True,True,False,True,True,True,True,False
train,Art. 62 Abs. 2 VwVG,1,True,law,statute_article,statute_article,True,False,False,True,True,True,True,False
train,Art. 46 Abs. 2 OR,1,True,law,statute_article,statute_article,True,False,False,True,True,True,True,False
train,Art. 14 Abs. 1 StromVG,1,True,law,statute_article,statute_article,True,False,False,True,True,True,True,False
train,Art. 24a RPG,2,True,law,statute_article,statute_article,False,False,False,True,False,True,True,True
train,Art. 7 Abs. 1 KGTG,2,True,law,statute_article,statute_article,True,False,False,False,True,False,True,False
train,Art. 24 Abs. 1 KGTG,5,True,law,statute_article,statute_article,True,False,False,False,True,False,True,False
train,Art. 55 OR,2,True,law,statute_article,statute_article,False,False,False,True,False,True,True,True
train,Art. 4 PrHG,1,True,law,statute_article,statute_article,False,False,False,True,False,True,True,True
train,Art. 960a Abs. 1 OR,4,True,law,statute_article,statute_article,True,False,False,True,True,True,True,False
train,Art. 960a Abs. 2 OR,2,True,law,statute_article,statute_article,True,False,False,True,True,True,True,False
train,Art. 960b Abs. 1 OR,3,True,law,statute_article,statute_article,True,False,False,True,True,True,True,False
train,Art. 6 VStrR,1,True,law,statute_article,statute_article,False,True,False,True,False,True,True,True
train,Art. 21 Abs. 2 RPG,3,True,law,statute_article,statute_article,True,False,False,True,True,True,True,False
train,Art. 34 Abs. 1 ZPO,4,True,law,statute_article,statute_article,True,False,False,True,True,True,True,False
train,Art. 202 ZPO,1,True,law,statute_article,statute_article,False,False,False,True,False,True,True,True
train,Art. 13 IPRG,1,True,law,statute_article,statute_article,True,True,False,True,True,True,True,False
train,Art. 3 Abs. 1 JStG,4,True,law,statute_article,statute_article,True,True,False,True,True,True,True,False
train,Art. 4 JStG,1,True,law,statute_article,statute_article,True,False,False,False,True,False,True,False
train,Art. 79a Abs. 3 StGB,3,True,law,statute_article,statute_article,True,False,False,False,True,False,True,False
train,Art. 10 Abs. 3 StGB,4,True,law,statute_article,statute_article,True,False,False,True,True,True,True,False
train,Art. 24 JStG,4,True,law,statute_article,statute_article,False,False,False,True,False,True,True,True
train,Art. 25 JStG,4,True,law,statute_article,statute_article,False,True,False,True,False,True,True,True
train,Art. 25 Abs. 2 JStG,3,True,law,statute_article,statute_article,True,True,False,True,True,True,True,False
train,Art. 340c Abs. 2 OR,2,True,law,statute_article,statute_article,True,False,False,True,True,True,True,False
train,Art. 340a OR,1,True,law,statute_article,statute_article,False,True,False,True,False,True,True,True
train,Art. 4 UWG,2,True,law,statute_article,statute_article,True,True,False,True,True,True,True,False
train,Art. 6 UWG,2,True,law,statute_article,statute_article,True,True,False,True,True,True,True,False
train,Art. 5 UWG,6,True,law,statute_article,statute_article,True,True,False,True,True,True,True,False
train,Art. 1 Abs. 2 IPRG,5,True,law,statute_article,statute_article,True,False,False,True,True,True,True,False
train,Art. 1 Abs. 2 LugÜ,6,True,law,statute_article,statute_article,False,False,False,False,False,False,False,False
train,Art. 779i Abs. 1 ZGB,1,True,law,statute_article,statute_article,True,False,False,True,True,True,True,False
train,Art. 794 Abs. 2 ZGB,1,True,law,statute_article,statute_article,True,False,False,True,True,True,True,False
train,Art. 779k Abs. 1 ZGB,1,True,law,statute_article,statute_article,True,False,False,True,True,True,True,False
train,Art. 779k Abs. 2 ZGB,1,True,law,statute_article,statute_article,True,False,False,False,True,False,True,False
train,Art. 816 Abs. 2 ZGB,1,True,law,statute_article,statute_article,True,False,False,True,True,True,True,False
train,Art. 175 DBG,2,True,law,statute_article,statute_article,False,True,False,True,False,True,True,True
train,Art. 110 Abs. 4 StGB,4,True,law,statute_article,statute_article,True,False,False,True,True,True,True,False
train,Art. 125 Abs. 2 DBG,2,True,law,statute_article,statute_article,True,True,False,True,True,True,True,False
train,Art. 186 Abs. 2 DBG,2,True,law,statute_article,statute_article,True,False,False,True,True,True,True,False
train,Art. 7 Abs. 1 UVG,2,True,law,statute_article,statute_article,True,False,False,True,True,True,True,False
train,Art. 7 Abs. 2 UVG,2,True,law,statute_article,statute_article,True,True,False,True,True,True,True,False
train,Art. 13 Abs. 1 UVV,4,True,law,statute_article,statute_article,True,False,False,True,True,True,True,False
train,Art. 13 Abs. 2 UVV,1,True,law,statute_article,statute_article,True,False,False,True,True,True,True,False
train,Art. 16 UVG,3,True,law,statute_article,statute_article,False,False,False,True,False,True,True,True
train,Art. 19 StGB,1,True,law,statute_article,statute_article,False,False,False,True,False,True,True,True
train,Art. 56 Abs. 2 StGB,3,True,law,statute_article,statute_article,True,False,False,True,True,True,True,False
train,Art. 56 Abs. 1 StGB,1,True,law,statute_article,statute_article,True,False,False,True,True,True,True,False
train,Art. 59 Abs. 4 StGB,1,True,law,statute_article,statute_article,True,False,False,True,True,True,True,False
train,Art. 61 ATSG,3,True,law,statute_article,statute_article,True,False,False,True,True,True,True,False
train,Art. 2 Abs. 5 KGTG,2,True,law,statute_article,statute_article,True,False,False,False,True,False,True,False
train,Art. 42a Abs. 2 FINMAG,1,True,law,statute_article,statute_article,True,False,False,False,True,False,True,False
train,Art. 47 VwVG,1,True,law,statute_article,statute_article,False,False,False,True,False,True,True,True
train,Art. 776 Abs. 1 ZGB,1,True,law,statute_article,statute_article,True,False,False,False,True,False,True,False
train,Art. 776 Abs. 2 ZGB,1,True,law,statute_article,statute_article,True,False,False,True,True,True,True,False
train,Art. 737 Abs. 3 ZGB,1,True,law,statute_article,statute_article,True,False,False,True,True,True,True,False
train,Art. 679 Abs. 1 ZGB,3,True,law,statute_article,statute_article,True,False,False,True,True,True,True,False
train,Art. 684 Abs. 1 ZGB,3,True,law,statute_article,statute_article,True,False,False,True,True,True,True,False
train,Art. 679a ZGB,3,True,law,statute_article,statute_article,True,False,False,True,True,True,True,False
train,Art. 42 Abs. 2 FINMAG,2,True,law,statute_article,statute_article,True,True,False,True,True,True,True,False
train,Art. 10 Abs. 1 VStG,1,True,law,statute_article,statute_article,True,False,False,True,True,True,True,False
train,Art. 23 VStG,1,True,law,statute_article,statute_article,False,False,False,True,False,True,True,True
train,Art. 18b DBG,1,True,law,statute_article,statute_article,False,True,False,True,False,True,True,True
train,Art. 118 OR,4,True,law,statute_article,statute_article,False,False,False,True,False,True,True,True
train,Art. 121 OR,4,True,law,statute_article,statute_article,True,False,False,True,True,True,True,False
train,Art. 127 OR,4,True,law,statute_article,statute_article,True,False,False,True,True,True,True,False
train,Art. 131 Abs. 2 OR,4,True,law,statute_article,statute_article,True,False,False,True,True,True,True,False
train,Art. 16a Abs. 1 RPG,2,True,law,statute_article,statute_article,True,False,False,True,True,True,True,False
train,Art. 34 Abs. 2 RPV,2,True,law,statute_article,statute_article,False,False,False,True,False,True,True,True
train,Art. 16a RPG,2,True,law,statute_article,statute_article,False,False,False,True,False,True,True,True
train,Art. 24b RPG,2,True,law,statute_article,statute_article,False,True,False,True,False,True,True,True
train,Art. 40 Abs. 3 RPV,2,True,law,statute_article,statute_article,True,False,False,True,True,True,True,False
train,Art. 40 Abs. 4 RPV,2,True,law,statute_article,statute_article,True,False,False,True,True,True,True,False
train,Art. 40 Abs. 1 RPV,2,True,law,statute_article,statute_article,True,False,False,True,True,True,True,False
train,Art. 24b Abs. 1 RPG,2,True,law,statute_article,statute_article,True,True,False,True,True,True,True,False
train,Art. 24b Abs. 2 RPG,2,True,law,statute_article,statute_article,True,False,False,True,True,True,True,False
train,Art. 22 RPG,1,True,law,statute_article,statute_article,False,False,False,True,False,True,True,True
train,Art. 37a RPG,1,True,law,statute_article,statute_article,True,False,False,True,True,True,True,False
train,Art. 43 RPV,1,True,law,statute_article,statute_article,False,False,False,True,False,True,True,True
train,Art. 43 Abs. 1 RPV,1,True,law,statute_article,statute_article,False,False,False,True,False,True,True,True
train,Art. 356b OR,1,True,law,statute_article,statute_article,False,False,False,True,False,True,True,True
train,Art. 32 Abs. 3 JStPO,3,True,law,statute_article,statute_article,True,False,False,False,True,False,True,False
train,Art. 32 Abs. 4 JStPO,1,True,law,statute_article,statute_article,True,False,False,False,True,False,True,False
train,Art. 32 Abs. 5 JStPO,2,True,law,statute_article,statute_article,True,False,False,False,True,False,True,False
train,Art. 118 Abs. 1 StPO,1,True,law,statute_article,statute_article,True,False,False,True,True,True,True,False
train,Art. 138 Abs. 1 StGB,1,True,law,statute_article,statute_article,True,False,False,True,True,True,True,False
train,Art. 158 Abs. 1 StGB,1,True,law,statute_article,statute_article,True,False,False,True,True,True,True,False
train,Art. 69 ZGB,2,True,law,statute_article,statute_article,False,False,False,True,False,True,True,True
train,Art. 6 ATSG,1,True,law,statute_article,statute_article,True,True,False,True,True,True,True,False
train,Art. 217 ZPO,1,True,law,statute_article,statute_article,True,False,False,False,True,False,True,False
train,Art. 336 Abs. 1 OR,3,True,law,statute_article,statute_article,True,False,False,True,True,True,True,False
train,Art. 336a OR,4,True,law,statute_article,statute_article,False,True,False,True,False,True,True,True
train,Art. 336b OR,2,True,law,statute_article,statute_article,False,True,False,True,False,True,True,True
train,Art. 5 DBG,2,True,law,statute_article,statute_article,False,True,False,True,False,True,True,True
train,Art. 9 UVG,3,True,law,statute_article,statute_article,False,False,False,True,False,True,True,True
train,Art. 9 Abs. 1 UVG,1,True,law,statute_article,statute_article,True,True,False,True,True,True,True,False
train,Art. 14 UVV,1,True,law,statute_article,statute_article,True,True,False,True,True,True,True,False
train,Art. 9 Abs. 2 UVG,1,True,law,statute_article,statute_article,True,False,False,True,True,True,True,False
train,Art. 87 Abs. 2 IPRG,3,True,law,statute_article,statute_article,True,True,False,True,True,True,True,False
train,Art. 76a AIG,1,True,law,statute_article,statute_article,False,True,False,True,False,True,True,True
train,Art. 79 AIG,1,True,law,statute_article,statute_article,False,True,False,True,False,True,True,True
train,Art. 81 Abs. 2 AIG,1,True,law,statute_article,statute_article,True,False,False,True,True,True,True,False
train,Art. 86 Abs. 2 IPRG,2,True,law,statute_article,statute_article,True,True,False,True,True,True,True,False
train,Art. 123 StGB,12,True,law,statute_article,statute_article,False,False,False,True,False,True,True,True
train,Art. 28 JStG,1,True,law,statute_article,statute_article,False,True,False,False,False,True,True,True
train,Art. 9 Abs. 1 RPG,2,True,law,statute_article,statute_article,True,False,False,True,True,True,True,False
train,Art. 10 Abs. 1 JStPO,1,True,law,statute_article,statute_article,True,False,False,False,True,False,True,False
train,Art. 10 Abs. 3 JStPO,1,True,law,statute_article,statute_article,True,False,False,False,True,False,True,False
train,Art. 23 ZGB,1,True,law,statute_article,statute_article,False,False,False,True,False,True,True,True
train,Art. 218 Abs. 1 ZPO,1,True,law,statute_article,statute_article,True,False,False,False,True,False,True,False
train,Art. 218 Abs. 2 ZPO,1,True,law,statute_article,statute_article,True,False,False,True,True,True,True,False
train,Art. 105 BGG,1,True,law,statute_article,statute_article,False,False,False,True,False,True,True,True
train,Art. 103 BGG,1,True,law,statute_article,statute_article,False,False,False,True,False,True,True,True
train,Art. 76 BGG,2,True,law,statute_article,statute_article,False,False,False,True,False,True,True,True
train,Art. 100 BGG,1,True,law,statute_article,statute_article,False,False,False,True,False,True,True,True
train,Art. 714 Abs. 2 ZGB,1,True,law,statute_article,statute_article,True,False,False,True,True,True,True,False
train,Art. 728 Abs. 1 ZGB,1,True,law,statute_article,statute_article,True,False,False,False,True,False,True,False
train,Art. 9 Abs. 1 KGTG,1,True,law,statute_article,statute_article,True,False,False,False,True,False,True,False
train,Art. 31 Abs. 1 OR,2,True,law,statute_article,statute_article,True,False,False,True,True,True,True,False
train,Art. 213 Abs. 3 ZPO,1,True,law,statute_article,statute_article,True,False,False,False,True,False,True,False
train,Art. 214 Abs. 3 ZPO,1,True,law,statute_article,statute_article,True,False,False,False,True,False,True,False
train,Art. 813 Abs. 1 ZGB,1,True,law,statute_article,statute_article,True,False,False,True,True,True,True,False
train,Art. 814 Abs. 3 ZGB,2,True,law,statute_article,statute_article,True,True,False,True,True,True,True,False
train,Art. 959 Abs. 1 ZGB,4,True,law,statute_article,statute_article,True,False,False,True,True,True,True,False
train,Art. 965 ZGB,8,True,law,statute_article,statute_article,False,False,False,True,False,True,True,True
train,Art. 46 GBV,3,True,law,statute_article,statute_article,False,True,False,True,False,True,True,True
train,Art. 965 Abs. 3 ZGB,9,True,law,statute_article,statute_article,True,False,False,True,True,True,True,False
train,Art. 799 Abs. 2 ZGB,1,True,law,statute_article,statute_article,True,False,False,True,True,True,True,False
train,Art. 78 Abs. 1 GBV,2,True,law,statute_article,statute_article,True,False,False,False,True,False,True,False
train,Art. 965 Abs. 2 ZGB,8,True,law,statute_article,statute_article,True,False,False,True,True,True,True,False
train,Art. 84 Abs. 1 GBV,4,True,law,statute_article,statute_article,True,False,False,False,True,False,True,False
train,Art. 9 Abs. 1 GBV,8,True,law,statute_article,statute_article,True,False,False,False,True,False,True,False
train,Art. 123 Abs. 2 GBV,2,True,law,statute_article,statute_article,True,False,False,False,True,False,True,False
train,Art. 123 Abs. 3 GBV,1,True,law,statute_article,statute_article,True,False,False,False,True,False,True,False
train,Art. 946 Abs. 1 ZGB,7,True,law,statute_article,statute_article,True,False,False,False,True,False,True,False
train,Art. 101 Abs. 3 GBV,1,True,law,statute_article,statute_article,True,False,False,False,True,False,True,False
train,Art. 130 GBV,1,True,law,statute_article,statute_article,False,True,False,True,False,True,True,True
train,Art. 176 IPRG,1,True,law,statute_article,statute_article,False,False,False,True,False,True,True,True
train,Art. 18 OR,1,True,law,statute_article,statute_article,False,False,False,True,False,True,True,True
train,Art. 177 IPRG,1,True,law,statute_article,statute_article,False,False,False,True,False,True,True,True
train,Art. 181 IPRG,1,True,law,statute_article,statute_article,True,False,False,True,True,True,True,False
train,Art. 47 Abs. 1 StGB,1,True,law,statute_article,statute_article,True,False,False,True,True,True,True,False
train,Art. 78 Abs. 3 GBV,1,True,law,statute_article,statute_article,True,False,False,False,True,False,True,False
train,Art. 77 Abs. 1 GBV,1,True,law,statute_article,statute_article,True,False,False,True,True,True,True,False
train,Art. 46 Abs. 1 GBV,4,True,law,statute_article,statute_article,True,False,False,False,True,False,True,False
train,Art. 123 GBV,1,True,law,statute_article,statute_article,False,False,False,False,False,False,False,False
train,Art. 261b Abs. 1 OR,1,True,law,statute_article,statute_article,True,False,False,False,True,False,True,False
train,Art. 959 Abs. 2 ZGB,2,True,law,statute_article,statute_article,True,False,False,True,True,True,True,False
train,Art. 961a ZGB,1,True,law,statute_article,statute_article,True,False,False,True,True,True,True,False
train,Art. 261b Abs. 2 OR,1,True,law,statute_article,statute_article,True,False,False,False,True,False,True,False
train,Art. 42 OR,1,True,law,statute_article,statute_article,False,False,False,True,False,True,True,True
train,Art. 62 Abs. 1 DBG,1,True,law,statute_article,statute_article,True,False,False,True,True,True,True,False
train,Art. 960e Abs. 2 OR,1,True,law,statute_article,statute_article,True,False,False,True,True,True,True,False
train,Art. 960e Abs. 4 OR,1,True,law,statute_article,statute_article,True,True,False,True,True,True,True,False
train,Art. 63 Abs. 2 DBG,2,True,law,statute_article,statute_article,True,False,False,True,True,True,True,False
train,Art. 959a Abs. 5 OR,1,True,law,statute_article,statute_article,False,False,False,False,False,False,False,False
train,Art. 842 Abs. 1 ZGB,2,True,law,statute_article,statute_article,True,False,False,True,True,True,True,False
train,Art. 843 ZGB,3,True,law,statute_article,statute_article,True,False,False,True,True,True,True,False
train,Art. 860 Abs. 2 ZGB,3,True,law,statute_article,statute_article,True,False,False,False,True,False,True,False
train,Art. 860 Abs. 1 ZGB,3,True,law,statute_article,statute_article,True,False,False,True,True,True,True,False
train,Art. 118 Abs. 1 OR,1,True,law,statute_article,statute_article,True,False,False,True,True,True,True,False
train,Art. 118 Abs. 3 OR,1,True,law,statute_article,statute_article,True,False,False,False,True,False,True,False
train,Art. 842 Abs. 2 ZGB,4,True,law,statute_article,statute_article,True,False,False,True,True,True,True,False
train,Art. 11 Abs. 1 OR,2,True,law,statute_article,statute_article,True,False,False,True,True,True,True,False
train,Art. 864 Abs. 1 ZG,1,True,law,statute_article,statute_article,False,False,False,False,False,False,False,False
train,Art. 967 Abs. 1 OR,2,True,law,statute_article,statute_article,True,False,False,True,True,True,True,False
train,Art. 864 Abs. 2 ZGB,3,True,law,statute_article,statute_article,True,False,False,True,True,True,True,False
train,Art. 258 ZPO,1,True,law,statute_article,statute_article,False,False,False,True,False,True,True,True
train,Art. 260 ZPO,1,True,law,statute_article,statute_article,False,False,False,True,False,True,True,True
train,Art. 29 Abs. 4 ZPO,1,True,law,statute_article,statute_article,True,False,False,False,True,False,True,False
train,Art. 256 Abs. 2 ZPO,1,True,law,statute_article,statute_article,True,False,False,True,True,True,True,False
train,Art. 51 Abs. 1 AsylG,1,True,law,statute_article,statute_article,True,True,False,True,True,True,True,False
train,Art. 51 Abs. 4 AsylG,1,True,law,statute_article,statute_article,True,True,False,True,True,True,True,False
train,Art. 60 Abs. 1 AsylG,2,True,law,statute_article,statute_article,True,False,False,True,True,True,True,False
train,Art. 10 Abs. 1 DBG,2,True,law,statute_article,statute_article,True,False,False,True,True,True,True,False
train,Art. 18 Abs. 2 DBG,5,True,law,statute_article,statute_article,True,True,False,True,True,True,True,False
train,Art. 25 Abs. 1 FINMAG,1,True,law,statute_article,statute_article,True,False,False,False,True,False,True,False
train,Art. 17 DBG,1,True,law,statute_article,statute_article,False,False,False,True,False,True,True,True
train,Art. 38 Abs. 2 BV,3,True,law,statute_article,statute_article,True,False,False,True,True,True,True,False
train,Art. 16 Abs. 3 BV,1,True,law,statute_article,statute_article,True,False,False,True,True,True,True,False
train,Art. 17 BV,2,True,law,statute_article,statute_article,False,True,False,True,False,True,True,True
train,Art. 36 Abs. 2 BV,3,True,law,statute_article,statute_article,True,False,False,True,True,True,True,False
train,Art. 152 Abs. 1 ZPO,2,True,law,statute_article,statute_article,True,False,False,True,True,True,True,False
train,Art. 150 Abs. 1 ZPO,2,True,law,statute_article,statute_article,True,False,False,True,True,True,True,False
train,Art. 168 Abs. 1 ZPO,5,True,law,statute_article,statute_article,False,False,False,True,False,True,True,True
train,Art. 219 ZPO,2,True,law,statute_article,statute_article,True,False,False,True,True,True,True,False
train,Art. 319 ZPO,5,True,law,statute_article,statute_article,True,True,False,True,True,True,True,False
train,Art. 358 Abs. 2 ZPO,1,True,law,statute_article,statute_article,True,False,False,False,True,False,True,False
train,Art. 178 Abs. 4 IPRG,1,True,law,statute_article,statute_article,True,False,False,False,True,False,True,False
train,Art. 32 Abs. 1 FINMAG,2,True,law,statute_article,statute_article,True,False,False,False,True,False,True,False
train,Art. 32 Abs. 2 FINMAG,1,True,law,statute_article,statute_article,True,False,False,False,True,False,True,False
train,Art. 36 FINMAG,2,True,law,statute_article,statute_article,False,True,False,True,False,True,True,True
train,Art. 37 FINMAG,2,True,law,statute_article,statute_article,False,True,False,True,False,True,True,True
train,Art. 201 Abs. 1 OR,1,True,law,statute_article,statute_article,True,False,False,True,True,True,True,False
train,Art. 31 Abs. 2 OR,2,True,law,statute_article,statute_article,True,False,False,True,True,True,True,False
train,Art. 210 Abs. 1 OR,1,True,law,statute_article,statute_article,True,False,False,True,True,True,True,False
train,Art. 620 Abs. 3 OR,1,True,law,statute_article,statute_article,True,False,False,True,True,True,True,False
train,Art. 44 Abs. 1 OR,2,True,law,statute_article,statute_article,True,False,False,True,True,True,True,False
train,Art. 216 OR,2,True,law,statute_article,statute_article,False,False,False,True,False,True,True,True
train,Art. 718 Abs. 1 OR,2,True,law,statute_article,statute_article,True,False,False,True,True,True,True,False
train,Art. 718a OR,1,True,law,statute_article,statute_article,False,False,False,True,False,True,True,True
train,Art. 2 BetmG,2,True,law,statute_article,statute_article,True,True,False,True,True,True,True,False
train,Art. 19 Abs. 1 BetmG,3,True,law,statute_article,statute_article,True,False,False,True,True,True,True,False
train,Art. 11 Abs. 1 StGB,1,True,law,statute_article,statute_article,True,False,False,True,True,True,True,False
train,Art. 189 Abs. 1 ZPO,2,True,law,statute_article,statute_article,True,False,False,True,True,True,True,False
train,Art. 848 ZGB,1,True,law,statute_article,statute_article,True,False,False,False,True,False,True,False
train,Art. 862 ZGB,1,True,law,statute_article,statute_article,False,False,False,False,False,False,False,False
train,Art. 862 Abs. 1 ZGB,1,True,law,statute_article,statute_article,True,False,False,True,True,True,True,False
train,Art. 862 Abs. 2 ZGB,1,True,law,statute_article,statute_article,True,False,False,False,True,False,True,False
train,Art. 842 Abs. 3 ZGB,3,True,law,statute_article,statute_article,True,False,False,False,True,False,True,False
train,Art. 849 ZGB,2,True,law,statute_article,statute_article,False,False,False,True,False,True,True,True
train,Art. 849 Abs. 1 ZGB,2,True,law,statute_article,statute_article,True,False,False,True,True,True,True,False
train,Art. 852 ZGB,1,True,law,statute_article,statute_article,False,True,False,False,False,True,True,True
train,Art. 849 Abs. 2 ZGB,2,True,law,statute_article,statute_article,True,False,False,False,True,False,True,False
train,Art. 846 Abs. 2 ZGB,2,True,law,statute_article,statute_article,True,True,False,True,True,True,True,False
train,Art. 3 Abs. 2 ZGB,1,True,law,statute_article,statute_article,True,False,False,True,True,True,True,False
train,Art. 979 OR,1,True,law,statute_article,statute_article,False,False,False,True,False,True,True,True
train,Art. 1007 OR,2,True,law,statute_article,statute_article,True,True,False,True,True,True,True,False
train,Art. 842 ZGB,1,True,law,statute_article,statute_article,False,False,False,True,False,True,True,True
train,Art. 101 Abs. 1 OR,3,True,law,statute_article,statute_article,True,False,False,True,True,True,True,False
train,Art. 399 Abs. 2 OR,2,True,law,statute_article,statute_article,True,False,False,True,True,True,True,False
train,Art. 1 Abs. 2 OR,2,True,law,statute_article,statute_article,True,False,False,True,True,True,True,False
train,Art. 39 Abs. 3 OR,2,True,law,statute_article,statute_article,True,False,False,True,True,True,True,False
train,Art. 101 OR,2,True,law,statute_article,statute_article,False,False,False,True,False,True,True,True
train,Art. 44 OR,3,True,law,statute_article,statute_article,False,False,False,True,False,True,True,True
train,Art. 99 Abs. 2 OR,2,True,law,statute_article,statute_article,True,False,False,True,True,True,True,False
train,Art. 272 Abs. 1 SchKG,1,True,law,statute_article,statute_article,True,False,False,True,True,True,True,False
train,Art. 9 Abs. 1 JStG,2,True,law,statute_article,statute_article,True,False,False,True,True,True,True,False
train,Art. 2 Abs. 2 JStG,1,True,law,statute_article,statute_article,True,False,False,True,True,True,True,False
train,Art. 5 VwVG,6,True,law,statute_article,statute_article,False,True,False,True,False,True,True,True
train,Art. 31 VwVG,1,True,law,statute_article,statute_article,True,True,False,True,True,True,True,False
train,Art. 1 Abs. 1 JStG,2,True,law,statute_article,statute_article,True,False,False,True,True,True,True,False
train,Art. 11 Abs. 1 JStPO,3,True,law,statute_article,statute_article,True,False,False,True,True,True,True,False
train,Art. 11 Abs. 2 JStPO,3,True,law,statute_article,statute_article,True,False,False,True,True,True,True,False
train,Art. 26 BankG,2,True,law,statute_article,statute_article,False,True,False,True,False,True,True,True
train,Art. 19a BetmG,2,True,law,statute_article,statute_article,False,True,False,True,False,True,True,True
train,Art. 3 Abs. 1 OBG,1,True,law,statute_article,statute_article,True,False,False,True,True,True,True,False
train,Art. 234 ZPO,2,True,law,statute_article,statute_article,False,True,False,True,False,True,True,True
train,Art. 69 Abs. 1 ZPO,1,True,law,statute_article,statute_article,True,False,False,True,True,True,True,False
train,Art. 247 Abs. 1 ZPO,2,True,law,statute_article,statute_article,True,False,False,True,True,True,True,False
train,Art. 146 Abs. 1 StGB,3,True,law,statute_article,statute_article,True,True,False,True,True,True,True,False
train,Art. 179 StGB,2,True,law,statute_article,statute_article,False,False,False,True,False,True,True,True
train,Art. 138 StGB,3,True,law,statute_article,statute_article,False,True,False,True,False,True,True,True
train,Art. 399 Abs. 1 StPO,2,True,law,statute_article,statute_article,True,False,False,True,True,True,True,False
train,Art. 49 Abs. 2 StGB,3,True,law,statute_article,statute_article,True,True,False,True,True,True,True,False
train,Art. 48 Abs. 2 BVG,4,True,law,statute_article,statute_article,True,False,False,True,True,True,True,False
train,Art. 51a Abs. 5 BVG,1,True,law,statute_article,statute_article,True,False,False,False,True,False,True,False
train,Art. 305 Abs. 1 StGB,1,True,law,statute_article,statute_article,True,False,False,True,True,True,True,False
train,Art. 305 Abs. 2 StGB,1,True,law,statute_article,statute_article,True,False,False,True,True,True,True,False
train,Art. 189 Abs. 4 BV,1,True,law,statute_article,statute_article,True,False,False,True,True,True,True,False
train,Art. 86 BGG,1,True,law,statute_article,statute_article,False,False,False,True,False,True,True,True
train,Art. 33 VGG,3,True,law,statute_article,statute_article,True,True,False,True,True,True,True,False
train,Art. 11 Abs. 2 USG,1,True,law,statute_article,statute_article,True,False,False,True,True,True,True,False
train,Art. 14 Abs. 1 LSV,1,True,law,statute_article,statute_article,True,False,False,True,True,True,True,False
train,Art. 15 URG,2,True,law,statute_article,statute_article,False,False,False,False,False,False,False,False
train,Art. 23 BVG,1,True,law,statute_article,statute_article,True,False,False,True,True,True,True,False
train,Art. 66 ATSG,1,True,law,statute_article,statute_article,False,False,False,True,False,True,True,True
train,Art. 779b Abs. 1 ZGB,2,True,law,statute_article,statute_article,True,False,False,True,True,True,True,False
train,Art. 779b Abs. 2 ZGB,2,True,law,statute_article,statute_article,True,False,False,True,True,True,True,False
train,Art. 779a Abs. 2 ZGB,1,True,law,statute_article,statute_article,True,True,False,True,True,True,True,False
train,Art. 958 ZGB,6,True,law,statute_article,statute_article,True,False,False,False,True,False,True,False
train,Art. 123 Abs. 4 GBV,1,True,law,statute_article,statute_article,True,False,False,False,True,False,True,False
train,Art. 963 ZGB,5,True,law,statute_article,statute_article,False,False,False,True,False,True,True,True
train,Art. 972 Abs. 1 ZGB,5,True,law,statute_article,statute_article,True,False,False,True,True,True,True,False
train,Art. 61 KVG,1,True,law,statute_article,statute_article,False,False,False,True,False,True,True,True
train,Art. 61 Abs. 2 KVG,1,True,law,statute_article,statute_article,True,False,False,True,True,True,True,False
train,Art. 61 Abs. 3 KVG,2,True,law,statute_article,statute_article,True,False,False,True,True,True,True,False
train,Art. 62 Abs. 1 KVG,1,True,law,statute_article,statute_article,True,False,False,True,True,True,True,False
train,Art. 11 Abs. 2 BankV,3,True,law,statute_article,statute_article,True,False,False,False,True,False,True,False
train,Art. 31 Abs. 3 LSV,1,True,law,statute_article,statute_article,True,True,False,True,True,True,True,False
train,Art. 2 USG,1,True,law,statute_article,statute_article,True,False,False,True,True,True,True,False
train,Art. 7 Abs. 7 USG,1,True,law,statute_article,statute_article,True,True,False,True,True,True,True,False
train,Art. 7 Abs. 2 USG,1,True,law,statute_article,statute_article,True,False,False,True,True,True,True,False
train,Art. 285 StGB,3,True,law,statute_article,statute_article,False,True,False,True,False,True,True,True
train,Art. 10 Abs. 1 BV,10,True,law,statute_article,statute_article,True,False,False,True,True,True,True,False
train,Art. 10 Abs. 2 BV,16,True,law,statute_article,statute_article,True,False,False,True,True,True,True,False
train,Art. 80 SchKG,2,True,law,statute_article,statute_article,False,True,False,True,False,True,True,True
train,Art. 372 Abs. 1 OR,1,True,law,statute_article,statute_article,True,False,False,True,True,True,True,False
train,Art. 82 Abs. 2 SchKG,1,True,law,statute_article,statute_article,True,False,False,True,True,True,True,False
train,Art. 215 Abs. 1 ZGB,3,True,law,statute_article,statute_article,True,False,False,True,True,True,True,False
train,Art. 462 ZGB,4,True,law,statute_article,statute_article,True,False,False,True,True,True,True,False
train,Art. 216 Abs. 1 ZGB,3,True,law,statute_article,statute_article,True,False,False,True,True,True,True,False
train,Art. 216 Abs. 2 ZGB,6,True,law,statute_article,statute_article,True,False,False,True,True,True,True,False
train,Art. 241 Abs. 3 ZGB,7,True,law,statute_article,statute_article,True,False,False,False,True,False,True,False
train,Art. 473 ZGB,4,True,law,statute_article,statute_article,False,False,False,True,False,True,True,True
train,Art. 32 OR,2,True,law,statute_article,statute_article,False,False,False,True,False,True,True,True
train,Art. 33 OR,1,True,law,statute_article,statute_article,False,False,False,True,False,True,True,True
train,Art. 34 Abs. 3 OR,1,True,law,statute_article,statute_article,True,True,False,True,True,True,True,False
train,Art. 348b OR,1,True,law,statute_article,statute_article,False,False,False,False,False,False,False,False
train,Art. 462 OR,2,True,law,statute_article,statute_article,False,False,False,True,False,True,True,True
train,Art. 111 OR,1,True,law,statute_article,statute_article,True,False,False,True,True,True,True,False
train,Art. 2 ZGB,2,True,law,statute_article,statute_article,False,False,False,True,False,True,True,True
train,Art. 66a StGB,7,True,law,statute_article,statute_article,False,True,False,True,False,True,True,True
train,Art. 125 ZGB,5,True,law,statute_article,statute_article,False,False,False,True,False,True,True,True
train,Art. 527 ZGB,8,True,law,statute_article,statute_article,True,False,False,True,True,True,True,False
train,Art. 154 IPRG,6,True,law,statute_article,statute_article,False,False,False,True,False,True,True,True
train,Art. 335 ZGB,15,True,law,statute_article,statute_article,False,False,False,True,False,True,True,True
train,Art. 966 Abs. 1 ZGB,5,True,law,statute_article,statute_article,True,False,False,True,True,True,True,False
train,Art. 83 GBV,4,True,law,statute_article,statute_article,False,False,False,False,False,False,False,False
train,Art. 62 Abs. 1 GBV,1,True,law,statute_article,statute_article,True,False,False,False,True,False,True,False
train,Art. 46 Abs. 2 GBV,1,True,law,statute_article,statute_article,True,False,False,False,True,False,True,False
train,Art. 47 Abs. 1 GBV,3,True,law,statute_article,statute_article,True,False,False,True,True,True,True,False
train,Art. 47 Abs. 2 GBV,3,True,law,statute_article,statute_article,True,False,False,False,True,False,True,False
train,Art. 48 Abs. 1 GBV,4,True,law,statute_article,statute_article,True,False,False,False,True,False,True,False
train,Art. 51 GBV,1,True,law,statute_article,statute_article,False,False,False,False,False,False,False,False
train,Art. 84 GBV,1,True,law,statute_article,statute_article,False,True,False,False,False,True,True,True
train,Art. 84 Abs. 2 GBV,3,True,law,statute_article,statute_article,True,False,False,False,True,False,True,False
train,Art. 83 Abs. 2 GBV,4,True,law,statute_article,statute_article,True,False,False,False,True,False,True,False
train,Art. 47 Abs. 3 GBV,1,True,law,statute_article,statute_article,True,False,False,False,True,False,True,False
train,Art. 560 Abs. 1 ZGB,3,True,law,statute_article,statute_article,True,False,False,True,True,True,True,False
train,Art. 656 Abs. 2 ZGB,6,True,law,statute_article,statute_article,True,True,False,True,True,True,True,False
train,Art. 132 Abs. 1 GBV,2,True,law,statute_article,statute_article,True,False,False,False,True,False,True,False
train,Art. 133 Abs. 1 GBV,1,True,law,statute_article,statute_article,True,False,False,False,True,False,True,False
train,Art. 65 Abs. 1 GBV,3,True,law,statute_article,statute_article,True,False,False,True,True,True,True,False
train,Art. 559 Abs. 1 ZGB,2,True,law,statute_article,statute_article,True,False,False,True,True,True,True,False
train,Art. 963 Abs. 2 ZGB,5,True,law,statute_article,statute_article,True,False,False,True,True,True,True,False
train,Art. 51 Abs. 1 GBV,2,True,law,statute_article,statute_article,True,False,False,False,True,False,True,False
train,Art. 90 Abs. 1 GBV,2,True,law,statute_article,statute_article,True,True,False,False,True,True,True,False
train,Art. 11 GBV,1,True,law,statute_article,statute_article,True,False,False,False,True,False,True,False
train,Art. 634 ZGB,2,True,law,statute_article,statute_article,False,False,False,True,False,True,True,True
train,Art. 64 Abs. 1 GBV,7,True,law,statute_article,statute_article,True,False,False,False,True,False,True,False
train,Art. 86 Abs. 1 GBV,2,True,law,statute_article,statute_article,True,False,False,False,True,False,True,False
train,Art. 730 ZGB,1,True,law,statute_article,statute_article,False,False,False,True,False,True,True,True
train,Art. 64 GBV,1,True,law,statute_article,statute_article,False,True,False,False,False,True,True,True
train,Art. 7 VAV,1,True,law,statute_article,statute_article,False,True,False,False,False,True,True,True
train,Art. 70 Abs. 3 GBV,2,True,law,statute_article,statute_article,True,False,False,True,True,True,True,False
train,Art. 31 Abs. 1 JStPO,1,True,law,statute_article,statute_article,True,False,False,False,True,False,True,False
train,Art. 31 Abs. 2 JStPO,1,True,law,statute_article,statute_article,True,False,False,False,True,False,True,False
train,Art. 321 StGB,2,True,law,statute_article,statute_article,False,True,False,True,False,True,True,True
train,Art. 8 Abs. 2 BV,6,True,law,statute_article,statute_article,True,False,False,True,True,True,True,False
train,Art. 28a ZGB,2,True,law,statute_article,statute_article,False,False,False,True,False,True,True,True
train,Art. 52 Abs. 1 FINIG,1,True,law,statute_article,statute_article,True,True,False,False,True,True,True,False
train,Art. 52 FINIG,1,True,law,statute_article,statute_article,False,False,False,False,False,False,False,False
train,Art. 4a VStG,2,True,law,statute_article,statute_article,False,False,False,True,False,True,True,True
train,Art. 4 VStG,2,True,law,statute_article,statute_article,False,True,False,True,False,True,True,True
train,Art. 4a Abs. 1 VStG,6,True,law,statute_article,statute_article,True,False,False,True,True,True,True,False
train,Art. 659 OR,5,True,law,statute_article,statute_article,False,True,False,True,False,True,True,True
train,Art. 4a Abs. 2 VStG,5,True,law,statute_article,statute_article,True,True,False,True,True,True,True,False
train,Art. 659 Abs. 2 OR,8,True,law,statute_article,statute_article,True,False,False,True,True,True,True,False
train,Art. 49 Abs. 1 GBV,2,True,law,statute_article,statute_article,True,False,False,False,True,False,True,False
train,Art. 643 Abs. 1 OR,2,True,law,statute_article,statute_article,True,False,False,True,True,True,True,False
train,Art. 718 OR,1,True,law,statute_article,statute_article,False,False,False,True,False,True,True,True
train,Art. 49 GBV,2,True,law,statute_article,statute_article,False,False,False,False,False,False,False,False
train,Art. 458 Abs. 1 OR,1,True,law,statute_article,statute_article,True,False,False,True,True,True,True,False
train,Art. 458 Abs. 2 OR,1,True,law,statute_article,statute_article,True,False,False,False,True,False,True,False
train,Art. 459 Abs. 2 OR,1,True,law,statute_article,statute_article,True,False,False,False,True,False,True,False
train,Art. 462 Abs. 2 OR,1,True,law,statute_article,statute_article,True,False,False,True,True,True,True,False
train,Art. 763 OR,3,True,law,statute_article,statute_article,False,False,False,True,False,True,True,True
train,Art. 762 OR,3,True,law,statute_article,statute_article,False,False,False,True,False,True,True,True
train,Art. 512 Abs. 2 ZGB,4,True,law,statute_article,statute_article,True,False,False,True,True,True,True,False
train,Art. 501 Abs. 1 ZGB,1,True,law,statute_article,statute_article,True,False,False,True,True,True,True,False
train,Art. 501 Abs. 2 ZGB,1,True,law,statute_article,statute_article,True,False,False,True,True,True,True,False
train,Art. 37 Abs. 2 UVG,2,True,law,statute_article,statute_article,True,True,False,True,True,True,True,False
train,Art. 930 Abs. 1 ZGB,1,True,law,statute_article,statute_article,True,False,False,True,True,True,True,False
train,Art. 646 Abs. 2 ZGB,1,True,law,statute_article,statute_article,True,False,False,False,True,False,True,False
train,Art. 651 Abs. 1 ZGB,1,True,law,statute_article,statute_article,True,False,False,True,True,True,True,False
train,Art. 652 ZGB,2,True,law,statute_article,statute_article,True,False,False,True,True,True,True,False
train,Art. 530 Abs. 1 OR,2,True,law,statute_article,statute_article,True,False,False,True,True,True,True,False
train,Art. 545 Abs. 1 OR,1,True,law,statute_article,statute_article,True,False,False,True,True,True,True,False
train,Art. 548 Abs. 2 ZGB,1,True,law,statute_article,statute_article,True,False,False,False,True,False,True,False
train,Art. 549 ZGB,1,True,law,statute_article,statute_article,False,False,False,False,False,False,False,False
train,Art. 42 Abs. 1 OR,1,True,law,statute_article,statute_article,True,False,False,True,True,True,True,False
train,Art. 42 Abs. 2 OR,2,True,law,statute_article,statute_article,True,False,False,True,True,True,True,False
train,Art. 49 StGB,4,True,law,statute_article,statute_article,False,True,False,True,False,True,True,True
train,Art. 53 NBG,1,True,law,statute_article,statute_article,False,False,False,False,False,False,False,False
train,Art. 2 MSchG,3,True,law,statute_article,statute_article,True,True,False,True,True,True,True,False
train,Art. 5 MSchG,2,True,law,statute_article,statute_article,True,False,False,True,True,True,True,False
train,Art. 1 Abs. 1 LugÜ,4,True,law,statute_article,statute_article,False,False,False,False,False,False,False,False
train,Art. 60 LugÜ,1,True,law,statute_article,statute_article,False,False,False,False,False,False,False,False
train,Art. 23 LugÜ,4,True,law,statute_article,statute_article,False,False,False,False,False,False,False,False
train,Art. 23 Abs. 5 LugÜ,1,True,law,statute_article,statute_article,False,False,False,False,False,False,False,False
train,Art. 22 LugÜ,4,True,law,statute_article,statute_article,False,False,False,False,False,False,False,False
train,Art. 2 LugÜ,2,True,law,statute_article,statute_article,False,False,False,False,False,False,False,False
train,Art. 5 LugÜ,4,True,law,statute_article,statute_article,False,False,False,False,False,False,False,False
train,Art. 236 ZPO,1,True,law,statute_article,statute_article,False,False,False,True,False,True,True,True
train,Art. 357 OR,1,True,law,statute_article,statute_article,False,False,False,True,False,True,True,True
train,Art. 12 Abs. 2 BankV,2,True,law,statute_article,statute_article,True,False,False,False,True,False,True,False
train,Art. 60 VVG,2,True,law,statute_article,statute_article,False,False,False,True,False,True,True,True
train,Art. 237 StGB,2,True,law,statute_article,statute_article,False,False,False,True,False,True,True,True
train,Art. 684 ZGB,2,True,law,statute_article,statute_article,False,False,False,True,False,True,True,True
train,Art. 684 Abs. 2 ZGB,3,True,law,statute_article,statute_article,True,False,False,True,True,True,True,False
train,Art. 474 Abs. 1 ZGB,2,True,law,statute_article,statute_article,True,False,False,True,True,True,True,False
train,Art. 475 ZGB,1,True,law,statute_article,statute_article,True,False,False,True,True,True,True,False
train,Art. 90 Abs. 1 IPRG,3,True,law,statute_article,statute_article,True,False,False,True,True,True,True,False
train,Art. 18 IPRG,6,True,law,statute_article,statute_article,True,False,False,True,True,True,True,False
train,Art. 162 Abs. 1 StGB,1,True,law,statute_article,statute_article,True,False,False,True,True,True,True,False
train,Art. 9 UWG,1,True,law,statute_article,statute_article,False,True,False,True,False,True,True,True
train,Art. 9 Abs. 1 UWG,3,True,law,statute_article,statute_article,True,False,False,True,True,True,True,False
train,Art. 10 Abs. 1 UWG,1,True,law,statute_article,statute_article,True,False,False,True,True,True,True,False
train,Art. 23 UWG,3,True,law,statute_article,statute_article,False,True,False,True,False,True,True,True
train,Art. 18a EBG,1,True,law,statute_article,statute_article,False,False,False,True,False,True,True,True
train,Art. 18k EBG,1,True,law,statute_article,statute_article,False,False,False,True,False,True,True,True
train,Art. 177 StGB,2,True,law,statute_article,statute_article,False,False,False,True,False,True,True,True
train,Art. 332 StGB,2,True,law,statute_article,statute_article,False,False,False,True,False,True,True,True
train,Art. 42 StGB,1,True,law,statute_article,statute_article,False,True,False,True,False,True,True,True
train,Art. 42 Abs. 2 StGB,2,True,law,statute_article,statute_article,True,False,False,True,True,True,True,False
train,Art. 72 BV,2,True,law,statute_article,statute_article,False,False,False,True,False,True,True,True
train,Art. 546 Abs. 1 OR,1,True,law,statute_article,statute_article,True,False,False,True,True,True,True,False
train,Art. 1 Abs. 2 ZGB,6,True,law,statute_article,statute_article,True,False,False,True,True,True,True,False
train,Art. 321a Abs. 4 OR,2,True,law,statute_article,statute_article,True,False,False,True,True,True,True,False
train,Art. 458 ZGB,1,True,law,statute_article,statute_article,False,False,False,True,False,True,True,True
train,Art. 458 Abs. 1 ZGB,1,True,law,statute_article,statute_article,True,False,False,True,True,True,True,False
train,Art. 495 ZGB,3,True,law,statute_article,statute_article,False,False,False,True,False,True,True,True
train,Art. 495 Abs. 3 ZGB,1,True,law,statute_article,statute_article,True,False,False,True,True,True,True,False
train,Art. 468 Abs. 1 ZGB,1,True,law,statute_article,statute_article,True,False,False,False,True,False,True,False
train,Art. 306 Abs. 2 ZGB,2,True,law,statute_article,statute_article,True,False,False,True,True,True,True,False
train,Art. 488 Abs. 1 ZGB,1,True,law,statute_article,statute_article,True,False,False,True,True,True,True,False
train,Art. 488 Abs. 2 ZGB,1,True,law,statute_article,statute_article,True,False,False,True,True,True,True,False
train,Art. 489 Abs. 2 ZGB,1,True,law,statute_article,statute_article,True,False,False,False,True,False,True,False
train,Art. 489 Abs. 1 ZGB,1,True,law,statute_article,statute_article,True,False,False,True,True,True,True,False
train,Art. 490 Abs. 2 ZGB,2,True,law,statute_article,statute_article,True,False,False,True,True,True,True,False
train,Art. 531 ZGB,2,True,law,statute_article,statute_article,True,False,False,True,True,True,True,False
train,Art. 492 ZGB,1,True,law,statute_article,statute_article,False,False,False,True,False,True,True,True
train,Art. 492 Abs. 3 ZGB,1,True,law,statute_article,statute_article,True,False,False,False,True,False,True,False
train,Art. 492 Abs. 2 ZGB,1,True,law,statute_article,statute_article,True,False,False,True,True,True,True,False
train,Art. 487 ZGB,1,True,law,statute_article,statute_article,True,False,False,True,True,True,True,False
train,Art. 490 Abs. 1 ZGB,1,True,law,statute_article,statute_article,True,False,False,True,True,True,True,False
train,Art. 482 ZGB,2,True,law,statute_article,statute_article,False,False,False,True,False,True,True,True
train,Art. 27 ZGB,1,True,law,statute_article,statute_article,False,False,False,True,False,True,True,True
train,Art. 482 Abs. 2 ZGB,1,True,law,statute_article,statute_article,True,False,False,False,True,False,True,False
train,Art. 335 Abs. 2 ZGB,4,True,law,statute_article,statute_article,True,False,False,True,True,True,True,False
train,Art. 482 Abs. 1 ZGB,1,True,law,statute_article,statute_article,True,False,False,True,True,True,True,False
train,Art. 322 ZGB,1,True,law,statute_article,statute_article,False,False,False,True,False,True,True,True
train,Art. 322 Abs. 1 ZGB,1,True,law,statute_article,statute_article,True,False,False,False,True,False,True,False
train,Art. 325 ZGB,1,True,law,statute_article,statute_article,False,True,False,True,False,True,True,True
train,Art. 321 Abs. 2 ZGB,1,True,law,statute_article,statute_article,True,False,False,False,True,False,True,False
train,Art. 401 Abs. 2 ZGB,1,True,law,statute_article,statute_article,True,False,False,True,True,True,True,False
train,Art. 401 Abs. 1 ZGB,2,True,law,statute_article,statute_article,True,False,False,True,True,True,True,False
train,Art. 518 Abs. 1 ZGB,1,True,law,statute_article,statute_article,True,False,False,True,True,True,True,False
train,Art. 518 Abs. 2 ZGB,2,True,law,statute_article,statute_article,True,False,False,True,True,True,True,False
train,Art. 81 Abs. 1 ZGB,1,True,law,statute_article,statute_article,True,False,False,True,True,True,True,False
train,Art. 493 Abs. 1 ZGB,1,True,law,statute_article,statute_article,True,False,False,True,True,True,True,False
train,Art. 335 Abs. 1 ZGB,3,True,law,statute_article,statute_article,True,False,False,True,True,True,True,False
train,Art. 149a IPRG,2,True,law,statute_article,statute_article,True,True,False,True,True,True,True,False
train,Art. 488 ZGB,2,True,law,statute_article,statute_article,False,False,False,True,False,True,True,True
train,Art. 493 ZGB,1,True,law,statute_article,statute_article,False,False,False,True,False,True,True,True
train,Art. 21 Abs. 3 UEG,1,True,law,statute_article,statute_article,False,False,False,False,False,False,False,False
train,Art. 48a Abs. 1 StGB,1,True,law,statute_article,statute_article,True,False,False,True,True,True,True,False
train,Art. 48a Abs. 2 StGB,1,True,law,statute_article,statute_article,True,False,False,True,True,True,True,False
train,Art. 48 StGB,2,True,law,statute_article,statute_article,True,False,False,True,True,True,True,False
train,Art. 27 AIG,1,True,law,statute_article,statute_article,False,True,False,True,False,True,True,True
train,Art. 34 Abs. 4 AIG,2,True,law,statute_article,statute_article,True,False,False,True,True,True,True,False
train,Art. 34 Abs. 5 AIG,1,True,law,statute_article,statute_article,True,True,False,False,True,True,True,False
train,Art. 34 Abs. 2 AIG,2,True,law,statute_article,statute_article,True,False,False,True,True,True,True,False
train,Art. 62 Abs. 1 VZAE,1,True,law,statute_article,statute_article,True,False,False,False,True,False,True,False
train,Art. 58a AIG,2,True,law,statute_article,statute_article,False,True,False,True,False,True,True,True
train,Art. 58a Abs. 1 AIG,1,True,law,statute_article,statute_article,True,True,False,True,True,True,True,False
train,Art. 62 Abs. 3 AIG,1,True,law,statute_article,statute_article,False,False,False,True,False,True,True,True
train,Art. 66a Abs. 1 StGB,3,True,law,statute_article,statute_article,True,False,False,True,True,True,True,False
train,Art. 66d StGB,1,True,law,statute_article,statute_article,False,True,False,True,False,True,True,True
train,Art. 13 Abs. 2 MSchG,2,True,law,statute_article,statute_article,True,False,False,True,True,True,True,False
train,Art. 97 OR,5,True,law,statute_article,statute_article,False,False,False,True,False,True,True,True
train,Art. 55 Abs. 2 MSchG,1,True,law,statute_article,statute_article,True,False,False,True,True,True,True,False
train,Art. 423 OR,4,True,law,statute_article,statute_article,False,False,False,True,False,True,True,True
train,Art. 98 Abs. 1 OR,1,True,law,statute_article,statute_article,True,False,False,True,True,True,True,False
train,Art. 82 OR,1,True,law,statute_article,statute_article,True,False,False,True,True,True,True,False
train,Art. 126 OR,1,True,law,statute_article,statute_article,True,False,False,True,True,True,True,False
train,Art. 34 Abs. 3 RPV,1,True,law,statute_article,statute_article,False,False,False,True,False,True,True,True
train,Art. 190 StGB,4,True,law,statute_article,statute_article,False,True,False,True,False,True,True,True
train,Art. 147 Abs. 1 StPO,1,True,law,statute_article,statute_article,True,False,False,True,True,True,True,False
train,Art. 29 Abs. 2 BV,3,True,law,statute_article,statute_article,True,False,False,True,True,True,True,False
train,Art. 146 Abs. 4 StPO,1,True,law,statute_article,statute_article,True,False,False,False,True,False,True,False
train,Art. 153 Abs. 2 StPO,1,True,law,statute_article,statute_article,True,False,False,True,True,True,True,False
train,Art. 120 Abs. 2 ZGB,1,True,law,statute_article,statute_article,True,False,False,True,True,True,True,False
train,Art. 4 ATSG,4,True,law,statute_article,statute_article,True,True,False,True,True,True,True,False
train,Art. 21 Abs. 1 ATSG,3,True,law,statute_article,statute_article,True,True,False,True,True,True,True,False
train,Art. 321c OR,1,True,law,statute_article,statute_article,False,True,False,True,False,True,True,True
train,Art. 12 ArG,1,True,law,statute_article,statute_article,False,False,False,True,False,True,True,True
train,Art. 37m BankG,2,True,law,statute_article,statute_article,False,False,False,False,False,False,False,False
train,Art. 14 ATSG,1,True,law,statute_article,statute_article,True,True,False,True,True,True,True,False
train,Art. 66 Abs. 1 ATSG,2,True,law,statute_article,statute_article,True,False,False,True,True,True,True,False
train,Art. 69 Abs. 1 ATSG,2,True,law,statute_article,statute_article,True,False,False,True,True,True,True,False
train,Art. 682 Abs. 2 ZGB,4,True,law,statute_article,statute_article,True,False,False,True,True,True,True,False
train,Art. 943 Abs. 1 ZGB,3,True,law,statute_article,statute_article,True,False,False,False,True,False,True,False
train,Art. 2 GBV,2,True,law,statute_article,statute_article,True,False,False,False,True,False,True,False
train,Art. 681b Abs. 1 ZGB,4,True,law,statute_article,statute_article,True,True,False,True,True,True,True,False
train,Art. 681 Abs. 1 ZGB,4,True,law,statute_article,statute_article,True,False,False,True,True,True,True,False
train,Art. 216c Abs. 1 OR,4,True,law,statute_article,statute_article,True,False,False,True,True,True,True,False
train,Art. 184 Abs. 1 OR,1,True,law,statute_article,statute_article,True,False,False,True,True,True,True,False
train,Art. 681b Abs. 2 ZGB,3,True,law,statute_article,statute_article,True,False,False,False,True,False,True,False
train,Art. 3 Abs. 1 AsylG,3,True,law,statute_article,statute_article,True,True,False,True,True,True,True,False
train,Art. 3 Abs. 2 AsylG,2,True,law,statute_article,statute_article,True,False,False,True,True,True,True,False
train,Art. 906 Abs. 2 ZGB,3,True,law,statute_article,statute_article,True,False,False,True,True,True,True,False
train,Art. 20 OR,4,True,law,statute_article,statute_article,False,False,False,True,False,True,True,True
train,Art. 28 OR,3,True,law,statute_article,statute_article,False,False,False,True,False,True,True,True
train,Art. 320 Abs. 3 OR,3,True,law,statute_article,statute_article,True,False,False,True,True,True,True,False
train,Art. 25 Abs. 1 OR,3,True,law,statute_article,statute_article,True,False,False,True,True,True,True,False
train,BGE 121 IV 94 E. 1b,3,True,court,bge,court_bge,False,False,True,True,True,True,True,False
train,BGE 127 III 543 E. 2c,3,True,court,bge,court_bge,False,False,True,True,True,True,True,False
train,Art. 47 Abs. 2 SVG,2,True,law,statute_article,statute_article,True,False,False,True,True,True,True,False
train,Art. 53 Abs. 2 OR,1,True,law,statute_article,statute_article,True,False,False,True,True,True,True,False
train,Art. 56 DBG,3,True,law,statute_article,statute_article,True,True,False,True,True,True,True,False
train,Art. 47 StGB,3,True,law,statute_article,statute_article,False,False,False,True,False,True,True,True
train,Art. 47 Abs. 2 StGB,1,True,law,statute_article,statute_article,True,False,False,True,True,True,True,False
train,Art. 19 Abs. 2 StGB,1,True,law,statute_article,statute_article,True,True,False,True,True,True,True,False
train,Art. 20 UEG,1,True,law,statute_article,statute_article,True,False,False,False,True,False,True,False
train,Art. 182 BV,1,True,law,statute_article,statute_article,False,False,False,True,False,True,True,True
train,Art. 37h Abs. 2 BankG,1,True,law,statute_article,statute_article,True,False,False,False,True,False,True,False
train,Art. 8 StGB,1,True,law,statute_article,statute_article,False,True,False,True,False,True,True,True
train,Art. 3 Abs. 1 StGB,1,True,law,statute_article,statute_article,True,False,False,True,True,True,True,False
train,Art. 8 Abs. 1 StGB,1,True,law,statute_article,statute_article,True,False,False,True,True,True,True,False
train,Art. 183 StGB,3,True,law,statute_article,statute_article,False,True,False,True,False,True,True,True
train,Art. 184 StGB,3,True,law,statute_article,statute_article,False,True,False,True,False,True,True,True
train,Art. 2 URG,8,True,law,statute_article,statute_article,False,False,False,True,False,True,True,True
train,Art. 122 StGB,1,True,law,statute_article,statute_article,True,True,False,True,True,True,True,False
train,Art. 10 Abs. 2 StGB,4,True,law,statute_article,statute_article,True,False,False,True,True,True,True,False
train,Art. 25 Abs. 1 JStG,2,True,law,statute_article,statute_article,True,False,False,True,True,True,True,False
train,Art. 112 StGB,2,True,law,statute_article,statute_article,True,True,False,True,True,True,True,False
train,Art. 971 Abs. 1 ZGB,3,True,law,statute_article,statute_article,True,False,False,True,True,True,True,False
train,Art. 131 Abs. 2 GBV,2,True,law,statute_article,statute_article,True,False,False,False,True,False,True,False
train,Art. 976a Abs. 1 ZGB,1,True,law,statute_article,statute_article,True,False,False,False,True,False,True,False
train,Art. 512 Abs. 1 ZGB,2,True,law,statute_article,statute_article,True,False,False,True,True,True,True,False
train,Art. 21 Abs. 1 BüG,3,True,law,statute_article,statute_article,True,False,False,False,True,False,True,False
train,Art. 650 Abs. 2 OR,3,True,law,statute_article,statute_article,True,True,False,True,True,True,True,False
train,Art. 653b Abs. 1 OR,1,True,law,statute_article,statute_article,True,False,False,False,True,False,True,False
train,Art. 26 Abs. 1 JStPO,4,True,law,statute_article,statute_article,True,False,False,False,True,False,True,False
train,Art. 27 Abs. 1 JStPO,2,True,law,statute_article,statute_article,True,False,False,True,True,True,True,False
train,Art. 221 Abs. 1 StPO,5,True,law,statute_article,statute_article,True,False,False,True,True,True,True,False
train,Art. 27 Abs. 2 JStPO,2,True,law,statute_article,statute_article,True,False,False,True,True,True,True,False
train,Art. 15 Abs. 2 BV,1,True,law,statute_article,statute_article,True,False,False,True,True,True,True,False
train,Art. 22 EpG,1,True,law,statute_article,statute_article,True,True,False,False,True,True,True,False
train,Art. 6 Abs. 2 EpG,1,True,law,statute_article,statute_article,True,False,False,True,True,True,True,False
train,Art. 7 EpG,1,True,law,statute_article,statute_article,True,True,False,True,True,True,True,False
train,Art. 185 BV,1,True,law,statute_article,statute_article,False,False,False,True,False,True,True,True
train,Art. 38 Abs. 1 EpV,1,True,law,statute_article,statute_article,True,False,False,False,True,False,True,False
train,Art. 185 Abs. 3 BV,1,True,law,statute_article,statute_article,True,False,False,True,True,True,True,False
train,Art. 197 Abs. 1 StPO,1,True,law,statute_article,statute_article,True,False,False,True,True,True,True,False
train,Art. 197 StPO,2,True,law,statute_article,statute_article,False,False,False,True,False,True,True,True
train,Art. 15 BV,2,True,law,statute_article,statute_article,False,True,False,True,False,True,True,True
train,Art. 38 Abs. 4 AIG,1,True,law,statute_article,statute_article,True,False,False,False,True,False,True,False
train,Art. 37 Abs. 3 AIG,1,True,law,statute_article,statute_article,True,False,False,True,True,True,True,False
train,Art. 62 AIG,1,True,law,statute_article,statute_article,False,True,False,True,False,True,True,True
train,Art. 63 AIG,1,True,law,statute_article,statute_article,False,True,False,True,False,True,True,True
train,Art. 28 AHVV,1,True,law,statute_article,statute_article,False,True,False,True,False,True,True,True
train,Art. 28 Abs. 1 AHVV,2,True,law,statute_article,statute_article,True,False,False,True,True,True,True,False
train,Art. 8 Abs. 1 AHVG,1,True,law,statute_article,statute_article,True,True,False,True,True,True,True,False
train,Art. 352 Abs. 1 StPO,2,True,law,statute_article,statute_article,True,False,False,True,True,True,True,False
train,Art. 32 Abs. 6 JStPO,2,True,law,statute_article,statute_article,True,False,False,False,True,False,True,False
train,Art. 3 Abs. 3 StPO,2,True,law,statute_article,statute_article,False,False,False,True,False,True,True,True
train,Art. 279 ZGB,2,True,law,statute_article,statute_article,False,False,False,True,False,True,True,True
train,Art. 59 Abs. 2 ZPO,2,True,law,statute_article,statute_article,True,False,False,True,True,True,True,False
train,Art. 84 Abs. 2 ZPO,1,True,law,statute_article,statute_article,True,False,False,True,True,True,True,False
train,Art. 85 Abs. 1 ZPO,1,True,law,statute_article,statute_article,True,False,False,True,True,True,True,False
train,Art. 296 Abs. 3 ZPO,1,True,law,statute_article,statute_article,True,False,False,True,True,True,True,False
train,Art. 295 ZPO,1,True,law,statute_article,statute_article,True,True,False,True,True,True,True,False
train,Art. 199 Abs. 2 ZPO,1,True,law,statute_article,statute_article,True,False,False,True,True,True,True,False
train,Art. 3 ZGB,3,True,law,statute_article,statute_article,False,True,False,True,False,True,True,True
train,Art. 117 ZPO,1,True,law,statute_article,statute_article,True,False,False,True,True,True,True,False
train,Art. 118 Abs. 1 ZPO,1,True,law,statute_article,statute_article,True,False,False,True,True,True,True,False
train,Art. 118 ZPO,1,True,law,statute_article,statute_article,False,False,False,True,False,True,True,True
train,Art. 101 Abs. 1 ZPO,1,True,law,statute_article,statute_article,True,False,False,True,True,True,True,False
train,Art. 101 Abs. 3 ZPO,1,True,law,statute_article,statute_article,True,False,False,True,True,True,True,False
train,Art. 5 Abs. 1 VwVG,4,True,law,statute_article,statute_article,True,False,False,True,True,True,True,False
train,Art. 83 IPRG,2,True,law,statute_article,statute_article,False,True,False,True,False,True,True,True
train,Art. 61 IPRG,2,True,law,statute_article,statute_article,True,True,False,True,True,True,True,False
train,Art. 63 Abs. 1 IPRG,3,True,law,statute_article,statute_article,True,False,False,True,True,True,True,False
train,Art. 63 Abs. 2 IPRG,4,True,law,statute_article,statute_article,True,False,False,True,True,True,True,False
train,Art. 54 Abs. 1 IPRG,3,True,law,statute_article,statute_article,True,False,False,False,True,False,True,False
train,Art. 15 Abs. 2 ZPO,1,True,law,statute_article,statute_article,True,False,False,True,True,True,True,False
train,Art. 74 Abs. 1 BGG,4,True,law,statute_article,statute_article,True,False,False,True,True,True,True,False
train,Art. 31 ZPO,3,True,law,statute_article,statute_article,True,False,False,True,True,True,True,False
train,Art. 93 Abs. 1 ZPO,1,True,law,statute_article,statute_article,True,False,False,True,True,True,True,False
train,Art. 63 Abs. 4 VwVG,2,True,law,statute_article,statute_article,True,False,False,True,True,True,True,False
train,Art. 62 Abs. 3 BGG,1,True,law,statute_article,statute_article,True,False,False,True,True,True,True,False
train,Art. 28 Abs. 1 VStV,1,True,law,statute_article,statute_article,True,False,False,False,True,False,True,False
train,Art. 28 Abs. 3 VStV,1,True,law,statute_article,statute_article,True,False,False,False,True,False,True,False
train,Art. 18 Abs. 1 DBG,4,True,law,statute_article,statute_article,True,False,False,True,True,True,True,False
train,Art. 58 DBG,2,True,law,statute_article,statute_article,False,True,False,True,False,True,True,True
train,Art. 21 Abs. 2 AsylG,1,True,law,statute_article,statute_article,True,False,False,False,True,False,True,False
train,Art. 26 Abs. 4 AsylG,1,True,law,statute_article,statute_article,True,False,False,False,True,False,True,False
train,Art. 26b AsylG,1,True,law,statute_article,statute_article,True,True,False,False,True,True,True,False
train,Art. 31a Abs. 1 AsylG,2,True,law,statute_article,statute_article,True,True,False,False,True,True,True,False
train,Art. 31b AsylG,1,True,law,statute_article,statute_article,False,True,False,False,False,True,True,True
train,Art. 15 Abs. 2 DSG,1,True,law,statute_article,statute_article,True,False,False,True,True,True,True,False
train,Art. 34 Abs. 1 BankV,1,True,law,statute_article,statute_article,True,False,False,False,True,False,True,False
train,Art. 16 BV,8,True,law,statute_article,statute_article,False,True,False,True,False,True,True,True
train,Art. 174 StGB,1,True,law,statute_article,statute_article,False,False,False,True,False,True,True,True
train,Art. 56 Abs. 1 ATSG,1,True,law,statute_article,statute_article,True,False,False,True,True,True,True,False
train,Art. 57 ATSG,1,True,law,statute_article,statute_article,True,True,False,True,True,True,True,False
train,Art. 58 Abs. 1 ATSG,1,True,law,statute_article,statute_article,True,True,False,True,True,True,True,False
train,Art. 61 StGB,1,True,law,statute_article,statute_article,False,True,False,True,False,True,True,True
train,Art. 16 Abs. 3 JStG,1,True,law,statute_article,statute_article,True,False,False,True,True,True,True,False
train,Art. 308 Abs. 2 ZPO,3,True,law,statute_article,statute_article,True,False,False,True,True,True,True,False
train,Art. 212 Abs. 1 ZPO,3,True,law,statute_article,statute_article,True,False,False,True,True,True,True,False
train,Art. 181 ZGB,5,True,law,statute_article,statute_article,True,False,False,True,True,True,True,False
train,Art. 182 ZGB,1,True,law,statute_article,statute_article,False,False,False,True,False,True,True,True
train,Art. 2 Abs. 2 ZGB,5,True,law,statute_article,statute_article,True,False,False,True,True,True,True,False
train,Art. 241 Abs. 1 ZGB,1,True,law,statute_article,statute_article,True,False,False,True,True,True,True,False
train,Art. 457 Abs. 1 ZGB,3,True,law,statute_article,statute_article,True,False,False,True,True,True,True,False
train,Art. 470 Abs. 1 ZGB,1,True,law,statute_article,statute_article,True,False,False,True,True,True,True,False
train,Art. 276 Abs. 2 ZGB,1,True,law,statute_article,statute_article,True,False,False,True,True,True,True,False
train,Art. 276 Abs. 1 ZGB,1,True,law,statute_article,statute_article,True,False,False,True,True,True,True,False
train,Art. 285 Abs. 1 ZGB,1,True,law,statute_article,statute_article,True,False,False,True,True,True,True,False
train,Art. 277 Abs. 1 ZGB,1,True,law,statute_article,statute_article,True,False,False,True,True,True,True,False
train,Art. 125 Abs. 1 ZGB,2,True,law,statute_article,statute_article,True,False,False,True,True,True,True,False
train,Art. 125 Abs. 2 ZGB,2,True,law,statute_article,statute_article,True,False,False,True,True,True,True,False
train,Art. 129 Abs. 3 ZGB,1,True,law,statute_article,statute_article,True,False,False,True,True,True,True,False
train,Art. 32a USG,1,True,law,statute_article,statute_article,False,False,False,True,False,True,True,True
train,Art. 41a USG,1,True,law,statute_article,statute_article,False,False,False,True,False,True,True,True
train,Art. 712a Abs. 1 ZGB,3,True,law,statute_article,statute_article,True,False,False,True,True,True,True,False
train,Art. 712b Abs. 2 ZGB,4,True,law,statute_article,statute_article,True,False,False,True,True,True,True,False
train,Art. 712l Abs. 2 ZGB,1,True,law,statute_article,statute_article,True,False,False,True,True,True,True,False
train,Art. 60 Abs. 1 OR,1,True,law,statute_article,statute_article,True,False,False,True,True,True,True,False
train,Art. 10 Abs. 2 DBG,1,True,law,statute_article,statute_article,True,False,False,True,True,True,True,False
train,Art. 10 Abs. 2 VStG,1,True,law,statute_article,statute_article,True,True,False,True,True,True,True,False
train,Art. 67 Abs. 1 OR,1,True,law,statute_article,statute_article,True,False,False,True,True,True,True,False
train,Art. 31 Abs. 3 OR,1,True,law,statute_article,statute_article,True,False,False,True,True,True,True,False
train,Art. 373 Abs. 2 OR,1,True,law,statute_article,statute_article,True,False,False,True,True,True,True,False
train,Art. 210 OR,1,True,law,statute_article,statute_article,False,False,False,True,False,True,True,True
train,Art. 67 OR,1,True,law,statute_article,statute_article,False,True,False,True,False,True,True,True
train,Art. 62 OR,1,True,law,statute_article,statute_article,False,False,False,True,False,True,True,True
train,Art. 3 StAhiG,1,True,law,statute_article,statute_article,True,False,False,True,True,True,True,False
train,Art. 31 Abs. 2 LSV,2,True,law,statute_article,statute_article,True,True,False,True,True,True,True,False
train,Art. 12 Abs. 3 BüG,1,True,law,statute_article,statute_article,True,False,False,False,True,False,True,False
train,Art. 712m Abs. 1 ZGB,1,True,law,statute_article,statute_article,True,False,False,True,True,True,True,False
train,Art. 712g Abs. 1 ZGB,2,True,law,statute_article,statute_article,True,False,False,True,True,True,True,False
train,Art. 647a ZGB,1,True,law,statute_article,statute_article,False,False,False,True,False,True,True,True
train,Art. 647b ZGB,1,True,law,statute_article,statute_article,False,False,False,True,False,True,True,True
train,Art. 712g Abs. 2 ZGB,2,True,law,statute_article,statute_article,True,False,False,True,True,True,True,False
train,Art. 648 Abs. 2 ZGB,1,True,law,statute_article,statute_article,True,False,False,True,True,True,True,False
train,Art. 712g ZGB,1,True,law,statute_article,statute_article,False,False,False,True,False,True,True,True
train,Art. 712a Abs. 2 ZGB,1,True,law,statute_article,statute_article,True,False,False,True,True,True,True,False
train,Art. 647b Abs. 1 ZGB,1,True,law,statute_article,statute_article,True,False,False,True,True,True,True,False
train,Art. 647c ZGB,2,True,law,statute_article,statute_article,True,False,False,True,True,True,True,False
train,Art. 647d ZGB,1,True,law,statute_article,statute_article,False,False,False,True,False,True,True,True
train,Art. 647d Abs. 1 ZGB,2,True,law,statute_article,statute_article,True,False,False,True,True,True,True,False
train,Art. 647e ZGB,1,True,law,statute_article,statute_article,False,False,False,True,False,True,True,True
train,Art. 647e Abs. 1 ZGB,2,True,law,statute_article,statute_article,True,False,False,True,True,True,True,False
train,Art. 647e Abs. 2 ZGB,1,True,law,statute_article,statute_article,True,False,False,True,True,True,True,False
train,Art. 2 Abs. 1 JStG,3,True,law,statute_article,statute_article,True,False,False,True,True,True,True,False
train,Art. 207 Abs. 1 SchKG,1,True,law,statute_article,statute_article,True,True,False,True,True,True,True,False
train,Art. 63 Abs. 1 KOV,1,True,law,statute_article,statute_article,True,False,False,True,True,True,True,False
train,Art. 260 SchKG,1,True,law,statute_article,statute_article,False,True,False,True,False,True,True,True
train,Art. 63 Abs. 3 KOV,1,True,law,statute_article,statute_article,True,False,False,True,True,True,True,False
train,Art. 265 SchKG,1,True,law,statute_article,statute_article,False,True,False,True,False,True,True,True
train,Art. 265a SchKG,2,True,law,statute_article,statute_article,False,True,False,True,False,True,True,True
train,Art. 23 DBG,2,True,law,statute_article,statute_article,True,False,False,True,True,True,True,False
train,Art. 22 BV,6,True,law,statute_article,statute_article,False,False,False,True,False,True,True,True
train,Art. 86 Abs. 1 IPRG,2,True,law,statute_article,statute_article,True,False,False,True,True,True,True,False
train,Art. 90 Abs. 2 IPRG,4,True,law,statute_article,statute_article,True,False,False,True,True,True,True,False
train,Art. 19 Abs. 2 BetmG,3,True,law,statute_article,statute_article,True,True,False,True,True,True,True,False
train,Art. 221 Abs. 2 StPO,4,True,law,statute_article,statute_article,True,False,False,True,True,True,True,False
train,BGE 143 IV 9 E. 2.3.1,1,True,court,bge,court_bge,False,False,True,True,True,True,True,False
train,Art. 3 UEG,1,True,law,statute_article,statute_article,False,False,False,False,False,False,False,False
train,Art. 321c Abs. 3 OR,1,True,law,statute_article,statute_article,True,False,False,True,True,True,True,False
train,Art. 32 FINMAG,2,True,law,statute_article,statute_article,False,False,False,True,False,True,True,True
train,Art. 54 Abs. 1 FINMAG,3,True,law,statute_article,statute_article,True,False,False,True,True,True,True,False
train,Art. 42 BüG,1,True,law,statute_article,statute_article,True,False,False,False,True,False,True,False
train,Art. 30 BüV,1,True,law,statute_article,statute_article,False,False,False,False,False,False,False,False
train,Art. 30 Abs. 2 BüV,1,True,law,statute_article,statute_article,True,False,False,False,True,False,True,False
train,Art. 30 Abs. 1 BüV,1,True,law,statute_article,statute_article,True,False,False,False,True,False,True,False
train,Art. 46 ERV,2,True,law,statute_article,statute_article,False,False,False,False,False,False,False,False
train,Art. 10a Abs. 2 USG,1,True,law,statute_article,statute_article,True,False,False,True,True,True,True,False
train,Art. 10a Abs. 3 USG,1,True,law,statute_article,statute_article,True,False,False,True,True,True,True,False
train,Art. 1 UVPV,1,True,law,statute_article,statute_article,True,False,False,True,True,True,True,False
train,Art. 3 Abs. 1 BankG,2,True,law,statute_article,statute_article,True,False,False,True,True,True,True,False
train,Art. 4 Abs. 1 BankV,1,True,law,statute_article,statute_article,True,True,False,True,True,True,True,False
train,Art. 6 Abs. 1 BankV,1,True,law,statute_article,statute_article,True,False,False,True,True,True,True,False
train,Art. 180 Abs. 1 IPRG,1,True,law,statute_article,statute_article,True,False,False,False,True,False,True,False
train,Art. 180a Abs. 1 IPRG,2,True,law,statute_article,statute_article,True,False,False,False,True,False,True,False
train,Art. 205 Abs. 1 OR,1,True,law,statute_article,statute_article,True,False,False,True,True,True,True,False
train,Art. 321a OR,2,True,law,statute_article,statute_article,False,True,False,True,False,True,True,True
train,Art. 336 OR,1,True,law,statute_article,statute_article,False,True,False,True,False,True,True,True
train,Art. 33 Abs. 1 URG,1,True,law,statute_article,statute_article,True,False,False,False,True,False,True,False
train,Art. 39 URG,1,True,law,statute_article,statute_article,False,False,False,True,False,True,True,True
train,Art. 33 Abs. 2 URG,1,True,law,statute_article,statute_article,True,False,False,True,True,True,True,False
train,Art. 19 Abs. 3 URG,3,True,law,statute_article,statute_article,True,False,False,True,True,True,True,False
train,Art. 33a URG,1,True,law,statute_article,statute_article,False,False,False,False,False,False,False,False
train,Art. 33a Abs. 1 URG,1,True,law,statute_article,statute_article,True,True,False,False,True,True,True,False
train,Art. 33a Abs. 2 URG,1,True,law,statute_article,statute_article,True,False,False,False,True,False,True,False
train,Art. 12 Abs. 3 DSG,3,True,law,statute_article,statute_article,True,False,False,False,True,False,True,False
train,Art. 13 Abs. 2 DSG,2,True,law,statute_article,statute_article,True,False,False,False,True,False,True,False
train,Art. 15 Abs. 3 DSG,1,True,law,statute_article,statute_article,True,False,False,False,True,False,True,False
train,BGE 129 III 715 E. 4.2,1,True,court,bge,court_bge,False,False,True,True,True,True,True,False
train,Art. 10 Abs. 2 AHVG,1,True,law,statute_article,statute_article,True,True,False,True,True,True,True,False
train,Art. 10 Abs. 1 AHVG,1,True,law,statute_article,statute_article,True,True,False,True,True,True,True,False
train,Art. 27 EOG,1,True,law,statute_article,statute_article,False,False,False,True,False,True,True,True
train,Art. 36 Abs. 2 EOV,1,True,law,statute_article,statute_article,True,False,False,True,True,True,True,False
train,Art. 3 Abs. 2 IVG,1,True,law,statute_article,statute_article,True,False,False,True,True,True,True,False
train,Art. 9 JStG,3,True,law,statute_article,statute_article,False,True,False,True,False,True,True,True
train,Art. 10 Abs. 1 JStG,3,True,law,statute_article,statute_article,True,False,False,True,True,True,True,False
train,Art. 1 Abs. 2 JStG,3,True,law,statute_article,statute_article,True,False,False,True,True,True,True,False
train,Art. 56 Abs. 5 StGB,2,True,law,statute_article,statute_article,True,False,False,True,True,True,True,False
train,Art. 190 IPRG,1,True,law,statute_article,statute_article,False,False,False,True,False,True,True,True
train,Art. 189a Abs. 1 IPRG,1,True,law,statute_article,statute_article,True,False,False,True,True,True,True,False
train,Art. 655 Abs. 1 ZGB,3,True,law,statute_article,statute_article,True,False,False,True,True,True,True,False
train,Art. 98 Abs. 1 GBV,3,True,law,statute_article,statute_article,True,False,False,False,True,False,True,False
train,Art. 945 Abs. 1 ZGB,3,True,law,statute_article,statute_article,True,False,False,True,True,True,True,False
train,Art. 22 Abs. 2 GBV,2,True,law,statute_article,statute_article,True,True,False,True,True,True,True,False
train,Art. 20 Abs. 1 GBV,2,True,law,statute_article,statute_article,True,False,False,True,True,True,True,False
train,Art. 191 ZPO,2,True,law,statute_article,statute_article,False,False,False,True,False,True,True,True
train,Art. 229 Abs. 3 ZPO,1,True,law,statute_article,statute_article,True,False,False,True,True,True,True,False
train,Art. 229 ZPO,1,True,law,statute_article,statute_article,False,False,False,True,False,True,True,True
train,Art. 247 Abs. 2 ZPO,1,True,law,statute_article,statute_article,True,False,False,True,True,True,True,False
train,Art. 326 Abs. 1 ZPO,1,True,law,statute_article,statute_article,True,False,False,True,True,True,True,False
train,Art. 326 Abs. 2 ZPO,1,True,law,statute_article,statute_article,True,False,False,True,True,True,True,False
train,Art. 328 Abs. 1 ZPO,1,True,law,statute_article,statute_article,True,False,False,True,True,True,True,False
train,Art. 325 Abs. 2 ZPO,2,True,law,statute_article,statute_article,True,False,False,True,True,True,True,False
train,Art. 229 Abs. 1 ZPO,1,True,law,statute_article,statute_article,True,False,False,True,True,True,True,False
train,BGE 142 III 413 E. 2.2.5,1,True,court,bge,court_bge,False,False,True,True,True,True,True,False
train,Art. 2 Abs. 2 AIG,2,True,law,statute_article,statute_article,True,True,False,True,True,True,True,False
train,Art. 188 Abs. 2 DBG,1,True,law,statute_article,statute_article,True,False,False,True,True,True,True,False
train,Art. 61 StHG,1,True,law,statute_article,statute_article,True,False,False,True,True,True,True,False
train,Art. 26 WV,1,True,law,statute_article,statute_article,False,True,False,True,False,True,True,True
train,Art. 27 WV,1,True,law,statute_article,statute_article,False,True,False,False,False,True,True,True
train,Art. 121a BV,1,True,law,statute_article,statute_article,False,False,False,True,False,True,True,True
train,Art. 59 Abs. 2 AIG,1,True,law,statute_article,statute_article,True,False,False,False,True,False,True,False
train,Art. 61 AsylG,2,True,law,statute_article,statute_article,False,True,False,False,False,True,True,True
train,Art. 85a AIG,1,True,law,statute_article,statute_article,False,False,False,True,False,True,True,True
train,Art. 85 Abs. 5 AIG,1,True,law,statute_article,statute_article,True,False,False,False,True,False,True,False
train,Art. 43 AsylG,1,True,law,statute_article,statute_article,False,True,False,True,False,True,True,True
train,Art. 43 Abs. 1 AsylG,1,True,law,statute_article,statute_article,True,False,False,True,True,True,True,False
train,Art. 116 Abs. 1 AIG,1,True,law,statute_article,statute_article,True,False,False,True,True,True,True,False
train,Art. 116 Abs. 3 AIG,1,True,law,statute_article,statute_article,True,False,False,True,True,True,True,False
train,Art. 31 VGG,3,True,law,statute_article,statute_article,True,False,False,True,True,True,True,False
train,Art. 16 EleG,1,True,law,statute_article,statute_article,False,True,False,True,False,True,True,True
train,Art. 43b Abs. 2 FINMAG,1,True,law,statute_article,statute_article,True,True,False,False,True,True,True,False
train,Art. 84 Abs. 5 FINIV,1,True,law,statute_article,statute_article,True,False,False,False,True,False,True,False
train,Art. 87 Abs. 2 FIDLEG,1,True,law,statute_article,statute_article,True,False,False,False,True,False,True,False
train,Art. 87 FIDLEG,1,True,law,statute_article,statute_article,False,False,False,False,False,False,False,False
train,Art. 12 DBG,1,True,law,statute_article,statute_article,False,True,False,True,False,True,True,True
train,Art. 48 Abs. 1 VwVG,3,True,law,statute_article,statute_article,True,False,False,True,True,True,True,False
train,Art. 198 ZGB,3,True,law,statute_article,statute_article,True,False,False,True,True,True,True,False
train,Art. 197 Abs. 2 ZGB,2,True,law,statute_article,statute_article,True,False,False,False,True,False,True,False
train,Art. 1 DesG,1,True,law,statute_article,statute_article,True,True,False,True,True,True,True,False
train,Art. 2 Abs. 1 DesG,1,True,law,statute_article,statute_article,True,False,False,True,True,True,True,False
train,Art. 2 Abs. 2 DesG,1,True,law,statute_article,statute_article,True,False,False,True,True,True,True,False
train,Art. 3 DesG,1,True,law,statute_article,statute_article,True,False,False,False,True,False,True,False
train,Art. 2 Abs. 3 DesG,1,True,law,statute_article,statute_article,True,False,False,True,True,True,True,False
train,Art. 4 DesG,1,True,law,statute_article,statute_article,True,False,False,True,True,True,True,False
train,Art. 5 Abs. 1 DesG,1,True,law,statute_article,statute_article,True,False,False,False,True,False,True,False
train,Art. 7 Abs. 1 DesG,1,True,law,statute_article,statute_article,True,False,False,False,True,False,True,False
train,Art. 19 DesG,1,True,law,statute_article,statute_article,False,False,False,False,False,False,False,False
train,Art. 9 DesG,2,True,law,statute_article,statute_article,False,True,False,True,False,True,True,True
train,Art. 9 Abs. 1 DesG,1,True,law,statute_article,statute_article,True,False,False,True,True,True,True,False
train,Art. 8 DesG,1,True,law,statute_article,statute_article,True,False,False,True,True,True,True,False
train,Art. 36 DesG,1,True,law,statute_article,statute_article,True,False,False,False,True,False,True,False
train,Art. 38 DesG,1,True,law,statute_article,statute_article,True,False,False,True,True,True,True,False
train,Art. 1 MSchG,1,True,law,statute_article,statute_article,False,True,False,True,False,True,True,True
train,Art. 10 Abs. 1 MSchV,3,True,law,statute_article,statute_article,True,False,False,True,True,True,True,False
train,Art. 13 Abs. 1 MSchG,1,True,law,statute_article,statute_article,True,False,False,True,True,True,True,False
train,Art. 3 Abs. 1 MSchG,1,True,law,statute_article,statute_article,True,True,False,True,True,True,True,False
train,Art. 55 MSchG,1,True,law,statute_article,statute_article,False,False,False,True,False,True,True,True
train,Art. 57 MSchG,1,True,law,statute_article,statute_article,False,False,False,True,False,True,True,True
train,Art. 59 MSchG,1,True,law,statute_article,statute_article,True,False,False,True,True,True,True,False
train,Art. 23 JStPO,1,True,law,statute_article,statute_article,True,True,False,True,True,True,True,False
train,Art. 159 Abs. 1 StPO,1,True,law,statute_article,statute_article,True,False,False,True,True,True,True,False
train,Art. 9 Abs. 1 BüG,4,True,law,statute_article,statute_article,True,False,False,False,True,False,True,False
train,Art. 2 Abs. 1 BüV,1,True,law,statute_article,statute_article,True,False,False,False,True,False,True,False
train,Art. 12 Abs. 1 BüG,2,True,law,statute_article,statute_article,True,False,False,False,True,False,True,False
train,Art. 7 Abs. 3 BüV,1,True,law,statute_article,statute_article,True,False,False,False,True,False,True,False
train,Art. 3 Abs. 1 KVG,2,True,law,statute_article,statute_article,True,True,False,True,True,True,True,False
train,Art. 61 Abs. 1 KVG,2,True,law,statute_article,statute_article,True,False,False,True,True,True,True,False
train,Art. 64 Abs. 4 KVG,1,True,law,statute_article,statute_article,True,False,False,True,True,True,True,False
train,Art. 361 Abs. 1 ZGB,2,True,law,statute_article,statute_article,True,False,False,True,True,True,True,False
train,Art. 360 ZGB,2,True,law,statute_article,statute_article,False,False,False,True,False,True,True,True
train,Art. 362 ZGB,1,True,law,statute_article,statute_article,False,False,False,True,False,True,True,True
train,Art. 362 Abs. 2 ZGB,1,True,law,statute_article,statute_article,True,False,False,True,True,True,True,False
train,Art. 362 Abs. 3 ZGB,1,True,law,statute_article,statute_article,True,False,False,False,True,False,True,False
train,Art. 513 Abs. 1 ZGB,2,True,law,statute_article,statute_article,True,False,False,True,True,True,True,False
train,Art. 13 OR,1,True,law,statute_article,statute_article,False,False,False,True,False,True,True,True
train,Art. 512 ZGB,3,True,law,statute_article,statute_article,False,False,False,True,False,True,True,True
train,Art. 356 Abs. 4 StPO,1,True,law,statute_article,statute_article,True,False,False,True,True,True,True,False
train,Art. 29a BV,2,True,law,statute_article,statute_article,True,False,False,True,True,True,True,False
train,Art. 3 Abs. 2 StPO,2,True,law,statute_article,statute_article,True,False,False,True,True,True,True,False
train,Art. 85 Abs. 4 StPO,1,True,law,statute_article,statute_article,True,False,False,True,True,True,True,False
train,Art. 40 Abs. 3 URG,1,True,law,statute_article,statute_article,True,False,False,True,True,True,True,False
train,Art. 49 Abs. 1 StGB,3,True,law,statute_article,statute_article,True,False,False,True,True,True,True,False
train,Art. 286 Abs. 1 StGB,4,True,law,statute_article,statute_article,True,False,False,True,True,True,True,False
train,Art. 1b IVG,2,True,law,statute_article,statute_article,True,False,False,True,True,True,True,False
train,Art. 1a AHVG,1,True,law,statute_article,statute_article,False,True,False,True,False,True,True,True
train,Art. 1a UVG,1,True,law,statute_article,statute_article,False,False,False,True,False,True,True,True
train,Art. 1a MVG,1,True,law,statute_article,statute_article,False,True,False,False,False,True,True,True
train,Art. 31 Abs. 2 KVG,1,True,law,statute_article,statute_article,True,False,False,True,True,True,True,False
train,Art. 31 BV,5,True,law,statute_article,statute_article,False,False,False,True,False,True,True,True
train,Art. 68 ATSG,1,True,law,statute_article,statute_article,True,False,False,True,True,True,True,False
train,Art. 246 StPO,1,True,law,statute_article,statute_article,True,False,False,True,True,True,True,False
train,Art. 263 Abs. 1 StPO,1,True,law,statute_article,statute_article,True,False,False,True,True,True,True,False
train,Art. 241 Abs. 1 StPO,1,True,law,statute_article,statute_article,True,False,False,True,True,True,True,False
train,Art. 248 Abs. 1 StPO,2,True,law,statute_article,statute_article,True,False,False,True,True,True,True,False
train,Art. 247 Abs. 2 StPO,1,True,law,statute_article,statute_article,True,False,False,True,True,True,True,False
train,Art. 263 Abs. 2 StPO,1,True,law,statute_article,statute_article,True,False,False,True,True,True,True,False
train,Art. 264 StPO,2,True,law,statute_article,statute_article,False,True,False,True,False,True,True,True
train,Art. 247 Abs. 3 StPO,1,True,law,statute_article,statute_article,True,False,False,True,True,True,True,False
train,Art. 162 StPO,1,True,law,statute_article,statute_article,True,False,False,True,True,True,True,False
train,Art. 143 StPO,1,True,law,statute_article,statute_article,False,False,False,True,False,True,True,True
train,Art. 83 Abs. 2 SchKG,1,True,law,statute_article,statute_article,True,True,False,True,True,True,True,False
train,Art. 263 StGB,1,True,law,statute_article,statute_article,False,False,False,True,False,True,True,True
train,Art. 19 Abs. 4 StGB,1,True,law,statute_article,statute_article,True,False,False,True,True,True,True,False
train,Art. 30 DBG,1,True,law,statute_article,statute_article,False,False,False,True,False,True,True,True
train,Art. 33 Abs. 1 DBG,1,True,law,statute_article,statute_article,True,False,False,False,True,False,True,False
train,Art. 3 BEG,1,True,law,statute_article,statute_article,False,False,False,True,False,True,True,True
train,Art. 2 Abs. 1 BEG,1,True,law,statute_article,statute_article,True,False,False,False,True,False,True,False
train,Art. 6 Abs. 1 BEG,1,True,law,statute_article,statute_article,True,False,False,False,True,False,True,False
train,Art. 24 Abs. 1 BEG,1,True,law,statute_article,statute_article,True,False,False,False,True,False,True,False
train,Art. 24 Abs. 2 BEG,1,True,law,statute_article,statute_article,True,False,False,False,True,False,True,False
train,Art. 15 Abs. 3 BEG,1,True,law,statute_article,statute_article,True,False,False,False,True,False,True,False
train,Art. 27 BEG,1,True,law,statute_article,statute_article,False,False,False,False,False,False,False,False
train,Art. 24 BEG,1,True,law,statute_article,statute_article,False,False,False,True,False,True,True,True
train,Art. 27 Abs. 2 BEG,1,True,law,statute_article,statute_article,True,False,False,False,True,False,True,False
train,Art. 27 Abs. 3 BEG,1,True,law,statute_article,statute_article,True,False,False,False,True,False,True,False
train,Art. 29 Abs. 2 BEG,2,True,law,statute_article,statute_article,True,False,False,False,True,False,True,False
train,Art. 29 Abs. 1 BEG,2,True,law,statute_article,statute_article,True,False,False,False,True,False,True,False
train,Art. 28 Abs. 1 BEG,2,True,law,statute_article,statute_article,True,False,False,False,True,False,True,False
train,Art. 28 Abs. 3 BEG,2,True,law,statute_article,statute_article,True,False,False,False,True,False,True,False
train,Art. 28 BEG,1,True,law,statute_article,statute_article,False,True,False,False,False,True,True,True
train,Art. 29 BEG,1,True,law,statute_article,statute_article,False,False,False,False,False,False,False,False
train,Art. 29 Abs. 5 BEG,1,True,law,statute_article,statute_article,True,False,False,False,True,False,True,False
train,Art. 205 Abs. 3 ZGB,2,True,law,statute_article,statute_article,True,False,False,True,True,True,True,False
train,Art. 8a Abs. 1 SchKG,1,True,law,statute_article,statute_article,True,False,False,True,True,True,True,False
train,Art. 9 Abs. 1 NBG,1,True,law,statute_article,statute_article,True,False,False,False,True,False,True,False
train,Art. 122 Abs. 1 GBV,1,True,law,statute_article,statute_article,True,False,False,False,True,False,True,False
train,Art. 130 Abs. 1 GBV,1,True,law,statute_article,statute_article,True,False,False,False,True,False,True,False
train,Art. 34 Abs. 3 PatG,1,True,law,statute_article,statute_article,True,False,False,True,True,True,True,False
train,Art. 8 Abs. 1 PatG,1,True,law,statute_article,statute_article,True,False,False,True,True,True,True,False
train,Art. 66 PatG,3,True,law,statute_article,statute_article,True,True,False,True,True,True,True,False
train,Art. 9 Abs. 1 PatG,1,True,law,statute_article,statute_article,True,False,False,False,True,False,True,False
train,Art. 36 PatG,2,True,law,statute_article,statute_article,False,True,False,True,False,True,True,True
train,Art. 60 DBG,4,True,law,statute_article,statute_article,True,False,False,True,True,True,True,False
train,Art. 19 Abs. 1 DBG,3,True,law,statute_article,statute_article,True,False,False,True,True,True,True,False
train,Art. 715 ZGB,1,True,law,statute_article,statute_article,False,False,False,True,False,True,True,True
train,Art. 294 Abs. 2 StGB,1,True,law,statute_article,statute_article,True,False,False,True,True,True,True,False
train,Art. 294 StGB,1,True,law,statute_article,statute_article,False,True,False,True,False,True,True,True
train,BGE 140 IV 196 E. 4.4.2,1,True,court,bge,court_bge,False,False,True,True,True,True,True,False
train,Art. 959 Abs. 5 OR,1,True,law,statute_article,statute_article,True,False,False,True,True,True,True,False
train,Art. 958b Abs. 1 OR,1,True,law,statute_article,statute_article,True,True,False,True,True,True,True,False
train,Art. 951 Abs. 1 ZGB,1,True,law,statute_article,statute_article,True,False,False,False,True,False,True,False
train,Art. 953 Abs. 1 ZGB,1,True,law,statute_article,statute_article,True,False,False,False,True,False,True,False
train,Art. 951 Abs. 2 ZGB,1,True,law,statute_article,statute_article,True,False,False,False,True,False,True,False
train,Art. 16 GBV,1,True,law,statute_article,statute_article,False,True,False,False,False,True,True,True
train,Art. 952 Abs. 1 ZGB,1,True,law,statute_article,statute_article,True,False,False,False,True,False,True,False
train,Art. 16 Abs. 2 GBV,1,True,law,statute_article,statute_article,True,False,False,False,True,False,True,False
train,Art. 4 GBV,1,True,law,statute_article,statute_article,True,False,False,False,True,False,True,False
train,Art. 956 Abs. 1 ZGB,1,True,law,statute_article,statute_article,True,False,False,True,True,True,True,False
train,Art. 956 Abs. 2 ZGB,1,True,law,statute_article,statute_article,True,False,False,True,True,True,True,False
train,Art. 6 GBV,1,True,law,statute_article,statute_article,False,False,False,True,False,True,True,True
train,Art. 949a ZGB,1,True,law,statute_article,statute_article,False,False,False,True,False,True,True,True
train,Art. 160 GBV,1,True,law,statute_article,statute_article,False,True,False,False,False,True,True,True
train,Art. 956a Abs. 1 ZGB,2,True,law,statute_article,statute_article,True,False,False,True,True,True,True,False
train,Art. 75 Abs. 2 BGG,1,True,law,statute_article,statute_article,True,False,False,True,True,True,True,False
train,Art. 5 GBV,1,True,law,statute_article,statute_article,False,True,False,False,False,True,True,True
train,Art. 954 Abs. 1 ZGB,2,True,law,statute_article,statute_article,True,False,False,False,True,False,True,False
train,Art. 954 Abs. 2 ZGB,1,True,law,statute_article,statute_article,True,False,False,False,True,False,True,False
train,Art. 40 Abs. 2 StGB,2,True,law,statute_article,statute_article,True,False,False,True,True,True,True,False
train,BGE 143 IV 145 E. 8.2.3,1,True,court,bge,court_bge,False,False,True,True,True,True,True,False
train,Art. 46 VwVG,1,True,law,statute_article,statute_article,False,True,False,True,False,True,True,True
train,Art. 46 Abs. 1 VwVG,1,True,law,statute_article,statute_article,True,False,False,True,True,True,True,False
train,Art. 22a Abs. 2 VwVG,1,True,law,statute_article,statute_article,True,False,False,True,True,True,True,False
train,Art. 98 BGG,1,True,law,statute_article,statute_article,True,False,False,True,True,True,True,False
train,Art. 46 Abs. 2 BGG,1,True,law,statute_article,statute_article,True,False,False,True,True,True,True,False
train,Art. 64 Abs. 2 AHVG,1,True,law,statute_article,statute_article,True,False,False,True,True,True,True,False
train,Art. 12 StHG,1,True,law,statute_article,statute_article,False,False,False,True,False,True,True,True
train,Art. 141 StPO,1,True,law,statute_article,statute_article,False,False,False,True,False,True,True,True
train,Art. 177 Abs. 1 StPO,1,True,law,statute_article,statute_article,True,False,False,True,True,True,True,False
train,Art. 177 Abs. 3 StPO,1,True,law,statute_article,statute_article,True,False,False,True,True,True,True,False
train,Art. 308 Abs. 1 ZPO,2,True,law,statute_article,statute_article,True,False,False,True,True,True,True,False
train,Art. 237 ZPO,1,True,law,statute_article,statute_article,False,True,False,True,False,True,True,True
train,Art. 310 ZPO,1,True,law,statute_article,statute_article,True,False,False,True,True,True,True,False
train,Art. 311 Abs. 1 ZPO,1,True,law,statute_article,statute_article,True,False,False,True,True,True,True,False
train,Art. 239 Abs. 2 ZPO,1,True,law,statute_article,statute_article,True,False,False,True,True,True,True,False
train,Art. 92 Abs. 1 BGG,1,True,law,statute_article,statute_article,True,False,False,True,True,True,True,False
train,Art. 75 BGG,1,True,law,statute_article,statute_article,False,True,False,True,False,True,True,True
train,Art. 74 Abs. 2 BGG,3,True,law,statute_article,statute_article,True,False,False,True,True,True,True,False
train,Art. 30 Abs. 1 BV,1,True,law,statute_article,statute_article,True,False,False,True,True,True,True,False
train,Art. 116 BGG,1,True,law,statute_article,statute_article,True,True,False,True,True,True,True,False
train,Art. 9 BV,3,True,law,statute_article,statute_article,True,True,False,True,True,True,True,False
train,Art. 100 Abs. 1 BGG,3,True,law,statute_article,statute_article,True,False,False,True,True,True,True,False
train,Art. 119 BGG,1,True,law,statute_article,statute_article,False,False,False,True,False,True,True,True
train,Art. 55a KVG,1,True,law,statute_article,statute_article,False,True,False,True,False,True,True,True
train,Art. 55a Abs. 3 KVG,1,True,law,statute_article,statute_article,True,True,False,True,True,True,True,False
train,Art. 65 Abs. 3 SVG,3,True,law,statute_article,statute_article,True,False,False,True,True,True,True,False
train,Art. 853 ZGB,4,True,law,statute_article,statute_article,True,False,False,False,True,False,True,False
train,Art. 801 Abs. 1 ZGB,3,True,law,statute_article,statute_article,True,False,False,True,True,True,True,False
train,Art. 854 Abs. 1 ZGB,2,True,law,statute_article,statute_article,True,False,False,False,True,False,True,False
train,Art. 84 Abs. 3 GBV,2,True,law,statute_article,statute_article,True,False,False,False,True,False,True,False
train,Art. 559 ZGB,1,True,law,statute_article,statute_article,False,False,False,True,False,True,True,True
train,Art. 50 Abs. 1 GBV,1,True,law,statute_article,statute_article,True,False,False,False,True,False,True,False
train,Art. 87 Abs. 1 GBV,4,True,law,statute_article,statute_article,True,False,False,True,True,True,True,False
train,Art. 87 GBV,1,True,law,statute_article,statute_article,False,False,False,False,False,False,False,False
train,Art. 50 GBV,1,True,law,statute_article,statute_article,False,False,False,False,False,False,False,False
train,Art. 42 Abs. 1 JStPO,2,True,law,statute_article,statute_article,True,False,False,True,True,True,True,False
train,Art. 8 StPO,1,True,law,statute_article,statute_article,False,True,False,True,False,True,True,True
train,Art. 5 Abs. 1 JStPO,1,True,law,statute_article,statute_article,True,False,False,False,True,False,True,False
train,Art. 10 JStPO,4,True,law,statute_article,statute_article,False,False,False,False,False,False,False,False
train,Art. 31 StPO,1,True,law,statute_article,statute_article,False,False,False,True,False,True,True,True
train,Art. 12 Abs. 1 JStPO,1,True,law,statute_article,statute_article,True,False,False,False,True,False,True,False
train,Art. 168 StPO,1,True,law,statute_article,statute_article,False,False,False,True,False,True,True,True
train,Art. 78 Abs. 5 BV,1,True,law,statute_article,statute_article,True,False,False,True,True,True,True,False
train,Art. 23a NHG,1,True,law,statute_article,statute_article,True,False,False,True,True,True,True,False
train,Art. 18a Abs. 2 NHG,1,True,law,statute_article,statute_article,True,False,False,True,True,True,True,False
train,Art. 52 Abs. 1 ZGB,1,True,law,statute_article,statute_article,True,False,False,True,True,True,True,False
train,Art. 7 Abs. 2 RAG,1,True,law,statute_article,statute_article,True,False,False,False,True,False,True,False
train,Art. 8 RAG,1,True,law,statute_article,statute_article,False,True,False,False,False,True,True,True
train,Art. 5 RAG,1,True,law,statute_article,statute_article,False,True,False,True,False,True,True,True
train,Art. 7 RAG,1,True,law,statute_article,statute_article,False,True,False,True,False,True,True,True
train,Art. 6 RAG,1,True,law,statute_article,statute_article,False,True,False,True,False,True,True,True
train,Art. 9 RAG,1,True,law,statute_article,statute_article,False,True,False,False,False,True,True,True
train,Art. 35 FIDLEG,1,True,law,statute_article,statute_article,False,True,False,False,False,True,True,True
train,Art. 26 FinfraG,2,True,law,statute_article,statute_article,True,True,False,False,True,True,True,False
train,Art. 644 OR,1,True,law,statute_article,statute_article,False,False,False,True,False,True,True,True
train,Art. 3 Abs. 5 FIDLEV,2,True,law,statute_article,statute_article,True,False,False,False,True,False,True,False
train,Art. 27 Abs. 2 BV,1,True,law,statute_article,statute_article,True,False,False,True,True,True,True,False
train,Art. 10 Abs. 1 UVG,1,True,law,statute_article,statute_article,True,False,False,True,True,True,True,False
train,Art. 16 Abs. 2 UVG,1,True,law,statute_article,statute_article,True,False,False,True,True,True,True,False
train,Art. 24 UVG,1,True,law,statute_article,statute_article,False,True,False,True,False,True,True,True
train,Art. 39 UVG,1,True,law,statute_article,statute_article,True,True,False,True,True,True,True,False
train,Art. 50 Abs. 1 UVV,1,True,law,statute_article,statute_article,True,False,False,True,True,True,True,False
train,Art. 50 Abs. 2 UVV,1,True,law,statute_article,statute_article,True,False,False,True,True,True,True,False
train,Art. 244 Abs. 2 ZPO,1,True,law,statute_article,statute_article,True,False,False,True,True,True,True,False
train,Art. 245 Abs. 2 ZPO,2,True,law,statute_article,statute_article,True,False,False,True,True,True,True,False
train,Art. 245 Abs. 1 ZPO,2,True,law,statute_article,statute_article,True,False,False,True,True,True,True,False
train,Art. 56 ZPO,1,True,law,statute_article,statute_article,True,False,False,True,True,True,True,False
train,Art. 779 Abs. 2 ZGB,2,True,law,statute_article,statute_article,True,False,False,True,True,True,True,False
train,Art. 733 ZGB,1,True,law,statute_article,statute_article,True,False,False,True,True,True,True,False
train,Art. 735 Abs. 2 ZGB,1,True,law,statute_article,statute_article,True,False,False,False,True,False,True,False
train,Art. 5 ChemG,3,True,law,statute_article,statute_article,False,True,False,False,False,True,True,True
train,Art. 50 Abs. 1 ChemG,3,True,law,statute_article,statute_article,True,False,False,True,True,True,True,False
train,Art. 50 Abs. 2 ChemG,3,True,law,statute_article,statute_article,True,False,False,False,True,False,True,False
train,Art. 51 ChemG,3,True,law,statute_article,statute_article,True,False,False,False,True,False,True,False
train,Art. 52 Abs. 1 ChemG,3,True,law,statute_article,statute_article,True,False,False,False,True,False,True,False
train,Art. 659 Abs. 5 OR,1,True,law,statute_article,statute_article,False,False,False,False,False,False,False,False
train,Art. 534 Abs. 1 OR,1,True,law,statute_article,statute_article,True,False,False,False,True,False,True,False
train,Art. 112 OR,1,True,law,statute_article,statute_article,False,False,False,True,False,True,True,True
train,Art. 659 Abs. 1 OR,4,True,law,statute_article,statute_article,True,False,False,True,True,True,True,False
train,Art. 659 Abs. 3 OR,1,True,law,statute_article,statute_article,True,False,False,False,True,False,True,False
train,Art. 698 OR,1,True,law,statute_article,statute_article,False,False,False,True,False,True,True,True
train,Art. 698 Abs. 2 OR,2,True,law,statute_article,statute_article,True,False,False,True,True,True,True,False
train,Art. 55 Abs. 1 ZGB,1,True,law,statute_article,statute_article,True,False,False,True,True,True,True,False
train,Art. 721 Abs. 2 OR,1,True,law,statute_article,statute_article,False,False,False,False,False,False,False,False
train,Art. 652 OR,1,True,law,statute_article,statute_article,False,False,False,True,False,True,True,True
train,Art. 736 OR,1,True,law,statute_article,statute_article,False,False,False,True,False,True,True,True
train,Art. 717 Abs. 2 OR,2,True,law,statute_article,statute_article,True,False,False,True,True,True,True,False
train,Art. 149 Abs. 2 IPRG,1,True,law,statute_article,statute_article,True,False,False,False,True,False,True,False
train,Art. 26 IPRG,1,True,law,statute_article,statute_article,True,False,False,True,True,True,True,False
train,Art. 27 Abs. 1 IPRG,2,True,law,statute_article,statute_article,True,False,False,True,True,True,True,False
train,Art. 135 Abs. 2 IPRG,1,True,law,statute_article,statute_article,True,False,False,False,True,False,True,False
train,Art. 2 WG,1,True,law,statute_article,statute_article,False,False,False,False,False,False,False,False
train,Art. 146 StGB,4,True,law,statute_article,statute_article,False,False,False,True,False,True,True,True
train,Art. 37 Abs. 1 GwG,1,True,law,statute_article,statute_article,True,False,False,True,True,True,True,False
train,Art. 560 Abs. 2 ZGB,1,True,law,statute_article,statute_article,True,False,False,True,True,True,True,False
train,Art. 114 Abs. 1 OR,1,True,law,statute_article,statute_article,True,False,False,True,True,True,True,False
train,Art. 114 Abs. 3 OR,1,True,law,statute_article,statute_article,True,False,False,True,True,True,True,False
train,Art. 855 ZGB,2,True,law,statute_article,statute_article,True,False,False,True,True,True,True,False
train,Art. 864 ZGB,2,True,law,statute_article,statute_article,False,False,False,True,False,True,True,True
train,Art. 231 StGB,1,True,law,statute_article,statute_article,True,True,False,True,True,True,True,False
train,Art. 217 StPO,2,True,law,statute_article,statute_article,False,False,False,True,False,True,True,True
train,Art. 18 VFP,1,True,law,statute_article,statute_article,False,False,False,False,False,False,False,False
train,Art. 965 OR,2,True,law,statute_article,statute_article,True,False,False,True,True,True,True,False
train,Art. 993 Abs. 2 OR,1,True,law,statute_article,statute_article,True,False,False,False,True,False,True,False
train,Art. 1018 Abs. 1 OR,1,True,law,statute_article,statute_article,True,False,False,False,True,False,True,False
train,Art. 1011 OR,1,True,law,statute_article,statute_article,True,False,False,False,True,False,True,False
train,Art. 1028 OR,1,True,law,statute_article,statute_article,False,True,False,False,False,True,True,True
train,Art. 1015 Abs. 1 OR,1,True,law,statute_article,statute_article,True,False,False,True,True,True,True,False
train,Art. 1033 Abs. 2 OR,1,True,law,statute_article,statute_article,True,False,False,False,True,False,True,False
train,Art. 991 OR,1,True,law,statute_article,statute_article,True,False,False,False,True,False,True,False
train,Art. 1085 OR,1,True,law,statute_article,statute_article,False,False,False,False,False,False,False,False
train,Art. 992 Abs. 1 OR,1,True,law,statute_article,statute_article,True,False,False,False,True,False,True,False
train,Art. 1000 OR,1,True,law,statute_article,statute_article,True,True,False,False,True,True,True,False
train,Art. 990 OR,1,True,law,statute_article,statute_article,True,True,False,False,True,True,True,False
train,Art. 12 ZGB,1,True,law,statute_article,statute_article,True,False,False,True,True,True,True,False
train,Art. 1001 Abs. 1 OR,1,True,law,statute_article,statute_article,True,False,False,False,True,False,True,False
train,Art. 1006 Abs. 2 OR,1,True,law,statute_article,statute_article,True,False,False,True,True,True,True,False
train,Art. 26a VStV,1,True,law,statute_article,statute_article,False,False,False,True,False,True,True,True
train,Art. 130 Abs. 4 BGG,1,True,law,statute_article,statute_article,True,False,False,True,True,True,True,False
train,Art. 47 Abs. 1 BV,1,True,law,statute_article,statute_article,True,False,False,False,True,False,True,False
train,Art. 321e OR,1,True,law,statute_article,statute_article,False,True,False,True,False,True,True,True
train,Art. 321e Abs. 2 OR,1,True,law,statute_article,statute_article,True,False,False,True,True,True,True,False
train,Art. 2 Abs. 1 KGTG,3,True,law,statute_article,statute_article,True,True,False,False,True,True,True,False
train,Art. 100 AIG,2,True,law,statute_article,statute_article,False,True,False,False,False,True,True,True
train,Art. 29 URG,1,True,law,statute_article,statute_article,False,False,False,True,False,True,True,True
train,Art. 10 Abs. 1 URG,3,True,law,statute_article,statute_article,True,False,False,True,True,True,True,False
train,Art. 7 URG,1,True,law,statute_article,statute_article,False,True,False,True,False,True,True,True
train,Art. 67 Abs. 1 URG,1,True,law,statute_article,statute_article,True,False,False,True,True,True,True,False
train,Art. 63 URG,1,True,law,statute_article,statute_article,False,False,False,True,False,True,True,True
train,Art. 26 KVG,1,True,law,statute_article,statute_article,True,True,False,True,True,True,True,False
train,Art. 321 Abs. 1 ZPO,1,True,law,statute_article,statute_article,True,False,False,True,True,True,True,False
train,Art. 142 Abs. 1 ZPO,1,True,law,statute_article,statute_article,True,False,False,True,True,True,True,False
train,Art. 145 Abs. 1 ZPO,1,True,law,statute_article,statute_article,True,False,False,True,True,True,True,False
train,Art. 145 Abs. 2 ZPO,1,True,law,statute_article,statute_article,True,False,False,True,True,True,True,False
train,Art. 143 Abs. 1 ZPO,1,True,law,statute_article,statute_article,True,False,False,True,True,True,True,False
train,Art. 1 Abs. 1 MSchG,2,True,law,statute_article,statute_article,True,False,False,True,True,True,True,False
train,Art. 3 MSchG,1,True,law,statute_article,statute_article,False,False,False,True,False,True,True,True
train,Art. 136 IPRG,2,True,law,statute_article,statute_article,False,True,False,True,False,True,True,True
train,Art. 2 Abs. 1 FIDLEV,1,True,law,statute_article,statute_article,True,False,False,False,True,False,True,False
train,Art. 3 Abs. 3 FIDLEV,2,True,law,statute_article,statute_article,True,False,False,False,True,False,True,False
train,Art. 3 Abs. 2 FIDLEV,2,True,law,statute_article,statute_article,True,False,False,False,True,False,True,False
train,Art. 77 FIDLEG,2,True,law,statute_article,statute_article,True,True,False,False,True,True,True,False
train,Art. 187 Abs. 1 ZGB,1,True,law,statute_article,statute_article,True,False,False,False,True,False,True,False
train,Art. 514 ZGB,1,True,law,statute_article,statute_article,True,False,False,False,True,False,True,False
train,Art. 469 ZGB,1,True,law,statute_article,statute_article,False,False,False,True,False,True,True,True
train,Art. 354 StPO,1,True,law,statute_article,statute_article,False,False,False,True,False,True,True,True
train,Art. 68 Abs. 2 StPO,1,True,law,statute_article,statute_article,True,False,False,True,True,True,True,False
train,Art. 5 Abs. 3 BV,2,True,law,statute_article,statute_article,True,False,False,True,True,True,True,False
train,Art. 693 Abs. 1 OR,1,True,law,statute_article,statute_article,True,False,False,True,True,True,True,False
train,Art. 693 Abs. 2 OR,1,True,law,statute_article,statute_article,True,False,False,False,True,False,True,False
train,Art. 502 ZGB,1,True,law,statute_article,statute_article,False,False,False,True,False,True,True,True
train,Art. 184 ZGB,5,True,law,statute_article,statute_article,True,False,False,True,True,True,True,False
train,Art. 499 ZGB,1,True,law,statute_article,statute_article,True,False,False,True,True,True,True,False
train,Art. 502 Abs. 1 ZGB,1,True,law,statute_article,statute_article,True,False,False,True,True,True,True,False
train,Art. 10 ATSG,3,True,law,statute_article,statute_article,True,True,False,True,True,True,True,False
train,BGE 133 I 259 E. 2.2,1,True,court,bge,court_bge,False,False,True,True,True,True,True,False
train,Art. 12 BGFA,2,True,law,statute_article,statute_article,True,True,False,True,True,True,True,False
train,Art. 157 ZPO,1,True,law,statute_article,statute_article,True,False,False,True,True,True,True,False
train,Art. 3 BankG,2,True,law,statute_article,statute_article,False,False,False,True,False,True,True,True
train,Art. 40e PatG,2,True,law,statute_article,statute_article,False,True,False,True,False,True,True,True
train,Art. 667 Abs. 2 ZGB,2,True,law,statute_article,statute_article,True,False,False,True,True,True,True,False
train,Art. 3 Abs. 1 StHG,1,True,law,statute_article,statute_article,True,False,False,True,True,True,True,False
train,Art. 3 Abs. 2 StHG,1,True,law,statute_article,statute_article,True,False,False,True,True,True,True,False
train,Art. 8 Abs. 1 StHG,1,True,law,statute_article,statute_article,True,False,False,True,True,True,True,False
train,BGE 138 II 300 E. 3.2,1,True,court,bge,court_bge,False,False,True,True,True,True,True,False
train,Art. 517 Abs. 3 ZGB,1,True,law,statute_article,statute_article,True,False,False,True,True,True,True,False
train,Art. 2 Abs. 1 VAG,1,True,law,statute_article,statute_article,True,False,False,False,True,False,True,False
train,Art. 1 Abs. 1 AVO,1,True,law,statute_article,statute_article,True,False,False,False,True,False,True,False
train,Art. 1 JStPO,3,True,law,statute_article,statute_article,True,False,False,True,True,True,True,False
train,Art. 3 Abs. 2 JStG,1,True,law,statute_article,statute_article,True,True,False,True,True,True,True,False
train,Art. 62 Abs. 1 AIG,3,True,law,statute_article,statute_article,True,True,False,True,True,True,True,False
train,Art. 90 AIG,1,True,law,statute_article,statute_article,True,True,False,True,True,True,True,False
train,Art. 8 Abs. 1 AsylG,1,True,law,statute_article,statute_article,True,False,False,True,True,True,True,False
train,Art. 96 Abs. 1 AIG,1,True,law,statute_article,statute_article,True,True,False,True,True,True,True,False
train,Art. 62 Abs. 2 AIG,1,True,law,statute_article,statute_article,True,True,False,True,True,True,True,False
train,Art. 204 Abs. 1 ZGB,2,True,law,statute_article,statute_article,True,False,False,True,True,True,True,False
train,Art. 457 Abs. 2 ZGB,1,True,law,statute_article,statute_article,True,False,False,True,True,True,True,False
train,Art. 494 Abs. 1 ZGB,2,True,law,statute_article,statute_article,True,False,False,True,True,True,True,False
train,Art. 509 Abs. 1 ZGB,1,True,law,statute_article,statute_article,True,False,False,True,True,True,True,False
train,Art. 216 ZGB,4,True,law,statute_article,statute_article,False,False,False,True,False,True,True,True
train,Art. 241 ZGB,2,True,law,statute_article,statute_article,False,False,False,True,False,True,True,True
train,Art. 82 Abs. 3 BVG,1,True,law,statute_article,statute_article,True,False,False,False,True,False,True,False
train,Art. 476 Abs. 1 ZGB,1,True,law,statute_article,statute_article,True,False,False,False,True,False,True,False
train,Art. 476 Abs. 2 ZGB,1,True,law,statute_article,statute_article,True,False,False,False,True,False,True,False
train,Art. 2 PatG,1,True,law,statute_article,statute_article,False,True,False,True,False,True,True,True
train,Art. 7 Abs. 2 PatG,1,True,law,statute_article,statute_article,True,True,False,True,True,True,True,False
train,Art. 1 Abs. 2 PatG,1,True,law,statute_article,statute_article,True,False,False,True,True,True,True,False
train,Art. 50 PatG,1,True,law,statute_article,statute_article,False,True,False,True,False,True,True,True
train,Art. 1 Abs. 1 PatG,1,True,law,statute_article,statute_article,True,False,False,True,True,True,True,False
train,Art. 59 Abs. 1 PatG,1,True,law,statute_article,statute_article,True,True,False,False,True,True,True,False
train,Art. 50 Abs. 1 OR,1,True,law,statute_article,statute_article,True,False,False,True,True,True,True,False
train,Art. 9 Abs. 2 DesG,2,True,law,statute_article,statute_article,True,False,False,True,True,True,True,False
train,Art. 973 Abs. 1 ZGB,6,True,law,statute_article,statute_article,True,False,False,True,True,True,True,False
train,Art. 1 StGB,1,True,law,statute_article,statute_article,True,False,False,True,True,True,True,False
train,Art. 30 Abs. 1 AsylV 1,1,True,law,statute_article,statute_article,True,True,False,False,True,True,True,False
train,Art. 71a Abs. 1 VZAE,1,True,law,statute_article,statute_article,True,True,False,False,True,True,True,False
train,Art. 71a Abs. 3 VZAE,1,True,law,statute_article,statute_article,True,False,False,False,True,False,True,False
train,Art. 27 FinfraG,1,True,law,statute_article,statute_article,False,True,False,True,False,True,True,True
train,Art. 141 Abs. 2 ParlG,2,True,law,statute_article,statute_article,True,False,False,True,True,True,True,False
train,Art. 224 Abs. 2 StPO,1,True,law,statute_article,statute_article,True,False,False,True,True,True,True,False
train,Art. 255 Abs. 2 StPO,1,True,law,statute_article,statute_article,True,False,False,True,True,True,True,False
train,Art. 80 ZGB,1,True,law,statute_article,statute_article,True,True,False,True,True,True,True,False
train,Art. 208 ZGB,2,True,law,statute_article,statute_article,False,False,False,True,False,True,True,True
train,Art. 52 ZGB,1,True,law,statute_article,statute_article,False,True,False,True,False,True,True,True
train,Art. 9 JStPO,3,True,law,statute_article,statute_article,False,True,False,False,False,True,True,True
train,Art. 5 JStG,2,True,law,statute_article,statute_article,True,False,False,True,True,True,True,False
train,Art. 29 Abs. 1 JStPO,1,True,law,statute_article,statute_article,True,False,False,True,True,True,True,False
train,Art. 725 Abs. 2 OR,2,True,law,statute_article,statute_article,True,True,False,True,True,True,True,False
train,Art. 725 OR,2,True,law,statute_article,statute_article,False,False,False,True,False,True,True,True
train,Art. 725a OR,1,True,law,statute_article,statute_article,False,True,False,True,False,True,True,True
train,Art. 64 OR,2,True,law,statute_article,statute_article,True,True,False,True,True,True,True,False
train,Art. 729b Abs. 2 OR,1,True,law,statute_article,statute_article,True,False,False,True,True,True,True,False
train,BGE 126 III 10 E. 2b,1,True,court,bge,court_bge,False,False,True,True,True,True,True,False
train,BGE 127 III 73 E. 4a,1,True,court,bge,court_bge,False,False,True,True,True,True,True,False
train,Art. 206 ZGB,1,True,law,statute_article,statute_article,False,False,False,True,False,True,True,True
train,Art. 209 ZGB,1,True,law,statute_article,statute_article,False,False,False,True,False,True,True,True
train,Art. 653c Abs. 2 OR,1,True,law,statute_article,statute_article,True,False,False,True,True,True,True,False
train,Art. 30 KVG,1,True,law,statute_article,statute_article,True,False,False,False,True,False,True,False
train,Art. 119 StGB,1,True,law,statute_article,statute_article,False,True,False,True,False,True,True,True
train,Art. 29 OR,1,True,law,statute_article,statute_article,False,False,False,True,False,True,True,True
train,Art. 21 AIG,1,True,law,statute_article,statute_article,False,True,False,True,False,True,True,True
train,Art. 20 Abs. 2 AIG,1,True,law,statute_article,statute_article,True,False,False,False,True,False,True,False
train,Art. 116 AsylG,2,True,law,statute_article,statute_article,True,False,False,True,True,True,True,False
train,Art. 105 Abs. 2 StGB,1,True,law,statute_article,statute_article,True,False,False,True,True,True,True,False
train,Art. 62c Abs. 1 StGB,1,True,law,statute_article,statute_article,True,False,False,True,True,True,True,False
train,Art. 63b Abs. 2 StGB,1,True,law,statute_article,statute_article,True,True,False,True,True,True,True,False
train,Art. 86 IPRG,1,True,law,statute_article,statute_article,False,True,False,True,False,True,True,True
train,Art. 90 IPRG,2,True,law,statute_article,statute_article,False,True,False,True,False,True,True,True
train,Art. 66 ZPO,1,True,law,statute_article,statute_article,True,False,False,True,True,True,True,False
train,Art. 12 ZPO,2,True,law,statute_article,statute_article,True,False,False,True,True,True,True,False
train,Art. 14 Abs. 5 AHVG,1,True,law,statute_article,statute_article,True,False,False,False,True,False,True,False
train,Art. 34d Abs. 1 AHVV,2,True,law,statute_article,statute_article,True,False,False,True,True,True,True,False
train,Art. 34d Abs. 2 AHVV,2,True,law,statute_article,statute_article,True,False,False,False,True,False,True,False
train,Art. 34 ZPO,1,True,law,statute_article,statute_article,False,True,False,True,False,True,True,True
train,Art. 35 Abs. 1 ZPO,2,True,law,statute_article,statute_article,True,False,False,False,True,False,True,False
train,Art. 12 JStG,2,True,law,statute_article,statute_article,False,True,False,True,False,True,True,True
train,Art. 13 JStG,2,True,law,statute_article,statute_article,False,True,False,True,False,True,True,True
train,Art. 14 JStG,1,True,law,statute_article,statute_article,False,True,False,True,False,True,True,True
train,Art. 13 Abs. 2 JStG,1,True,law,statute_article,statute_article,True,False,False,False,True,False,True,False
train,Art. 13 Abs. 1 JStG,1,True,law,statute_article,statute_article,True,False,False,True,True,True,True,False
train,Art. 12 JStPO,1,True,law,statute_article,statute_article,False,True,False,False,False,True,True,True
train,Art. 14 Abs. 1 JStG,1,True,law,statute_article,statute_article,True,False,False,True,True,True,True,False
train,BGE 133 III 189 E. 6.1.2,1,True,court,bge,court_bge,False,False,True,False,True,False,True,False
train,Art. 78 Abs. 1 SchKG,1,True,law,statute_article,statute_article,True,False,False,True,True,True,True,False
train,Art. 80 Abs. 1 SchKG,1,True,law,statute_article,statute_article,True,False,False,True,True,True,True,False
train,Art. 325 Abs. 1 ZPO,1,True,law,statute_article,statute_article,True,False,False,True,True,True,True,False
train,Art. 126 Abs. 1 ZPO,1,True,law,statute_article,statute_article,True,False,False,True,True,True,True,False
train,Art. 682 ZGB,1,True,law,statute_article,statute_article,False,True,False,True,False,True,True,True
train,Art. 681a Abs. 2 ZGB,3,True,law,statute_article,statute_article,True,False,False,True,True,True,True,False
train,Art. 681a ZGB,1,True,law,statute_article,statute_article,False,False,False,True,False,True,True,True
train,Art. 681a Abs. 3 ZGB,3,True,law,statute_article,statute_article,True,False,False,True,True,True,True,False
train,Art. 34 Abs. 1 IPRG,1,True,law,statute_article,statute_article,True,False,False,False,True,False,True,False
train,Art. 53 FINMAG,1,True,law,statute_article,statute_article,True,False,False,True,True,True,True,False
train,Art. 25a VwVG,4,True,law,statute_article,statute_article,False,False,False,True,False,True,True,True
train,Art. 31 Abs. 1 DBG,1,True,law,statute_article,statute_article,True,True,False,True,True,True,True,False
train,Art. 24 DBG,2,True,law,statute_article,statute_article,True,False,False,True,True,True,True,False
train,Art. 25a Abs. 1 VwVG,1,True,law,statute_article,statute_article,True,False,False,True,True,True,True,False
train,Art. 25a Abs. 2 VwVG,1,True,law,statute_article,statute_article,True,False,False,True,True,True,True,False
train,BGE 146 I 145 E. 4.2,1,True,court,bge,court_bge,False,False,True,True,True,True,True,False
train,BGE 146 I 145 E. 4.4,1,True,court,bge,court_bge,False,False,True,True,True,True,True,False
train,Art. 25 Abs. 2 KVG,1,True,law,statute_article,statute_article,True,True,False,True,True,True,True,False
train,Art. 46 Abs. 2 URG,1,True,law,statute_article,statute_article,True,True,False,True,True,True,True,False
train,Art. 74 Abs. 1 URG,1,True,law,statute_article,statute_article,True,False,False,True,True,True,True,False
train,BGE 141 III 513 E. 5.3.1,1,True,court,bge,court_bge,False,False,True,True,True,True,True,False
train,Art. 19 AHVV,1,True,law,statute_article,statute_article,True,True,False,True,True,True,True,False
train,Art. 681a Abs. 1 ZGB,2,True,law,statute_article,statute_article,True,False,False,True,True,True,True,False
train,Art. 77 Abs. 1 OR,1,True,law,statute_article,statute_article,True,False,False,True,True,True,True,False
train,Art. 972 Abs. 2 ZGB,5,True,law,statute_article,statute_article,True,False,False,True,True,True,True,False
train,Art. 948 Abs. 1 ZGB,4,True,law,statute_article,statute_article,True,False,False,True,True,True,True,False
train,Art. 81 Abs. 1 GBV,3,True,law,statute_article,statute_article,True,False,False,False,True,False,True,False
train,Art. 793 Abs. 1 ZGB,1,True,law,statute_article,statute_article,True,False,False,True,True,True,True,False
train,Art. 116 OR,1,True,law,statute_article,statute_article,False,False,False,True,False,True,True,True
train,Art. 858 Abs. 1 ZGB,2,True,law,statute_article,statute_article,True,False,False,False,True,False,True,False
train,Art. 104 Abs. 1 GBV,1,True,law,statute_article,statute_article,True,False,False,False,True,False,True,False
train,Art. 39 KVG,1,True,law,statute_article,statute_article,False,True,False,True,False,True,True,True
train,Art. 39 Abs. 1 KVG,1,True,law,statute_article,statute_article,True,True,False,True,True,True,True,False
train,Art. 49a Abs. 4 KVG,1,True,law,statute_article,statute_article,True,True,False,True,True,True,True,False
train,Art. 26 BetmG,2,True,law,statute_article,statute_article,True,False,False,True,True,True,True,False
train,Art. 333 Abs. 1 StGB,1,True,law,statute_article,statute_article,True,False,False,True,True,True,True,False
train,Art. 116 Abs. 1 OR,1,True,law,statute_article,statute_article,True,False,False,True,True,True,True,False
train,Art. 884 ZGB,1,True,law,statute_article,statute_article,False,False,False,True,False,True,True,True
train,Art. 863 Abs. 1 ZGB,1,True,law,statute_article,statute_article,True,False,False,False,True,False,True,False
train,Art. 859 ZGB,1,True,law,statute_article,statute_article,False,False,False,True,False,True,True,True
train,Art. 702 Abs. 2 OR,1,True,law,statute_article,statute_article,True,False,False,True,True,True,True,False
train,Art. 701 Abs. 1 OR,1,True,law,statute_article,statute_article,True,False,False,True,True,True,True,False
train,Art. 15 Abs. 2 LugÜ,1,True,law,statute_article,statute_article,False,False,False,False,False,False,False,False
train,Art. 15 Abs. 1 LugÜ,1,True,law,statute_article,statute_article,False,False,False,False,False,False,False,False
train,Art. 16 Abs. 1 LugÜ,1,True,law,statute_article,statute_article,False,False,False,False,False,False,False,False
train,Art. 64 Abs. 1 LugÜ,1,True,law,statute_article,statute_article,False,False,False,False,False,False,False,False
train,Art. 24 LugÜ,1,True,law,statute_article,statute_article,False,False,False,False,False,False,False,False
train,Art. 60a Abs. 1 GSchG,1,True,law,statute_article,statute_article,True,False,False,True,True,True,True,False
train,Art. 60a GSchG,1,True,law,statute_article,statute_article,False,False,False,True,False,True,True,True
train,Art. 7 Abs. 2 GSchG,1,True,law,statute_article,statute_article,True,False,False,True,True,True,True,False
train,Art. 60a Abs. 2 GSchG,1,True,law,statute_article,statute_article,True,False,False,True,True,True,True,False
train,Art. 16b EOG,1,True,law,statute_article,statute_article,False,True,False,True,False,True,True,True
train,Art. 81 Abs. 2 BVG,1,True,law,statute_article,statute_article,True,False,False,True,True,True,True,False
train,Art. 970 ZGB,1,True,law,statute_article,statute_article,False,False,False,True,False,True,True,True
train,Art. 970 Abs. 2 ZGB,1,True,law,statute_article,statute_article,True,True,False,True,True,True,True,False
train,Art. 970 Abs. 1 ZGB,2,True,law,statute_article,statute_article,True,False,False,True,True,True,True,False
train,Art. 78 Abs. 1 OR,1,True,law,statute_article,statute_article,True,False,False,True,True,True,True,False
train,Art. 3 Abs. 1 KGTG,1,True,law,statute_article,statute_article,True,True,False,False,True,True,True,False
train,Art. 5 Abs. 1 KGTG,1,True,law,statute_article,statute_article,True,False,False,False,True,False,True,False
train,Art. 657 Abs. 1 ZGB,3,True,law,statute_article,statute_article,True,False,False,True,True,True,True,False
train,Art. 216 Abs. 1 OR,2,True,law,statute_article,statute_article,True,False,False,True,True,True,True,False
train,Art. 948 ZGB,1,True,law,statute_article,statute_article,False,False,False,False,False,False,False,False
train,Art. 81 GBV,2,True,law,statute_article,statute_article,False,False,False,False,False,False,False,False
train,Art. 967 ZGB,1,True,law,statute_article,statute_article,False,False,False,False,False,False,False,False
train,Art. 89 Abs. 3 GBV,1,True,law,statute_article,statute_article,True,False,False,False,True,False,True,False
train,Art. 79 Abs. 1 ZPO,1,True,law,statute_article,statute_article,True,False,False,True,True,True,True,False
train,Art. 77 ZPO,1,True,law,statute_article,statute_article,True,True,False,True,True,True,True,False
train,Art. 16 ZPO,1,True,law,statute_article,statute_article,True,False,False,True,True,True,True,False
train,Art. 120 FinfraG,2,True,law,statute_article,statute_article,False,True,False,True,False,True,True,True
train,Art. 151 Abs. 1 FinfraG,2,True,law,statute_article,statute_article,True,False,False,False,True,False,True,False
train,Art. 34 Abs. 1 RPV,2,True,law,statute_article,statute_article,False,False,False,True,False,True,True,True
train,Art. 37 Abs. 2 RPV,1,True,law,statute_article,statute_article,True,False,False,True,True,True,True,False
train,Art. 16a Abs. 2 RPG,1,True,law,statute_article,statute_article,True,True,False,True,True,True,True,False
train,Art. 37 Abs. 1 RPV,1,True,law,statute_article,statute_article,True,False,False,True,True,True,True,False
train,Art. 34 Abs. 4 RPV,2,True,law,statute_article,statute_article,False,True,False,True,False,True,True,True
train,Art. 1 Abs. 2 RPG,2,True,law,statute_article,statute_article,True,False,False,True,True,True,True,False
train,Art. 6 URG,5,True,law,statute_article,statute_article,True,True,False,True,True,True,True,False
train,Art. 363 Abs. 3 StPO,1,True,law,statute_article,statute_article,True,False,False,True,True,True,True,False
train,Art. 513 ZGB,1,True,law,statute_article,statute_article,False,False,False,True,False,True,True,True
train,Art. 494 Abs. 3 ZGB,1,True,law,statute_article,statute_article,True,False,False,True,True,True,True,False
train,Art. 527 Abs. 4 ZGB,1,True,law,statute_article,statute_article,False,False,False,True,False,True,True,True
train,Art. 241 Abs. 2 ZGB,3,True,law,statute_article,statute_article,True,False,False,True,True,True,True,False
train,Art. 236 Abs. 1 ZGB,1,True,law,statute_article,statute_article,True,False,False,False,True,False,True,False
train,Art. 494 ZGB,1,True,law,statute_article,statute_article,False,False,False,True,False,True,True,True
train,Art. 27 Abs. 2 ZGB,2,True,law,statute_article,statute_article,True,False,False,True,True,True,True,False
train,Art. 222 ZGB,2,True,law,statute_article,statute_article,False,False,False,True,False,True,True,True
train,Art. 706 Abs. 1 OR,1,True,law,statute_article,statute_article,True,False,False,True,True,True,True,False
train,Art. 42 BV,1,True,law,statute_article,statute_article,False,False,False,True,False,True,True,True
train,Art. 116 Abs. 3 BV,1,True,law,statute_article,statute_article,True,False,False,True,True,True,True,False
train,Art. 50 DBG,1,True,law,statute_article,statute_article,True,True,False,True,True,True,True,False
train,Art. 143 Abs. 1 FinfraG,1,True,law,statute_article,statute_article,True,False,False,False,True,False,True,False
train,Art. 126 FinfraV,1,True,law,statute_article,statute_article,False,False,False,False,False,False,False,False
train,Art. 285 Abs. 2 ZGB,1,True,law,statute_article,statute_article,True,False,False,True,True,True,True,False
train,Art. 75 Abs. 2 SchKG,1,True,law,statute_article,statute_article,True,False,False,True,True,True,True,False
train,Art. 74 Abs. 1 SchKG,1,True,law,statute_article,statute_article,True,False,False,True,True,True,True,False
train,Art. 265a Abs. 1 SchKG,1,True,law,statute_article,statute_article,True,False,False,True,True,True,True,False
train,Art. 251 ZPO,1,True,law,statute_article,statute_article,True,True,False,True,True,True,True,False
train,Art. 52 Abs. 2 VwVG,1,True,law,statute_article,statute_article,True,False,False,True,True,True,True,False
train,Art. 52 Abs. 3 VwVG,1,True,law,statute_article,statute_article,True,False,False,True,True,True,True,False
train,Art. 271 StGB,3,True,law,statute_article,statute_article,False,False,False,True,False,True,True,True
train,Art. 3 Abs. 3 IRSG,1,True,law,statute_article,statute_article,True,False,False,True,True,True,True,False
train,Art. 17 SchKG,3,True,law,statute_article,statute_article,False,True,False,True,False,True,True,True
train,Art. 112 Abs. 1 SchKG,1,True,law,statute_article,statute_article,True,False,False,True,True,True,True,False
train,Art. 20a Abs. 2 SchKG,2,True,law,statute_article,statute_article,True,False,False,True,True,True,True,False
train,Art. 4 Abs. 2 SchKG,1,True,law,statute_article,statute_article,True,False,False,True,True,True,True,False
train,Art. 22 SchKG,1,True,law,statute_article,statute_article,False,True,False,True,False,True,True,True
train,Art. 97 Abs. 1 SchKG,1,True,law,statute_article,statute_article,True,False,False,True,True,True,True,False
train,Art. 97 Abs. 2 SchKG,1,True,law,statute_article,statute_article,True,False,False,True,True,True,True,False
train,Art. 95 SchKG,1,True,law,statute_article,statute_article,False,False,False,True,False,True,True,True
train,Art. 9 Abs. 2 VZG,1,True,law,statute_article,statute_article,True,False,False,True,True,True,True,False
train,Art. 7 VStrR,1,True,law,statute_article,statute_article,False,True,False,True,False,True,True,True
train,Art. 181 DBG,1,True,law,statute_article,statute_article,False,False,False,True,False,True,True,True
train,Art. 57 StHG,1,True,law,statute_article,statute_article,False,False,False,False,False,False,False,False
train,Art. 189 Abs. 3 ZPO,1,True,law,statute_article,statute_article,True,False,False,True,True,True,True,False
train,Art. 10 Abs. 2 URG,9,True,law,statute_article,statute_article,True,False,False,True,True,True,True,False
train,Art. 10 Abs. 3 URG,1,True,law,statute_article,statute_article,True,True,False,False,True,True,True,False
train,Art. 470 ZGB,3,True,law,statute_article,statute_article,False,False,False,True,False,True,True,True
train,Art. 216 Abs. 3 ZGB,1,True,law,statute_article,statute_article,True,False,False,False,True,False,True,False
train,Art. 3a BankG,1,True,law,statute_article,statute_article,True,False,False,True,True,True,True,False
train,Art. 129 Abs. 1 StPO,1,True,law,statute_article,statute_article,True,False,False,True,True,True,True,False
train,Art. 17 DSG,2,True,law,statute_article,statute_article,False,True,False,True,False,True,True,True
train,Art. 5 Abs. 1 DSG,1,True,law,statute_article,statute_article,False,False,False,True,False,True,True,True
train,Art. 265a Abs. 4 SchKG,1,True,law,statute_article,statute_article,True,False,False,True,True,True,True,False
train,Art. 77b StGB,1,True,law,statute_article,statute_article,False,True,False,True,False,True,True,True
train,Art. 79a StGB,1,True,law,statute_article,statute_article,False,False,False,True,False,True,True,True
train,Art. 79 StGB,1,True,law,statute_article,statute_article,False,False,False,True,False,True,True,True
train,Art. 41 Abs. 1 StGB,2,True,law,statute_article,statute_article,True,False,False,True,True,True,True,False
train,Art. 190 Abs. 2 IPRG,2,True,law,statute_article,statute_article,True,False,False,True,True,True,True,False
train,Art. 3 Abs. 1 ZGB,3,True,law,statute_article,statute_article,True,False,False,True,True,True,True,False
train,Art. 976 OR,1,True,law,statute_article,statute_article,True,False,False,False,True,False,True,False
train,Art. 170 Abs. 2 OR,1,True,law,statute_article,statute_article,True,False,False,True,True,True,True,False
train,Art. 90 Abs. 1 OR,1,True,law,statute_article,statute_article,True,False,False,False,True,False,True,False
train,Art. 209 Abs. 2 ZGB,1,True,law,statute_article,statute_article,True,False,False,True,True,True,True,False
train,Art. 730 Abs. 2 ZGB,1,True,law,statute_article,statute_article,True,False,False,True,True,True,True,False
train,Art. 791 Abs. 1 ZGB,1,True,law,statute_article,statute_article,True,False,False,True,True,True,True,False
train,Art. 791 Abs. 2 ZGB,1,True,law,statute_article,statute_article,True,False,False,False,True,False,True,False
train,Art. 15 IPRG,2,True,law,statute_article,statute_article,False,False,False,True,False,True,True,True
train,Art. 15 Abs. 2 IPRG,1,True,law,statute_article,statute_article,True,False,False,True,True,True,True,False
train,Art. 19 BetmG,2,True,law,statute_article,statute_article,False,True,False,True,False,True,True,True
train,Art. 66a Abs. 2 StGB,2,True,law,statute_article,statute_article,True,False,False,True,True,True,True,False
train,BGE 144 I 266 E. 3.9,1,True,court,bge,court_bge,False,False,True,True,True,True,True,False
train,Art. 395 Abs. 4 ZGB,2,True,law,statute_article,statute_article,True,False,False,False,True,False,True,False
train,Art. 18 ZGB,1,True,law,statute_article,statute_article,True,False,False,True,True,True,True,False
train,Art. 977 ZGB,2,True,law,statute_article,statute_article,False,False,False,True,False,True,True,True
train,Art. 962 Abs. 1 ZGB,2,True,law,statute_article,statute_article,True,False,False,True,True,True,True,False
train,Art. 53 Abs. 2 GBV,1,True,law,statute_article,statute_article,True,False,False,True,True,True,True,False
train,Art. 129 GBV,1,True,law,statute_article,statute_article,False,False,False,False,False,False,False,False
train,Art. 129 Abs. 3 GBV,1,True,law,statute_article,statute_article,True,False,False,False,True,False,True,False
train,Art. 129 Abs. 2 GBV,2,True,law,statute_article,statute_article,True,False,False,False,True,False,True,False
train,Art. 16 Abs. 1 GeoIG,2,True,law,statute_article,statute_article,True,False,False,False,True,False,True,False
train,Art. 16 Abs. 2 GeoIG,1,True,law,statute_article,statute_article,True,False,False,False,True,False,True,False
train,Art. 2 Abs. 3 AIG,1,True,law,statute_article,statute_article,True,False,False,False,True,False,True,False
train,Art. 10 ArG,1,True,law,statute_article,statute_article,False,False,False,True,False,True,True,True
train,Art. 16 ArG,1,True,law,statute_article,statute_article,True,False,False,True,True,True,True,False
train,Art. 17 ArG,1,True,law,statute_article,statute_article,False,True,False,True,False,True,True,True
train,Art. 27 ArG,1,True,law,statute_article,statute_article,False,False,False,True,False,True,True,True
train,Art. 17 Abs. 6 ArG,1,True,law,statute_article,statute_article,True,False,False,False,True,False,True,False
train,Art. 2 FIDLEG,1,True,law,statute_article,statute_article,False,False,False,False,False,False,False,False
train,Art. 8 AsylG,1,True,law,statute_article,statute_article,False,False,False,True,False,True,True,True
train,Art. 58 SVG,1,True,law,statute_article,statute_article,False,True,False,True,False,True,True,True
train,Art. 5 Abs. 2 KFG,1,True,law,statute_article,statute_article,True,False,False,False,True,False,True,False
train,Art. 96 BGG,1,True,law,statute_article,statute_article,True,False,False,True,True,True,True,False
train,Art. 16 Abs. 1 IPRG,1,True,law,statute_article,statute_article,True,False,False,True,True,True,True,False
train,Art. 24 JStPO,1,True,law,statute_article,statute_article,True,False,False,True,True,True,True,False
train,Art. 6 Abs. 2 NHG,2,True,law,statute_article,statute_article,True,True,False,True,True,True,True,False
train,Art. 31 DBG,1,True,law,statute_article,statute_article,False,False,False,True,False,True,True,True
train,Art. 7 Abs. 6 USG,2,True,law,statute_article,statute_article,True,True,False,True,True,True,True,False
train,Art. 301a Abs. 2 ZGB,2,True,law,statute_article,statute_article,True,False,False,True,True,True,True,False
train,Art. 16 FINIG,1,True,law,statute_article,statute_article,True,True,False,False,True,True,True,False
train,Art. 78 FIDLEG,2,True,law,statute_article,statute_article,False,False,False,False,False,False,False,False
train,Art. 36a Abs. 1 KKG,1,True,law,statute_article,statute_article,True,False,False,False,True,False,True,False
train,Art. 36a Abs. 2 KKG,1,True,law,statute_article,statute_article,True,False,False,False,True,False,True,False
train,Art. 36a Abs. 3 KKG,1,True,law,statute_article,statute_article,True,False,False,False,True,False,True,False
train,Art. 36a KKG,1,True,law,statute_article,statute_article,False,False,False,False,False,False,False,False
train,Art. 6 Abs. 1 NHG,1,True,law,statute_article,statute_article,True,False,False,True,True,True,True,False
train,Art. 2 NHG,2,True,law,statute_article,statute_article,False,True,False,True,False,True,True,True
train,Art. 2 Abs. 1 NHG,2,True,law,statute_article,statute_article,True,False,False,True,True,True,True,False
train,Art. 7 Abs. 2 NHG,1,True,law,statute_article,statute_article,True,False,False,True,True,True,True,False
train,Art. 675 Abs. 1 ZGB,1,True,law,statute_article,statute_article,True,False,False,True,True,True,True,False
train,Art. 779l Abs. 1 ZGB,1,True,law,statute_article,statute_article,True,False,False,False,True,False,True,False
train,Art. 731 Abs. 1 ZGB,1,True,law,statute_article,statute_article,True,False,False,True,True,True,True,False
train,Art. 779a Abs. 1 ZGB,1,True,law,statute_article,statute_article,True,False,False,False,True,False,True,False
train,Art. 22 Abs. 1 GBV,1,True,law,statute_article,statute_article,True,False,False,False,True,False,True,False
train,Art. 98 GBV,1,True,law,statute_article,statute_article,False,False,False,True,False,True,True,True
train,Art. 98 Abs. 2 GBV,2,True,law,statute_article,statute_article,True,False,False,False,True,False,True,False
train,Art. 98 Abs. 3 GBV,3,True,law,statute_article,statute_article,True,False,False,False,True,False,True,False
train,Art. 357b OR,1,True,law,statute_article,statute_article,False,False,False,True,False,True,True,True
train,Art. 69 Abs. 1 BPR,1,True,law,statute_article,statute_article,True,True,False,False,True,True,True,False
train,Art. 69 Abs. 2 BPR,1,True,law,statute_article,statute_article,True,True,False,False,True,True,True,False
train,Art. 69 Abs. 3 BPR,1,True,law,statute_article,statute_article,True,False,False,False,True,False,True,False
train,Art. 68 Abs. 1 BPR,1,True,law,statute_article,statute_article,True,False,False,False,True,False,True,False
train,Art. 73 BPR,1,True,law,statute_article,statute_article,False,True,False,True,False,True,True,True
train,Art. 282 StGB,1,True,law,statute_article,statute_article,False,False,False,True,False,True,True,True
train,Art. 281 StGB,1,True,law,statute_article,statute_article,False,True,False,True,False,True,True,True
train,Art. 34 Abs. 1 BV,1,True,law,statute_article,statute_article,True,False,False,True,True,True,True,False
train,Art. 68 BPR,1,True,law,statute_article,statute_article,False,True,False,False,False,True,True,True
train,Art. 33 Abs. 2 JStPO,1,True,law,statute_article,statute_article,True,False,False,False,True,False,True,False
train,Art. 9 Abs. 3 JStG,1,True,law,statute_article,statute_article,True,True,False,True,True,True,True,False
train,Art. 58 Abs. 1 VwVG,1,True,law,statute_article,statute_article,True,False,False,True,True,True,True,False
train,Art. 58 VwVG,1,True,law,statute_article,statute_article,False,False,False,True,False,True,True,True
train,Art. 101 Abs. 2 KVV,1,True,law,statute_article,statute_article,True,False,False,False,True,False,True,False
train,Art. 335b Abs. 1 OR,1,True,law,statute_article,statute_article,True,False,False,True,True,True,True,False
train,Art. 336c Abs. 1 OR,1,True,law,statute_article,statute_article,True,False,False,True,True,True,True,False
train,Art. 22 Abs. 1 JStG,1,True,law,statute_article,statute_article,True,False,False,True,True,True,True,False
train,Art. 22 Abs. 2 JStG,1,True,law,statute_article,statute_article,True,False,False,False,True,False,True,False
train,Art. 23 Abs. 1 JStG,1,True,law,statute_article,statute_article,True,False,False,False,True,False,True,False
train,Art. 23 Abs. 2 JStG,2,True,law,statute_article,statute_article,True,True,False,False,True,True,True,False
train,Art. 23 Abs. 5 JStG,1,True,law,statute_article,statute_article,True,False,False,False,True,False,True,False
train,Art. 4 WaG,1,True,law,statute_article,statute_article,True,True,False,True,True,True,True,False
train,Art. 2 Abs. 2 WaG,1,True,law,statute_article,statute_article,True,True,False,True,True,True,True,False
train,BGE 143 II 283 E. 1.2.4,1,True,court,bge,court_bge,False,False,True,True,True,True,True,False
train,Art. 366 ZGB,1,True,law,statute_article,statute_article,False,False,False,False,False,False,False,False
train,Art. 369 Abs. 1 ZGB,1,True,law,statute_article,statute_article,True,False,False,True,True,True,True,False
train,Art. 361 Abs. 3 ZGB,1,True,law,statute_article,statute_article,True,True,False,False,True,True,True,False
train,Art. 27 Abs. 1 SVG,1,True,law,statute_article,statute_article,True,False,False,True,True,True,True,False
train,Art. 22a SSV,1,True,law,statute_article,statute_article,True,True,False,True,True,True,True,False
train,Art. 90 Abs. 1 SVG,1,True,law,statute_article,statute_article,True,False,False,True,True,True,True,False
train,Art. 2 OBG,1,True,law,statute_article,statute_article,False,False,False,True,False,True,True,True
train,Art. 3 OBG,1,True,law,statute_article,statute_article,False,False,False,True,False,True,True,True
train,Art. 1 OBV,1,True,law,statute_article,statute_article,True,False,False,True,True,True,True,False
train,Art. 90 Abs. 2 SVG,3,True,law,statute_article,statute_article,True,False,False,True,True,True,True,False
train,Art. 32 Abs. 1 SVG,1,True,law,statute_article,statute_article,True,True,False,True,True,True,True,False
train,Art. 100 SVG,1,True,law,statute_article,statute_article,False,False,False,True,False,True,True,True
train,Art. 9 URG,1,True,law,statute_article,statute_article,False,False,False,False,False,False,False,False
train,Art. 61 Abs. 1 URG,1,True,law,statute_article,statute_article,False,False,False,False,False,False,False,False
train,Art. 62 Abs. 2 URG,2,True,law,statute_article,statute_article,True,False,False,True,True,True,True,False
train,Art. 67 URG,1,True,law,statute_article,statute_article,False,False,False,True,False,True,True,True
train,Art. 9 Abs. 2 UWG,2,True,law,statute_article,statute_article,True,False,False,True,True,True,True,False
train,Art. 9 Abs. 3 UWG,2,True,law,statute_article,statute_article,True,False,False,True,True,True,True,False
train,Art. 1 Abs. 1 PrHG,1,True,law,statute_article,statute_article,True,False,False,True,True,True,True,False
train,Art. 7 Abs. 1 BGBB,1,True,law,statute_article,statute_article,True,False,False,True,True,True,True,False
train,Art. 43a RPV,1,True,law,statute_article,statute_article,True,False,False,True,True,True,True,False
train,Art. 1 Abs. 1 IPRG,2,True,law,statute_article,statute_article,True,False,False,True,True,True,True,False
train,Art. 337c Abs. 1 OR,1,True,law,statute_article,statute_article,True,False,False,True,True,True,True,False
train,Art. 337c Abs. 3 OR,1,True,law,statute_article,statute_article,True,False,False,True,True,True,True,False
train,Art. 9 Abs. 1 ArG,1,True,law,statute_article,statute_article,True,False,False,True,True,True,True,False
train,Art. 2 Abs. 1 ArG,1,True,law,statute_article,statute_article,True,False,False,False,True,False,True,False
train,Art. 1 Abs. 3 HVUV,1,True,law,statute_article,statute_article,True,False,False,False,True,False,True,False
train,Art. 51 Abs. 1 ArG,1,True,law,statute_article,statute_article,True,False,False,True,True,True,True,False
train,Art. 76 Abs. 4 SVG,1,True,law,statute_article,statute_article,True,False,False,False,True,False,True,False
train,Art. 127 BV,1,True,law,statute_article,statute_article,False,False,False,True,False,True,True,True
train,Art. 199 ZGB,1,True,law,statute_article,statute_article,False,False,False,True,False,True,True,True
train,Art. 199 Abs. 1 ZGB,1,True,law,statute_article,statute_article,True,False,False,True,True,True,True,False
train,Art. 199 Abs. 2 ZGB,1,True,law,statute_article,statute_article,True,False,False,True,True,True,True,False
train,Art. 225 ZGB,1,True,law,statute_article,statute_article,False,False,False,False,False,False,False,False
train,Art. 224 Abs. 1 ZGB,1,True,law,statute_article,statute_article,True,False,False,False,True,False,True,False
train,Art. 247 ZGB,1,True,law,statute_article,statute_article,True,False,False,True,True,True,True,False
train,Art. 15 Abs. 2 UVG,1,True,law,statute_article,statute_article,True,True,False,True,True,True,True,False
train,Art. 18 Abs. 3 RPG,1,True,law,statute_article,statute_article,True,False,False,True,True,True,True,False
train,Art. 9 Abs. 3 UVG,1,True,law,statute_article,statute_article,True,False,False,True,True,True,True,False
train,Art. 6 Abs. 1 UVG,1,True,law,statute_article,statute_article,True,False,False,True,True,True,True,False
train,Art. 18 UVG,1,True,law,statute_article,statute_article,False,False,False,True,False,True,True,True
train,Art. 10 UVG,2,True,law,statute_article,statute_article,False,True,False,True,False,True,True,True
train,Art. 83 Abs. 1 GBV,1,True,law,statute_article,statute_article,True,False,False,False,True,False,True,False
train,Art. 61 Abs. 1 BGBB,1,True,law,statute_article,statute_article,True,False,False,True,True,True,True,False
train,Art. 81 Abs. 2 BGBB,1,True,law,statute_article,statute_article,True,False,False,True,True,True,True,False
train,Art. 88 GBV,1,True,law,statute_article,statute_article,False,False,False,False,False,False,False,False
train,Art. 81 Abs. 3 BGBB,1,True,law,statute_article,statute_article,True,False,False,False,True,False,True,False
train,Art. 81 Abs. 4 BGBB,1,True,law,statute_article,statute_article,True,False,False,True,True,True,True,False
train,Art. 88 Abs. 1 GBV,1,True,law,statute_article,statute_article,True,False,False,False,True,False,True,False
train,Art. 88 Abs. 3 GBV,1,True,law,statute_article,statute_article,True,False,False,False,True,False,True,False
train,Art. 65 IPRG,1,True,law,statute_article,statute_article,False,True,False,True,False,True,True,True
train,Art. 977 Abs. 1 ZGB,1,True,law,statute_article,statute_article,True,False,False,True,True,True,True,False
train,Art. 140 Abs. 1 GBV,1,True,law,statute_article,statute_article,True,False,False,False,True,False,True,False
train,Art. 140 Abs. 2 GBV,1,True,law,statute_article,statute_article,True,False,False,False,True,False,True,False
train,Art. 977 Abs. 3 ZGB,1,True,law,statute_article,statute_article,True,False,False,False,True,False,True,False
train,Art. 141 GBV,1,True,law,statute_article,statute_article,True,True,False,False,True,True,True,False
train,Art. 116 GBV,1,True,law,statute_article,statute_article,True,False,False,True,True,True,True,False
train,Art. 139 Abs. 1 GBV,1,True,law,statute_article,statute_article,True,False,False,False,True,False,True,False
train,Art. 674 ZGB,2,True,law,statute_article,statute_article,False,False,False,True,False,True,True,True
train,Art. 647 Abs. 1 ZGB,1,True,law,statute_article,statute_article,True,True,False,True,True,True,True,False
train,Art. 649a Abs. 2 ZGB,4,True,law,statute_article,statute_article,True,True,False,False,True,True,True,False
train,Art. 682 Abs. 1 ZGB,1,True,law,statute_article,statute_article,True,False,False,True,True,True,True,False
train,Art. 960 Abs. 1 ZGB,2,True,law,statute_article,statute_article,True,False,False,True,True,True,True,False
train,Art. 79 GBV,1,True,law,statute_article,statute_article,True,False,False,False,True,False,True,False
train,Art. 960 Abs. 2 ZGB,1,True,law,statute_article,statute_article,True,False,False,True,True,True,True,False
train,Art. 56 GBV,1,True,law,statute_article,statute_article,True,True,False,True,True,True,True,False
train,Art. 6 Abs. 1 JStPO,2,True,law,statute_article,statute_article,True,False,False,False,True,False,True,False
train,Art. 12 Abs. 4 BankV,1,True,law,statute_article,statute_article,True,False,False,False,True,False,True,False
train,Art. 72 VAG,1,True,law,statute_article,statute_article,True,False,False,False,True,False,True,False
train,Art. 198 StGB,1,True,law,statute_article,statute_article,False,True,False,True,False,True,True,True
train,Art. 103 StGB,1,True,law,statute_article,statute_article,True,False,False,True,True,True,True,False
train,Art. 4 GwG,1,True,law,statute_article,statute_article,False,True,False,True,False,True,True,True
train,Art. 671 Abs. 1 ZGB,1,True,law,statute_article,statute_article,True,False,False,True,True,True,True,False
train,Art. 674 Abs. 3 ZGB,2,True,law,statute_article,statute_article,True,False,False,True,True,True,True,False
train,Art. 130 Abs. 3 BGG,1,True,law,statute_article,statute_article,True,False,False,True,True,True,True,False
train,Art. 680 Abs. 2 OR,3,True,law,statute_article,statute_article,True,False,False,True,True,True,True,False
train,Art. 27 Abs. 1 DBG,1,True,law,statute_article,statute_article,True,False,False,True,True,True,True,False
train,Art. 34 DBG,1,True,law,statute_article,statute_article,True,False,False,True,True,True,True,False
train,Art. 16 ATSG,1,True,law,statute_article,statute_article,True,True,False,True,True,True,True,False
train,Art. 28 IVG,1,True,law,statute_article,statute_article,False,True,False,True,False,True,True,True
train,BGE 143 IV 264 E. 2.6,1,True,court,bge,court_bge,False,False,True,True,True,True,True,False
train,Art. 141 Abs. 1 StPO,1,True,law,statute_article,statute_article,True,False,False,True,True,True,True,False
train,Art. 216d Abs. 1 OR,1,True,law,statute_article,statute_article,True,False,False,False,True,False,True,False
train,Art. 216e OR,1,True,law,statute_article,statute_article,True,False,False,True,True,True,True,False
train,Art. 656 Abs. 1 ZGB,2,True,law,statute_article,statute_article,True,True,False,True,True,True,True,False
train,Art. 3 Abs. 6 FIDLEV,1,True,law,statute_article,statute_article,True,False,False,False,True,False,True,False
train,Art. 36 FIDLEG,1,True,law,statute_article,statute_article,False,False,False,False,False,False,False,False
train,Art. 37 FIDLEG,1,True,law,statute_article,statute_article,False,False,False,False,False,False,False,False
train,Art. 38 FIDLEG,1,True,law,statute_article,statute_article,False,False,False,False,False,False,False,False
train,Art. 151 Abs. 1 DBG,1,True,law,statute_article,statute_article,True,True,False,True,True,True,True,False
train,Art. 14 IPRG,2,True,law,statute_article,statute_article,False,False,False,False,False,False,False,False
train,Art. 6 StPO,1,True,law,statute_article,statute_article,False,False,False,True,False,True,True,True
train,Art. 118 StPO,1,True,law,statute_article,statute_article,False,False,False,True,False,True,True,True
train,Art. 140 StPO,1,True,law,statute_article,statute_article,False,True,False,True,False,True,True,True
train,Art. 113 StPO,2,True,law,statute_article,statute_article,False,False,False,True,False,True,True,True
train,Art. 32 BV,1,True,law,statute_article,statute_article,False,False,False,True,False,True,True,True
train,Art. 181 StGB,1,True,law,statute_article,statute_article,True,True,False,True,True,True,True,False
train,Art. 321 Abs. 2 ZPO,2,True,law,statute_article,statute_article,True,False,False,True,True,True,True,False
train,Art. 320 ZPO,3,True,law,statute_article,statute_article,True,False,False,True,True,True,True,False
train,Art. 93 Abs. 3 BGG,1,True,law,statute_article,statute_article,True,False,False,True,True,True,True,False
train,Art. 29 Abs. 3 BV,1,True,law,statute_article,statute_article,True,False,False,True,True,True,True,False
train,Art. 86a ZGB,1,True,law,statute_article,statute_article,False,False,False,True,False,True,True,True
train,Art. 23 StHG,1,True,law,statute_article,statute_article,False,False,False,True,False,True,True,True
train,Art. 59 DBG,1,True,law,statute_article,statute_article,False,False,False,True,False,True,True,True
train,Art. 22 Abs. 1 USG,2,True,law,statute_article,statute_article,True,False,False,True,True,True,True,False
train,Art. 13 Abs. 1 USG,1,True,law,statute_article,statute_article,True,False,False,True,True,True,True,False
train,Art. 40 Abs. 1 LSV,1,True,law,statute_article,statute_article,True,False,False,True,True,True,True,False
train,Art. 22 Abs. 2 USG,1,True,law,statute_article,statute_article,True,False,False,True,True,True,True,False
train,Art. 31 Abs. 1 LSV,2,True,law,statute_article,statute_article,True,False,False,True,True,True,True,False
train,Art. 39 Abs. 1 LSV,1,True,law,statute_article,statute_article,True,False,False,True,True,True,True,False
train,Art. 13 ZGB,2,True,law,statute_article,statute_article,True,True,False,True,True,True,True,False
train,Art. 16 ZGB,2,True,law,statute_article,statute_article,True,False,False,True,True,True,True,False
train,Art. 360 Abs. 1 ZGB,1,True,law,statute_article,statute_article,True,False,False,True,True,True,True,False
train,Art. 360 Abs. 2 ZGB,1,True,law,statute_article,statute_article,True,False,False,False,True,False,True,False
train,Art. 408 ZGB,1,True,law,statute_article,statute_article,False,False,False,True,False,True,True,True
train,Art. 390 Abs. 3 ZGB,1,True,law,statute_article,statute_article,True,False,False,True,True,True,True,False
train,Art. 395 ZGB,1,True,law,statute_article,statute_article,False,True,False,True,False,True,True,True
train,Art. 35 OR,1,True,law,statute_article,statute_article,False,False,False,True,False,True,True,True
train,Art. 397a OR,1,True,law,statute_article,statute_article,True,False,False,True,True,True,True,False
train,Art. 239 OR,1,True,law,statute_article,statute_article,False,False,False,True,False,True,True,True
train,Art. 242 Abs. 1 OR,1,True,law,statute_article,statute_article,True,False,False,True,True,True,True,False
train,Art. 443 ZGB,1,True,law,statute_article,statute_article,False,False,False,True,False,True,True,True
train,Art. 443 Abs. 1 ZGB,1,True,law,statute_article,statute_article,True,False,False,True,True,True,True,False
train,Art. 445 ZGB,1,True,law,statute_article,statute_article,False,False,False,True,False,True,True,True
train,Art. 389 ZGB,1,True,law,statute_article,statute_article,False,False,False,True,False,True,True,True
train,Art. 374 ZGB,1,True,law,statute_article,statute_article,False,False,False,True,False,True,True,True
train,Art. 374 Abs. 1 ZGB,1,True,law,statute_article,statute_article,True,False,False,True,True,True,True,False
train,Art. 374 Abs. 2 ZGB,1,True,law,statute_article,statute_article,True,False,False,True,True,True,True,False
train,Art. 580 Abs. 2 ZGB,1,True,law,statute_article,statute_article,True,False,False,True,True,True,True,False
train,Art. 151 FinfraG,1,True,law,statute_article,statute_article,False,False,False,False,False,False,False,False
train,Art. 195a ZGB,1,True,law,statute_article,statute_article,False,True,False,True,False,True,True,True
train,Art. 195a Abs. 1 ZGB,1,True,law,statute_article,statute_article,True,False,False,False,True,False,True,False
train,Art. 195a Abs. 2 ZGB,1,True,law,statute_article,statute_article,True,False,False,True,True,True,True,False
train,Art. 678 OR,1,True,law,statute_article,statute_article,False,False,False,True,False,True,True,True
train,Art. 755 OR,1,True,law,statute_article,statute_article,False,False,False,True,False,True,True,True
train,Art. 214 SchKG,1,True,law,statute_article,statute_article,True,True,False,True,True,True,True,False
train,Art. 660 OR,1,True,law,statute_article,statute_article,False,False,False,True,False,True,True,True
train,Art. 675 Abs. 2 OR,1,True,law,statute_article,statute_article,True,False,False,True,True,True,True,False
train,Art. 680 OR,1,True,law,statute_article,statute_article,False,False,False,True,False,True,True,True
train,Art. 659a Abs. 2 OR,1,True,law,statute_article,statute_article,True,False,False,True,True,True,True,False
train,Art. 675 OR,1,True,law,statute_article,statute_article,False,False,False,True,False,True,True,True
train,BGE 132 III 668 E. 3.2,1,True,court,bge,court_bge,False,False,True,True,True,True,True,False
train,Art. 18 BankG,1,True,law,statute_article,statute_article,False,False,False,True,False,True,True,True
train,Art. 85 Abs. 1 AIG,1,True,law,statute_article,statute_article,True,False,False,True,True,True,True,False
train,Art. 674 Abs. 2 ZGB,1,True,law,statute_article,statute_article,True,False,False,True,True,True,True,False
train,Art. 674 Abs. 1 ZGB,1,True,law,statute_article,statute_article,True,False,False,True,True,True,True,False
train,Art. 730 Abs. 1 ZGB,3,True,law,statute_article,statute_article,True,False,False,True,True,True,True,False
train,Art. 40 RPV,1,True,law,statute_article,statute_article,False,False,False,True,False,True,True,True
train,Art. 265a Abs. 2 SchKG,1,True,law,statute_article,statute_article,True,False,False,True,True,True,True,False
train,Art. 254 ZPO,1,True,law,statute_article,statute_article,False,False,False,True,False,True,True,True
train,Art. 62d Abs. 1 StGB,1,True,law,statute_article,statute_article,True,False,False,True,True,True,True,False
train,Art. 21 OR,1,True,law,statute_article,statute_article,False,False,False,True,False,True,True,True
train,Art. 200 StPO,1,True,law,statute_article,statute_article,True,False,False,True,True,True,True,False
train,Art. 96 VVG,1,True,law,statute_article,statute_article,True,False,False,True,True,True,True,False
train,Art. 95c Abs. 2 VVG,1,True,law,statute_article,statute_article,True,False,False,False,True,False,True,False
train,Art. 309 Abs. 3 StPO,1,True,law,statute_article,statute_article,True,True,False,True,True,True,True,False
train,Art. 309 Abs. 1 StPO,1,True,law,statute_article,statute_article,True,True,False,True,True,True,True,False
train,Art. 307 Abs. 3 StPO,1,True,law,statute_article,statute_article,True,False,False,True,True,True,True,False
train,Art. 299 StPO,1,True,law,statute_article,statute_article,False,False,False,True,False,True,True,True
train,Art. 300 Abs. 1 StPO,1,True,law,statute_article,statute_article,True,False,False,False,True,False,True,False
train,Art. 306 StPO,1,True,law,statute_article,statute_article,False,False,False,True,False,True,True,True
train,Art. 1a Abs. 1 AHVG,2,True,law,statute_article,statute_article,True,False,False,True,True,True,True,False
train,Art. 27 Abs. 1 EOG,1,True,law,statute_article,statute_article,True,False,False,False,True,False,True,False
train,Art. 10 Abs. 2 BVG,1,True,law,statute_article,statute_article,True,False,False,True,True,True,True,False
train,Art. 1a Abs. 1 UVG,1,True,law,statute_article,statute_article,True,False,False,True,True,True,True,False
train,Art. 1 UVV,2,True,law,statute_article,statute_article,True,False,False,True,True,True,True,False
train,Art. 5 Abs. 1 AHVG,1,True,law,statute_article,statute_article,True,True,False,True,True,True,True,False
train,Art. 12 Abs. 1 AHVG,1,True,law,statute_article,statute_article,True,False,False,True,True,True,True,False
train,Art. 11 Abs. 1 FamZG,1,True,law,statute_article,statute_article,True,True,False,False,True,True,True,False
train,Art. 26 StGB,1,True,law,statute_article,statute_article,True,False,False,True,True,True,True,False
train,Art. 21 BVG,1,True,law,statute_article,statute_article,False,False,False,True,False,True,True,True
train,Art. 21 Abs. 1 BVG,1,True,law,statute_article,statute_article,True,False,False,True,True,True,True,False
train,Art. 2 Abs. 1 PrHG,1,True,law,statute_article,statute_article,True,False,False,False,True,False,True,False
train,Art. 2 Abs. 4 PrSG,1,True,law,statute_article,statute_article,True,False,False,False,True,False,True,False
train,Art. 301a Abs. 1 ZGB,1,True,law,statute_article,statute_article,True,False,False,True,True,True,True,False
train,Art. 301a Abs. 5 ZGB,1,True,law,statute_article,statute_article,True,False,False,True,True,True,True,False
train,Art. 522 Abs. 1 ZGB,1,True,law,statute_article,statute_article,True,False,False,True,True,True,True,False
train,Art. 500 Abs. 1 ZGB,1,True,law,statute_article,statute_article,True,False,False,False,True,False,True,False
train,Art. 62a RVOG,2,True,law,statute_article,statute_article,False,True,False,True,False,True,True,True
train,Art. 9 Abs. 1 SebG,3,True,law,statute_article,statute_article,True,False,False,True,True,True,True,False
train,Art. 12 SebG,1,True,law,statute_article,statute_article,False,False,False,False,False,False,False,False
train,Art. 14 SebG,1,True,law,statute_article,statute_article,True,False,False,False,True,False,True,False
train,Art. 13 SebG,1,True,law,statute_article,statute_article,False,False,False,False,False,False,False,False
train,Art. 72 Abs. 1 BV,1,True,law,statute_article,statute_article,True,False,False,True,True,True,True,False
train,Art. 85 ZPO,1,True,law,statute_article,statute_article,False,False,False,True,False,True,True,True
train,Art. 38 VwVG,1,True,law,statute_article,statute_article,True,False,False,True,True,True,True,False
train,Art. 46a VwVG,2,True,law,statute_article,statute_article,True,False,False,True,True,True,True,False
train,Art. 63 Abs. 1 AIG,1,True,law,statute_article,statute_article,True,False,False,True,True,True,True,False
train,Art. 63 Abs. 1 SVG,1,True,law,statute_article,statute_article,True,False,False,True,True,True,True,False
train,Art. 65 Abs. 1 SVG,2,True,law,statute_article,statute_article,True,True,False,True,True,True,True,False
train,Art. 9 ZGB,2,True,law,statute_article,statute_article,False,True,False,True,False,True,True,True
train,Art. 179 ZPO,1,True,law,statute_article,statute_article,True,False,False,True,True,True,True,False
train,Art. 15 OR,1,True,law,statute_article,statute_article,True,False,False,True,True,True,True,False
train,Art. 3a Abs. 1 BankG,1,True,law,statute_article,statute_article,False,False,False,False,False,False,False,False
train,Art. 9 Abs. 1 URG,1,True,law,statute_article,statute_article,True,False,False,False,True,False,True,False
train,Art. 654 Abs. 1 ZGB,1,True,law,statute_article,statute_article,True,False,False,False,True,False,True,False
train,Art. 654 Abs. 2 ZGB,1,True,law,statute_article,statute_article,True,False,False,False,True,False,True,False
train,Art. 205 Abs. 2 ZGB,1,True,law,statute_article,statute_article,True,False,False,True,True,True,True,False
train,Art. 205 ZGB,1,True,law,statute_article,statute_article,False,False,False,True,False,True,True,True
train,Art. 64 KVG,1,True,law,statute_article,statute_article,False,True,False,True,False,True,True,True
train,Art. 117a Abs. 1 BV,1,True,law,statute_article,statute_article,True,False,False,True,True,True,True,False
train,Art. 111 BGG,2,True,law,statute_article,statute_article,False,False,False,True,False,True,True,True
train,Art. 48 Abs. 2 VwVG,2,True,law,statute_article,statute_article,True,False,False,True,True,True,True,False
train,Art. 12 Abs. 3 NHG,1,True,law,statute_article,statute_article,True,True,False,True,True,True,True,False
train,Art. 6 NHG,1,True,law,statute_article,statute_article,False,True,False,True,False,True,True,True
train,Art. 79 Abs. 1 BV,1,True,law,statute_article,statute_article,False,False,False,False,False,False,False,False
train,Art. 76 Abs. 2 BV,1,True,law,statute_article,statute_article,True,False,False,True,True,True,True,False
train,Art. 119 Abs. 3 ZPO,1,True,law,statute_article,statute_article,True,False,False,True,True,True,True,False
train,Art. 154 FinfraG,1,True,law,statute_article,statute_article,False,False,False,True,False,True,True,True
train,Art. 38 FINMAG,1,True,law,statute_article,statute_article,False,False,False,True,False,True,True,True
train,Art. 180 StGB,1,True,law,statute_article,statute_article,False,False,False,True,False,True,True,True
train,Art. 14a HMG,1,True,law,statute_article,statute_article,False,True,False,False,False,True,True,True
train,Art. 15 HMG,1,True,law,statute_article,statute_article,False,False,False,True,False,True,True,True
train,Art. 9 Abs. 2 HMG,1,True,law,statute_article,statute_article,True,True,False,True,True,True,True,False
train,Art. 108 AsylG,1,True,law,statute_article,statute_article,False,False,False,True,False,True,True,True
train,Art. 55 VwVG,1,True,law,statute_article,statute_article,False,False,False,True,False,True,True,True
train,Art. 107a AsylG,1,True,law,statute_article,statute_article,False,False,False,True,False,True,True,True
train,Art. 9 Abs. 3 SebG,2,True,law,statute_article,statute_article,True,False,False,False,True,False,True,False
train,Art. 13 RPG,1,True,law,statute_article,statute_article,False,True,False,True,False,True,True,True
train,Art. 6 Abs. 1 GSchG,1,True,law,statute_article,statute_article,True,False,False,True,True,True,True,False
train,Art. 11 Abs. 1 GSchG,1,True,law,statute_article,statute_article,True,True,False,True,True,True,True,False
train,Art. 8 Abs. 2 GSchV,1,True,law,statute_article,statute_article,True,False,False,False,True,False,True,False
train,Art. 8 Abs. 1 GSchV,1,True,law,statute_article,statute_article,True,False,False,False,True,False,True,False
train,Art. 10 Abs. 1 ZPO,2,True,law,statute_article,statute_article,True,False,False,True,True,True,True,False
train,Art. 2 Abs. 1 DSG,2,True,law,statute_article,statute_article,True,True,False,True,True,True,True,False
train,Art. 4 Abs. 5 DSG,1,True,law,statute_article,statute_article,False,False,False,False,False,False,False,False
train,Art. 62 KVG,1,True,law,statute_article,statute_article,False,True,False,True,False,True,True,True
train,Art. 101 KVV,1,True,law,statute_article,statute_article,False,False,False,True,False,True,True,True
train,Art. 101 Abs. 3 KVV,1,True,law,statute_article,statute_article,True,False,False,True,True,True,True,False
train,Art. 40e Abs. 1 OR,1,True,law,statute_article,statute_article,True,False,False,False,True,False,True,False
train,Art. 746 Abs. 1 ZGB,1,True,law,statute_article,statute_article,True,False,False,True,True,True,True,False
train,Art. 655a ZGB,1,True,law,statute_article,statute_article,False,False,False,True,False,True,True,True
train,Art. 655a Abs. 2 ZGB,1,True,law,statute_article,statute_article,True,False,False,False,True,False,True,False
train,Art. 95 Abs. 5 GBV,1,True,law,statute_article,statute_article,True,False,False,False,True,False,True,False
train,Art. 655a Abs. 1 ZGB,1,True,law,statute_article,statute_article,True,True,False,False,True,True,True,False
train,Art. 95 Abs. 1 GBV,1,True,law,statute_article,statute_article,True,False,False,False,True,False,True,False
train,Art. 647 OR,1,True,law,statute_article,statute_article,True,False,False,True,True,True,True,False
train,Art. 732 Abs. 2 OR,1,True,law,statute_article,statute_article,True,False,False,True,True,True,True,False
train,Art. 671 Abs. 3 OR,1,True,law,statute_article,statute_article,True,False,False,True,True,True,True,False
train,Art. 1 UEG,1,True,law,statute_article,statute_article,True,False,False,False,True,False,True,False
train,Art. 260 StPO,1,True,law,statute_article,statute_article,False,False,False,True,False,True,True,True
train,Art. 60 Abs. 1 BVG,1,True,law,statute_article,statute_article,True,False,False,True,True,True,True,False
train,Art. 20 Abs. 1 VST,1,True,law,statute_article,statute_article,False,False,False,False,False,False,False,False
train,Art. 946 ZGB,2,True,law,statute_article,statute_article,False,False,False,True,False,True,True,True
train,Art. 9 GBV,2,True,law,statute_article,statute_article,False,False,False,False,False,False,False,False
train,Art. 94 GBV,1,True,law,statute_article,statute_article,False,False,False,False,False,False,False,False
train,Art. 96 Abs. 1 GBV,1,True,law,statute_article,statute_article,True,False,False,False,True,False,True,False
train,Art. 97 GBV,1,True,law,statute_article,statute_article,False,True,False,False,False,True,True,True
train,Art. 97 Abs. 2 GBV,1,True,law,statute_article,statute_article,True,False,False,False,True,False,True,False
train,Art. 23 Abs. 4 GBV,1,True,law,statute_article,statute_article,True,False,False,False,True,False,True,False
train,Art. 23 Abs. 5 GBV,1,True,law,statute_article,statute_article,True,False,False,False,True,False,True,False
train,Art. 80 GBV,1,True,law,statute_article,statute_article,False,False,False,False,False,False,False,False
train,Art. 125 Abs. 1 GBV,1,True,law,statute_article,statute_article,True,False,False,False,True,False,True,False
train,Art. 712g Abs. 3 ZGB,3,True,law,statute_article,statute_article,True,False,False,True,True,True,True,False
train,Art. 962a ZGB,2,True,law,statute_article,statute_article,True,True,False,False,True,True,True,False
train,Art. 959 ZGB,1,True,law,statute_article,statute_article,False,True,False,True,False,True,True,True
train,Art. 177 ZPO,3,True,law,statute_article,statute_article,True,False,False,True,True,True,True,False
train,Art. 152 Abs. 2 ZPO,2,True,law,statute_article,statute_article,True,False,False,True,True,True,True,False
train,BGE 140 III 6 E. 3.2,1,True,court,bge,court_bge,False,False,True,True,True,True,True,False
train,Art. 237 Abs. 1 ZPO,1,True,law,statute_article,statute_article,True,False,False,True,True,True,True,False
train,Art. 154 ZPO,1,True,law,statute_article,statute_article,True,False,False,True,True,True,True,False
train,Art. 152 ZPO,1,True,law,statute_article,statute_article,False,False,False,True,False,True,True,True
train,Art. 150 ZPO,1,True,law,statute_article,statute_article,False,False,False,True,False,True,True,True
train,Art. 422 Abs. 1 OR,1,True,law,statute_article,statute_article,True,False,False,True,True,True,True,False
train,Art. 423 Abs. 1 OR,1,True,law,statute_article,statute_article,True,False,False,True,True,True,True,False
train,Art. 419 Abs. 1 OR,1,True,law,statute_article,statute_article,False,False,False,True,False,True,True,True
train,Art. 685b Abs. 2 OR,1,True,law,statute_article,statute_article,True,False,False,True,True,True,True,False
train,Art. 17 Abs. 1 FINIG,2,True,law,statute_article,statute_article,True,True,False,True,True,True,True,False
train,Art. 6 FINIG,1,True,law,statute_article,statute_article,False,True,False,False,False,True,True,True
train,Art. 19 Abs. 1 FINIV,1,True,law,statute_article,statute_article,True,False,False,False,True,False,True,False
train,Art. 7 Abs. 1 FIDLEG,1,True,law,statute_article,statute_article,True,False,False,False,True,False,True,False
train,Art. 4 Abs. 2 FIDLEG,1,True,law,statute_article,statute_article,True,False,False,False,True,False,True,False
train,Art. 20 Abs. 1 FIDLEG,2,True,law,statute_article,statute_article,True,False,False,False,True,False,True,False
train,Art. 20 Abs. 2 FIDLEG,1,True,law,statute_article,statute_article,True,False,False,False,True,False,True,False
train,Art. 7 Abs. 1 FIDLEV,1,True,law,statute_article,statute_article,True,False,False,False,True,False,True,False
train,Art. 7 Abs. 2 FIDLEV,1,True,law,statute_article,statute_article,True,False,False,False,True,False,True,False
train,Art. 17 Abs. 3 FIDLEV,1,True,law,statute_article,statute_article,True,False,False,False,True,False,True,False
train,Art. 13 Abs. 3 FIDLEG,1,True,law,statute_article,statute_article,True,False,False,False,True,False,True,False
train,Art. 16 JStPO,2,True,law,statute_article,statute_article,True,False,False,False,True,False,True,False
train,Art. 17 JStPO,2,True,law,statute_article,statute_article,False,True,False,True,False,True,True,True
train,Art. 17 Abs. 1 JStPO,1,True,law,statute_article,statute_article,True,False,False,False,True,False,True,False
train,Art. 67 Abs. 1 ZPO,1,True,law,statute_article,statute_article,True,False,False,True,True,True,True,False
train,Art. 67 Abs. 2 ZPO,1,True,law,statute_article,statute_article,True,False,False,True,True,True,True,False
train,Art. 137 ZPO,1,True,law,statute_article,statute_article,True,False,False,True,True,True,True,False
train,Art. 138 Abs. 1 ZPO,1,True,law,statute_article,statute_article,True,False,False,True,True,True,True,False
train,Art. 138 Abs. 3 ZPO,1,True,law,statute_article,statute_article,True,False,False,True,True,True,True,False
train,Art. 212 ZPO,1,True,law,statute_article,statute_article,False,True,False,True,False,True,True,True
train,Art. 155 Abs. 3 ZPO,1,True,law,statute_article,statute_article,True,False,False,True,True,True,True,False
train,Art. 7 KGTG,1,True,law,statute_article,statute_article,False,True,False,False,False,True,True,True
train,Art. 4a KGTG,1,True,law,statute_article,statute_article,True,False,False,False,True,False,True,False
train,Art. 251 StGB,1,True,law,statute_article,statute_article,False,True,False,True,False,True,True,True
train,Art. 1 Abs. 3 JStG,1,True,law,statute_article,statute_article,True,False,False,True,True,True,True,False
train,Art. 3 BV,1,True,law,statute_article,statute_article,True,False,False,True,True,True,True,False
train,Art. 134 BV,2,True,law,statute_article,statute_article,True,False,False,True,True,True,True,False
train,Art. 76 Abs. 2 FIDLEG,1,True,law,statute_article,statute_article,True,False,False,False,True,False,True,False
train,Art. 62 ZPO,1,True,law,statute_article,statute_article,False,False,False,True,False,True,True,True
train,Art. 213 Abs. 1 ZPO,1,True,law,statute_article,statute_article,True,False,False,False,True,False,True,False
train,Art. 214 Abs. 2 ZPO,1,True,law,statute_article,statute_article,True,False,False,True,True,True,True,False
train,Art. 213 Abs. 2 ZPO,1,True,law,statute_article,statute_article,True,False,False,False,True,False,True,False
train,Art. 11a Abs. 2 DSG,2,True,law,statute_article,statute_article,False,False,False,True,False,True,True,True
train,Art. 72 StGB,1,True,law,statute_article,statute_article,False,False,False,True,False,True,True,True
train,Art. 27 DSG,1,True,law,statute_article,statute_article,False,True,False,True,False,True,True,True
train,Art. 27 Abs. 4 DSG,1,True,law,statute_article,statute_article,False,False,False,True,False,True,True,True
train,Art. 27 Abs. 5 DSG,1,True,law,statute_article,statute_article,False,False,False,True,False,True,True,True
train,Art. 8 Abs. 3 AsylG,1,True,law,statute_article,statute_article,True,False,False,True,True,True,True,False
train,Art. 25 Abs. 1 BankG,1,True,law,statute_article,statute_article,True,True,False,True,True,True,True,False
train,Art. 215 ZGB,1,True,law,statute_article,statute_article,False,False,False,True,False,True,True,True
train,Art. 34 Abs. 3 StPO,1,True,law,statute_article,statute_article,True,False,False,True,True,True,True,False
train,Art. 21 IPRG,1,True,law,statute_article,statute_article,False,False,False,True,False,True,True,True
train,Art. 149c IPRG,1,True,law,statute_article,statute_article,False,False,False,True,False,True,True,True
train,Art. 91 SVG,2,True,law,statute_article,statute_article,False,False,False,True,False,True,True,True
train,Art. 197 Abs. 1 StGB,1,True,law,statute_article,statute_article,True,False,False,True,True,True,True,False
train,Art. 14 Abs. 2 VVG,3,True,law,statute_article,statute_article,True,False,False,True,True,True,True,False
train,Art. 91a SVG,3,True,law,statute_article,statute_article,False,False,False,True,False,True,True,True
train,Art. 65 Abs. 2 SVG,2,True,law,statute_article,statute_article,True,False,False,True,True,True,True,False
train,Art. 45 Abs. 1 BankV,1,True,law,statute_article,statute_article,True,False,False,False,True,False,True,False
train,Art. 116 Abs. 1 StPO,1,True,law,statute_article,statute_article,True,False,False,True,True,True,True,False
train,Art. 115 Abs. 1 StPO,1,True,law,statute_article,statute_article,True,False,False,True,True,True,True,False
train,Art. 114 Abs. 3 BV,1,True,law,statute_article,statute_article,True,False,False,True,True,True,True,False
train,Art. 322d Abs. 2 OR,1,True,law,statute_article,statute_article,True,False,False,True,True,True,True,False
train,Art. 25 BankG,1,True,law,statute_article,statute_article,False,True,False,True,False,True,True,True
train,Art. 38a Abs. 1 RPG,1,True,law,statute_article,statute_article,True,False,False,True,True,True,True,False
train,Art. 38a Abs. 3 RPG,1,True,law,statute_article,statute_article,True,False,False,False,True,False,True,False
train,Art. 38a Abs. 2 RPG,1,True,law,statute_article,statute_article,True,True,False,True,True,True,True,False
train,Art. 2 RPG,1,True,law,statute_article,statute_article,False,True,False,True,False,True,True,True
train,Art. 24d Abs. 1 RPG,1,True,law,statute_article,statute_article,True,True,False,True,True,True,True,False
train,Art. 8 Abs. 1 BVG,1,True,law,statute_article,statute_article,True,True,False,True,True,True,True,False
train,Art. 8 Abs. 2 BVG,1,True,law,statute_article,statute_article,True,True,False,True,True,True,True,False
train,Art. 69 Abs. 1 IVG,1,True,law,statute_article,statute_article,True,False,False,True,True,True,True,False
train,Art. 52 ATSG,1,True,law,statute_article,statute_article,False,True,False,True,False,True,True,True
train,Art. 70 Abs. 4 DBG,1,True,law,statute_article,statute_article,True,False,False,True,True,True,True,False
train,Art. 11 BüG,2,True,law,statute_article,statute_article,True,False,False,False,True,False,True,False
train,Art. 12 BüG,2,True,law,statute_article,statute_article,False,False,False,False,False,False,False,False
train,Art. 9 BüG,2,True,law,statute_article,statute_article,False,False,False,False,False,False,False,False
train,Art. 9 Abs. 2 BüG,2,True,law,statute_article,statute_article,True,False,False,False,True,False,True,False
train,Art. 933 ZGB,1,True,law,statute_article,statute_article,True,False,False,True,True,True,True,False
train,Art. 934 ZGB,1,True,law,statute_article,statute_article,False,False,False,True,False,True,True,True
train,Art. 33 KGTG,1,True,law,statute_article,statute_article,True,False,False,True,True,True,True,False
train,Art. 936 ZGB,1,True,law,statute_article,statute_article,False,False,False,True,False,True,True,True
train,Art. 229 Abs. 2 ZPO,1,True,law,statute_article,statute_article,True,False,False,True,True,True,True,False
train,Art. 166 Abs. 1 ZPO,1,True,law,statute_article,statute_article,True,False,False,False,True,False,True,False
train,Art. 159 ZPO,1,True,law,statute_article,statute_article,True,False,False,True,True,True,True,False
train,Art. 163 Abs. 2 ZPO,1,True,law,statute_article,statute_article,True,False,False,True,True,True,True,False
train,Art. 164 ZPO,1,True,law,statute_article,statute_article,True,False,False,True,True,True,True,False
train,Art. 160 Abs. 1 ZPO,1,True,law,statute_article,statute_article,True,False,False,True,True,True,True,False
train,Art. 713 Abs. 3 OR,1,True,law,statute_article,statute_article,True,False,False,True,True,True,True,False
train,Art. 156 ZPO,1,True,law,statute_article,statute_article,True,False,False,True,True,True,True,False
train,Art. 45 IPRG,1,True,law,statute_article,statute_article,False,False,False,True,False,True,True,True
train,Art. 25 Abs. 1 IPRG,1,True,law,statute_article,statute_article,False,False,False,False,False,False,False,False
train,Art. 45 Abs. 2 IPRG,1,True,law,statute_article,statute_article,True,False,False,True,True,True,True,False
train,Art. 45a Abs. 1 IPRG,1,True,law,statute_article,statute_article,True,False,False,False,True,False,True,False
train,Art. 45a Abs. 2 IPRG,1,True,law,statute_article,statute_article,True,False,False,False,True,False,True,False
train,Art. 105 ZGB,1,True,law,statute_article,statute_article,True,False,False,True,True,True,True,False
train,Art. 45a Abs. 3 IPRG,1,True,law,statute_article,statute_article,True,False,False,True,True,True,True,False
train,Art. 85 IPRG,1,True,law,statute_article,statute_article,False,True,False,True,False,True,True,True
train,Art. 10 HKsÜ,1,True,law,statute_article,statute_article,False,False,False,False,False,False,False,False
train,Art. 85 Abs. 1 IPRG,1,True,law,statute_article,statute_article,True,False,False,True,True,True,True,False
train,Art. 15 Abs. 1 HKsÜ,1,True,law,statute_article,statute_article,False,False,False,False,False,False,False,False
train,Art. 51 IPRG,1,True,law,statute_article,statute_article,True,False,False,True,True,True,True,False
train,Art. 55 Abs. 1 IPRG,1,True,law,statute_article,statute_article,True,False,False,False,True,False,True,False
train,Art. 37 IPRG,1,True,law,statute_article,statute_article,False,True,False,True,False,True,True,True
train,Art. 137 Abs. 3 WRV,1,True,law,statute_article,statute_article,False,False,False,False,False,False,False,False
train,Art. 652b Abs. 2 OR,1,True,law,statute_article,statute_article,True,False,False,True,True,True,True,False
train,Art. 93 Abs. 3 BV,1,True,law,statute_article,statute_article,True,False,False,True,True,True,True,False
train,Art. 93 Abs. 2 BV,2,True,law,statute_article,statute_article,True,True,False,True,True,True,True,False
train,Art. 24 Abs. 4 RTVG,1,True,law,statute_article,statute_article,True,False,False,True,True,True,True,False
train,Art. 4 Abs. 2 RTVG,2,True,law,statute_article,statute_article,True,True,False,True,True,True,True,False
train,Art. 4 Abs. 4 RTVG,1,True,law,statute_article,statute_article,True,True,False,True,True,True,True,False
train,BGE 137 I 340 E. 3.1,2,True,court,bge,court_bge,False,False,True,True,True,True,True,False
train,Art. 63 DBG,1,True,law,statute_article,statute_article,False,False,False,True,False,True,True,True
train,Art. 3 Abs. 4 AsylG,1,True,law,statute_article,statute_article,True,False,False,False,True,False,True,False
train,Art. 83 Abs. 8 AIG,1,True,law,statute_article,statute_article,True,True,False,False,True,True,True,False
train,Art. 71 VwVG,1,True,law,statute_article,statute_article,False,False,False,True,False,True,True,True
train,Art. 732 ZGB,1,True,law,statute_article,statute_article,False,False,False,True,False,True,True,True
train,Art. 129 Abs. 1 IPRG,1,True,law,statute_article,statute_article,True,False,False,True,True,True,True,False
train,Art. 4 Abs. 1 ZPO,1,True,law,statute_article,statute_article,True,False,False,True,True,True,True,False
train,Art. 243 ZPO,1,True,law,statute_article,statute_article,False,True,False,True,False,True,True,True
train,Art. 89 Abs. 2 GBV,2,True,law,statute_article,statute_article,True,False,False,False,True,False,True,False
train,Art. 130 ZPO,1,True,law,statute_article,statute_article,False,True,False,True,False,True,True,True
train,Art. 244 Abs. 1 ZPO,1,True,law,statute_article,statute_article,True,False,False,True,True,True,True,False
train,Art. 130 Abs. 1 ZPO,1,True,law,statute_article,statute_article,True,False,False,True,True,True,True,False
train,Art. 246 Abs. 2 ZPO,1,True,law,statute_article,statute_article,True,False,False,True,True,True,True,False
train,Art. 132 Abs. 1 ZPO,1,True,law,statute_article,statute_article,True,False,False,True,True,True,True,False
train,Art. 223 Abs. 1 ZPO,1,True,law,statute_article,statute_article,True,False,False,True,True,True,True,False
train,Art. 147 Abs. 3 ZPO,1,True,law,statute_article,statute_article,True,False,False,True,True,True,True,False
train,Art. 223 Abs. 2 ZPO,1,True,law,statute_article,statute_article,True,False,False,True,True,True,True,False
train,BGE 140 III 450 E. 3.2,1,True,court,bge,court_bge,False,False,True,True,True,True,True,False
train,Art. 655 ZGB,1,True,law,statute_article,statute_article,False,True,False,True,False,True,True,True
train,Art. 64 SVG,2,True,law,statute_article,statute_article,True,True,False,False,True,True,True,False
train,Art. 498 ZGB,1,True,law,statute_article,statute_article,True,False,False,True,True,True,True,False
train,Art. 517 Abs. 1 ZGB,1,True,law,statute_article,statute_article,True,False,False,True,True,True,True,False
train,Art. 473 Abs. 3 ZGB,2,True,law,statute_article,statute_article,True,False,False,True,True,True,True,False
train,Art. 476 ZGB,2,True,law,statute_article,statute_article,False,False,False,True,False,True,True,True
train,Art. 388 ZGB,1,True,law,statute_article,statute_article,False,False,False,True,False,True,True,True
train,Art. 1 VBVV,1,True,law,statute_article,statute_article,False,False,False,False,False,False,False,False
train,Art. 64 Abs. 1 ZPO,1,True,law,statute_article,statute_article,True,False,False,True,True,True,True,False
train,Art. 13b Abs. 1 URG,1,True,law,statute_article,statute_article,False,False,False,False,False,False,False,False
train,Art. 13 URG,1,True,law,statute_article,statute_article,False,True,False,True,False,True,True,True
train,Art. 13b URG,1,True,law,statute_article,statute_article,False,False,False,False,False,False,False,False
train,Art. 13 Abs. 3 URG,1,True,law,statute_article,statute_article,True,False,False,False,True,False,True,False
train,Art. 19 LugÜ,1,True,law,statute_article,statute_article,False,False,False,False,False,False,False,False
train,Art. 115 Abs. 1 IPRG,1,True,law,statute_article,statute_article,True,False,False,True,True,True,True,False
train,Art. 11 PrHG,1,True,law,statute_article,statute_article,False,False,False,True,False,True,True,True
train,Art. 19 UVV,1,True,law,statute_article,statute_article,True,True,False,True,True,True,True,False
train,Art. 11 Abs. 1 UVG,1,True,law,statute_article,statute_article,True,False,False,False,True,False,True,False
train,Art. 1 Abs. 1 HVUV,1,True,law,statute_article,statute_article,True,False,False,True,True,True,True,False
train,Art. 955 ZGB,3,True,law,statute_article,statute_article,False,False,False,True,False,True,True,True
train,Art. 81 Abs. 3 GBV,1,True,law,statute_article,statute_article,True,False,False,False,True,False,True,False
train,Art. 967 Abs. 2 ZGB,1,True,law,statute_article,statute_article,True,False,False,True,True,True,True,False
train,Art. 93 GBV,1,True,law,statute_article,statute_article,True,False,False,True,True,True,True,False
train,Art. 31 GBV,1,True,law,statute_article,statute_article,False,True,False,False,False,True,True,True
train,Art. 32 Abs. 1 GBV,1,True,law,statute_article,statute_article,True,False,False,False,True,False,True,False
train,Art. 5 Abs. 2 LugÜ,1,True,law,statute_article,statute_article,False,False,False,False,False,False,False,False
train,Art. 82 BGG,2,True,law,statute_article,statute_article,True,False,False,True,True,True,True,False
train,Art. 9 RPG,1,True,law,statute_article,statute_article,False,False,False,True,False,True,True,True
train,Art. 87 Abs. 1 BGG,1,True,law,statute_article,statute_article,True,False,False,True,True,True,True,False
train,Art. 86 Abs. 3 BGG,1,True,law,statute_article,statute_article,True,False,False,True,True,True,True,False
train,Art. 77 BGG,1,True,law,statute_article,statute_article,False,False,False,True,False,True,True,True
train,Art. 191 IPRG,1,True,law,statute_article,statute_article,True,False,False,True,True,True,True,False
train,Art. 98 Abs. 1 IPRG,1,True,law,statute_article,statute_article,True,False,False,False,True,False,True,False
train,Art. 100 Abs. 2 IPRG,1,True,law,statute_article,statute_article,True,False,False,True,True,True,True,False
train,Art. 59 Abs. 1 LugÜ,1,True,law,statute_article,statute_article,False,False,False,False,False,False,False,False
train,Art. 20 Abs. 1 IPRG,2,True,law,statute_article,statute_article,True,False,False,True,True,True,True,False
train,Art. 98 IPRG,1,True,law,statute_article,statute_article,False,False,False,False,False,False,False,False
train,Art. 98 Abs. 2 IPRG,1,True,law,statute_article,statute_article,True,False,False,False,True,False,True,False
train,Art. 102 Abs. 2 IPRG,1,True,law,statute_article,statute_article,True,False,False,True,True,True,True,False
train,Art. 715 Abs. 1 ZGB,1,True,law,statute_article,statute_article,True,False,False,True,True,True,True,False
train,Art. 102 Abs. 3 IPRG,1,True,law,statute_article,statute_article,True,False,False,True,True,True,True,False
train,Art. 975 Abs. 2 ZGB,1,True,law,statute_article,statute_article,True,False,False,True,True,True,True,False
train,Art. 11 OR,1,True,law,statute_article,statute_article,False,False,False,True,False,True,True,True
train,Art. 92 SVG,1,True,law,statute_article,statute_article,False,False,False,True,False,True,True,True
train,Art. 47 Abs. 1 BankG,1,True,law,statute_article,statute_article,True,False,False,True,True,True,True,False
train,Art. 190 DBG,1,True,law,statute_article,statute_article,False,False,False,True,False,True,True,True
train,Art. 186 DBG,1,True,law,statute_article,statute_article,False,True,False,True,False,True,True,True
train,Art. 477 ZGB,2,True,law,statute_article,statute_article,True,False,False,True,True,True,True,False
train,Art. 491 Abs. 2 ZGB,1,True,law,statute_article,statute_article,True,False,False,True,True,True,True,False
train,Art. 492a ZGB,1,True,law,statute_article,statute_article,False,False,False,False,False,False,False,False
train,Art. 492a Abs. 1 ZGB,1,True,law,statute_article,statute_article,True,False,False,True,True,True,True,False
train,Art. 55 Abs. 4 MSchG,2,True,law,statute_article,statute_article,True,False,False,True,True,True,True,False
train,Art. 48 Abs. 4 BV,1,True,law,statute_article,statute_article,True,False,False,True,True,True,True,False
train,Art. 3 KFG,1,True,law,statute_article,statute_article,True,False,False,True,True,True,True,False
train,Art. 653 Abs. 1 ZGB,1,True,law,statute_article,statute_article,True,False,False,True,True,True,True,False
train,Art. 221 ZGB,1,True,law,statute_article,statute_article,True,False,False,True,True,True,True,False
train,Art. 222 Abs. 2 ZGB,1,True,law,statute_article,statute_article,True,False,False,True,True,True,True,False
train,Art. 665 Abs. 3 ZGB,2,True,law,statute_article,statute_article,True,False,False,False,True,False,True,False
train,Art. 22 Abs. 1 ATSG,1,True,law,statute_article,statute_article,True,True,False,True,True,True,True,False
train,Art. 942 Abs. 1 ZGB,1,True,law,statute_article,statute_article,True,False,False,False,True,False,True,False
train,Art. 94 Abs. 1 GBV,1,True,law,statute_article,statute_article,True,False,False,False,True,False,True,False
train,Art. 2 Abs. 1 AVIG,1,True,law,statute_article,statute_article,True,True,False,True,True,True,True,False
train,Art. 3 Abs. 2 AHVG,1,True,law,statute_article,statute_article,True,False,False,False,True,False,True,False
train,Art. 8 AVIG,1,True,law,statute_article,statute_article,False,True,False,True,False,True,True,True
train,Art. 8 Abs. 1 AVIG,1,True,law,statute_article,statute_article,True,True,False,True,True,True,True,False
train,Art. 13 Abs. 1 AVIG,1,True,law,statute_article,statute_article,True,True,False,True,True,True,True,False
train,Art. 9 Abs. 3 AVIG,1,True,law,statute_article,statute_article,True,True,False,True,True,True,True,False
train,Art. 13 Abs. 2 AVIG,1,True,law,statute_article,statute_article,True,True,False,True,True,True,True,False
train,Art. 27 Abs. 4 AVIG,1,True,law,statute_article,statute_article,True,False,False,True,True,True,True,False
train,Art. 16 Abs. 1 DBG,1,True,law,statute_article,statute_article,True,False,False,True,True,True,True,False
train,Art. 7 Abs. 1 StHG,1,True,law,statute_article,statute_article,True,True,False,True,True,True,True,False
train,Art. 8 Abs. 2 SVKG,1,True,law,statute_article,statute_article,True,False,False,False,True,False,True,False
train,Art. 9 SVKG,1,True,law,statute_article,statute_article,False,False,False,False,False,False,False,False
train,Art. 12 SVKG,1,True,law,statute_article,statute_article,False,False,False,False,False,False,False,False
train,Art. 18m EBG,1,True,law,statute_article,statute_article,False,True,False,True,False,True,True,True
train,Art. 665 Abs. 2 ZGB,1,True,law,statute_article,statute_article,True,False,False,False,True,False,True,False
train,Art. 65 GBV,1,True,law,statute_article,statute_article,False,True,False,True,False,True,True,True
train,Art. 13 Abs. 2 BV,1,True,law,statute_article,statute_article,True,False,False,True,True,True,True,False
train,Art. 38 VAG,1,True,law,statute_article,statute_article,False,False,False,True,False,True,True,True
train,Art. 4 Abs. 1 VAG,1,True,law,statute_article,statute_article,True,False,False,False,True,False,True,False
train,Art. 33 Abs. 3 VAG,1,True,law,statute_article,statute_article,True,True,False,False,True,True,True,False
train,Art. 33 JStG,1,True,law,statute_article,statute_article,True,True,False,True,True,True,True,False
train,Art. 69 StGB,1,True,law,statute_article,statute_article,False,False,False,True,False,True,True,True
train,Art. 69 Abs. 1 StGB,1,True,law,statute_article,statute_article,True,False,False,True,True,True,True,False
train,Art. 42 Abs. 1 AIG,1,True,law,statute_article,statute_article,True,True,False,True,True,True,True,False
train,Art. 49 AIG,1,True,law,statute_article,statute_article,True,True,False,True,True,True,True,False
train,Art. 42 Abs. 2 AIG,1,True,law,statute_article,statute_article,True,True,False,True,True,True,True,False
train,Art. 42 AIG,1,True,law,statute_article,statute_article,False,True,False,True,False,True,True,True
train,Art. 137 Abs. 5 WRV,1,True,law,statute_article,statute_article,False,False,False,False,False,False,False,False
train,Art. 34 Abs. 1 StGB,1,True,law,statute_article,statute_article,True,False,False,True,True,True,True,False
train,Art. 34 Abs. 2 StGB,1,True,law,statute_article,statute_article,True,True,False,True,True,True,True,False
train,Art. 93 SchKG,1,True,law,statute_article,statute_article,False,True,False,True,False,True,True,True
train,Art. 36 Abs. 2 DBG,2,True,law,statute_article,statute_article,True,True,False,True,True,True,True,False
train,Art. 17 Abs. 1 DBG,1,True,law,statute_article,statute_article,True,False,False,True,True,True,True,False
train,Art. 36 Abs. 1 DBG,1,True,law,statute_article,statute_article,True,True,False,True,True,True,True,False
train,Art. 20 IPRG,1,True,law,statute_article,statute_article,False,False,False,True,False,True,True,True
train,Art. 24 Abs. 1 ZGB,1,True,law,statute_article,statute_article,True,False,False,True,True,True,True,False
train,Art. 23 Abs. 1 IPRG,2,True,law,statute_article,statute_article,True,False,False,True,True,True,True,False
train,Art. 87 Abs. 1 IPRG,1,True,law,statute_article,statute_article,True,True,False,True,True,True,True,False
train,Art. 96 IPRG,1,True,law,statute_article,statute_article,False,True,False,True,False,True,True,True
train,Art. 96 Abs. 1 IPRG,1,True,law,statute_article,statute_article,True,False,False,False,True,False,True,False
train,Art. 91 Abs. 2 IPRG,1,True,law,statute_article,statute_article,True,False,False,False,True,False,True,False
train,Art. 112 Abs. 2 OR,1,True,law,statute_article,statute_article,True,False,False,True,True,True,True,False
train,Art. 31 Abs. 1 BV,1,True,law,statute_article,statute_article,True,False,False,True,True,True,True,False
train,Art. 212 Abs. 3 StPO,1,True,law,statute_article,statute_article,True,False,False,True,True,True,True,False
train,Art. 123 Abs. 1 BV,1,True,law,statute_article,statute_article,True,False,False,True,True,True,True,False
train,Art. 57 Abs. 1 BV,1,True,law,statute_article,statute_article,True,False,False,True,True,True,True,False
train,Art. 19 Abs. 2 EOG,1,True,law,statute_article,statute_article,True,False,False,True,True,True,True,False
train,Art. 31 FINMAG,1,True,law,statute_article,statute_article,False,True,False,True,False,True,True,True
train,Art. 66 FINIG,1,True,law,statute_article,statute_article,False,False,False,True,False,True,True,True
train,Art. 61 Abs. 1 SVG,1,True,law,statute_article,statute_article,True,False,False,True,True,True,True,False
train,Art. 59 Abs. 1 SVG,2,True,law,statute_article,statute_article,True,False,False,True,True,True,True,False
train,Art. 34 Abs. 2 SVG,1,True,law,statute_article,statute_article,True,False,False,True,True,True,True,False
train,Art. 35 Abs. 4 SVG,1,True,law,statute_article,statute_article,True,False,False,True,True,True,True,False
train,Art. 35 Abs. 6 SVG,1,True,law,statute_article,statute_article,True,False,False,True,True,True,True,False
train,Art. 63 Abs. 2 SVG,1,True,law,statute_article,statute_article,True,False,False,True,True,True,True,False
train,Art. 58 Abs. 4 SVG,1,True,law,statute_article,statute_article,True,False,False,True,True,True,True,False
train,Art. 45 OR,1,True,law,statute_article,statute_article,False,False,False,True,False,True,True,True
train,Art. 14 VVG,1,True,law,statute_article,statute_article,False,True,False,True,False,True,True,True
train,Art. 14 Abs. 1 VVG,1,True,law,statute_article,statute_article,True,False,False,True,True,True,True,False
train,Art. 59 Abs. 3 VVG,1,True,law,statute_article,statute_article,True,False,False,False,True,False,True,False
train,Art. 106 Abs. 2 GBV,1,True,law,statute_article,statute_article,True,False,False,False,True,False,True,False
train,Art. 110 Abs. 3 StGB,2,True,law,statute_article,statute_article,True,True,False,True,True,True,True,False
train,Art. 55b Abs. 2 USG,1,True,law,statute_article,statute_article,True,False,False,True,True,True,True,False
train,Art. 10a USG,1,True,law,statute_article,statute_article,False,True,False,True,False,True,True,True
train,Art. 960a Abs. 3 OR,1,True,law,statute_article,statute_article,True,False,False,True,True,True,True,False
train,Art. 63 Abs. 1 DBG,1,True,law,statute_article,statute_article,True,False,False,True,True,True,True,False
train,Art. 62 Abs. 2 DBG,1,True,law,statute_article,statute_article,True,False,False,True,True,True,True,False
train,Art. 712c ZGB,1,True,law,statute_article,statute_article,False,False,False,True,False,True,True,True
train,Art. 177 Abs. 1 IPRG,1,True,law,statute_article,statute_article,True,False,False,True,True,True,True,False
train,Art. 178 Abs. 1 IPRG,1,True,law,statute_article,statute_article,True,True,False,True,True,True,True,False
train,Art. 182 Abs. 1 IPRG,2,True,law,statute_article,statute_article,True,False,False,True,True,True,True,False
train,Art. 706 Abs. 2 OR,1,True,law,statute_article,statute_article,True,False,False,True,True,True,True,False
train,Art. 41 LFG,1,True,law,statute_article,statute_article,False,False,False,False,False,False,False,False
train,Art. 197 ZGB,2,True,law,statute_article,statute_article,False,False,False,True,False,True,True,True
train,Art. 149 Abs. 2 SchKG,1,True,law,statute_article,statute_article,True,False,False,True,True,True,True,False
train,Art. 77 Abs. 1 SchKG,1,True,law,statute_article,statute_article,True,False,False,True,True,True,True,False
train,Art. 69 Abs. 2 SchKG,1,True,law,statute_article,statute_article,True,False,False,True,True,True,True,False
train,Art. 108 ZPO,1,True,law,statute_article,statute_article,True,False,False,True,True,True,True,False
train,Art. 19 Abs. 2 URG,1,True,law,statute_article,statute_article,True,False,False,True,True,True,True,False
train,Art. 20 Abs. 2 URG,2,True,law,statute_article,statute_article,True,False,False,True,True,True,True,False
train,Art. 33a IRSV,1,True,law,statute_article,statute_article,True,False,False,True,True,True,True,False
train,Art. 74a IRSG,1,True,law,statute_article,statute_article,False,False,False,True,False,True,True,True
train,Art. 74a Abs. 2 IRSG,1,True,law,statute_article,statute_article,True,False,False,True,True,True,True,False
train,Art. 74a Abs. 3 IRSG,1,True,law,statute_article,statute_article,True,True,False,True,True,True,True,False
train,Art. 80p IRSG,1,True,law,statute_article,statute_article,False,False,False,True,False,True,True,True
train,Art. 96 IRSG,1,True,law,statute_article,statute_article,True,False,False,True,True,True,True,False
train,Art. 95 Abs. 1 IRSG,1,True,law,statute_article,statute_article,True,False,False,False,True,False,True,False
train,Art. 11 TEVG,1,True,law,statute_article,statute_article,False,False,False,False,False,False,False,False
train,Art. 2 SRVG,1,True,law,statute_article,statute_article,True,True,False,False,True,True,True,False
train,Art. 2 Abs. 1 FINIG,1,True,law,statute_article,statute_article,True,True,False,False,True,True,True,False
train,Art. 5 Abs. 1 FINIG,1,True,law,statute_article,statute_article,True,False,False,True,True,True,True,False
train,Art. 80 Abs. 4 GBV,1,True,law,statute_article,statute_article,True,False,False,False,True,False,True,False
train,Art. 54 Abs. 4 GBV,1,True,law,statute_article,statute_article,True,False,False,False,True,False,True,False
train,Art. 85 GBV,1,True,law,statute_article,statute_article,True,False,False,False,True,False,True,False
train,Art. 966 Abs. 2 ZGB,1,True,law,statute_article,statute_article,True,False,False,True,True,True,True,False
train,Art. 87 Abs. 2 GBV,2,True,law,statute_article,statute_article,True,False,False,True,True,True,True,False
train,Art. 87 Abs. 3 GBV,1,True,law,statute_article,statute_article,True,False,False,False,True,False,True,False
train,Art. 26 Abs. 3 IRSV,1,True,law,statute_article,statute_article,True,False,False,False,True,False,True,False
train,Art. 65a IRSG,1,True,law,statute_article,statute_article,False,False,False,True,False,True,True,True
train,Art. 26 Abs. 2 IRSV,1,True,law,statute_article,statute_article,True,False,False,True,True,True,True,False
train,Art. 65a Abs. 1 IRSG,1,True,law,statute_article,statute_article,True,True,False,True,True,True,True,False
train,Art. 65a Abs. 2 IRSG,1,True,law,statute_article,statute_article,True,False,False,True,True,True,True,False
train,Art. 65a Abs. 3 IRSG,1,True,law,statute_article,statute_article,True,False,False,True,True,True,True,False
train,Art. 80e Abs. 2 IRSG,1,True,law,statute_article,statute_article,True,True,False,True,True,True,True,False
train,Art. 29 GSchG,1,True,law,statute_article,statute_article,True,True,False,True,True,True,True,False
train,Art. 30 GSchG,1,True,law,statute_article,statute_article,True,True,False,True,True,True,True,False
train,Art. 31 GSchG,1,True,law,statute_article,statute_article,False,True,False,True,False,True,True,True
train,Art. 31 Abs. 1 GSchG,1,True,law,statute_article,statute_article,True,True,False,True,True,True,True,False
train,Art. 31 Abs. 2 GSchG,1,True,law,statute_article,statute_article,True,False,False,True,True,True,True,False
train,Art. 32 GSchG,1,True,law,statute_article,statute_article,True,False,False,True,True,True,True,False
train,Art. 33 Abs. 1 GSchG,1,True,law,statute_article,statute_article,True,False,False,False,True,False,True,False
train,Art. 33 Abs. 3 GSchG,1,True,law,statute_article,statute_article,True,False,False,True,True,True,True,False
train,Art. 33 GSchG,1,True,law,statute_article,statute_article,False,False,False,True,False,True,True,True
train,Art. 668 ZGB,1,True,law,statute_article,statute_article,False,False,False,False,False,False,False,False
train,Art. 667 Abs. 1 ZGB,1,True,law,statute_article,statute_article,True,False,False,True,True,True,True,False
train,Art. 668 Abs. 1 ZGB,1,True,law,statute_article,statute_article,True,False,False,True,True,True,True,False
train,Art. 668 Abs. 2 ZGB,1,True,law,statute_article,statute_article,True,True,False,False,True,True,True,False
train,Art. 2 Abs. 1 BankV,1,True,law,statute_article,statute_article,True,False,False,True,True,True,True,False
train,Art. 5 IPRG,1,True,law,statute_article,statute_article,False,True,False,True,False,True,True,True
train,Art. 5 Abs. 1 IPRG,1,True,law,statute_article,statute_article,True,False,False,True,True,True,True,False
train,Art. 6 IPRG,1,True,law,statute_article,statute_article,True,False,False,True,True,True,True,False
train,Art. 5 Abs. 3 IPRG,1,True,law,statute_article,statute_article,True,False,False,True,True,True,True,False
train,Art. 116 IPRG,1,True,law,statute_article,statute_article,False,False,False,True,False,True,True,True
train,Art. 3 IPRG,1,True,law,statute_article,statute_article,True,True,False,True,True,True,True,False
train,Art. 112 IPRG,1,True,law,statute_article,statute_article,False,False,False,True,False,True,True,True
train,Art. 113 IPRG,1,True,law,statute_article,statute_article,True,False,False,True,True,True,True,False
train,Art. 237 StPO,1,True,law,statute_article,statute_article,False,False,False,True,False,True,True,True
train,Art. 127 Abs. 3 BV,1,True,law,statute_article,statute_article,True,False,False,True,True,True,True,False
train,Art. 83 AsylG,1,True,law,statute_article,statute_article,False,True,False,True,False,True,True,True
train,Art. 12 BV,2,True,law,statute_article,statute_article,True,False,False,True,True,True,True,False
train,Art. 82 Abs. 4 AsylG,1,True,law,statute_article,statute_article,True,False,False,True,True,True,True,False
train,Art. 90 Abs. 4 SVG,2,True,law,statute_article,statute_article,True,True,False,True,True,True,True,False
train,Art. 30 Abs. 1 DBG,1,True,law,statute_article,statute_article,True,False,False,True,True,True,True,False
train,Art. 30 Abs. 3 DBG,1,True,law,statute_article,statute_article,True,False,False,True,True,True,True,False
train,Art. 30 Abs. 2 DBG,1,True,law,statute_article,statute_article,True,False,False,True,True,True,True,False
train,Art. 49 Abs. 1 ATSG,1,True,law,statute_article,statute_article,True,True,False,True,True,True,True,False
train,Art. 51 ATSG,1,True,law,statute_article,statute_article,False,True,False,True,False,True,True,True
train,Art. 100 Abs. 1 AVIG,1,True,law,statute_article,statute_article,True,False,False,True,True,True,True,False
train,Art. 40e Abs. 2 OR,1,True,law,statute_article,statute_article,True,False,False,False,True,False,True,False
train,Art. 40d Abs. 1 OR,1,True,law,statute_article,statute_article,True,False,False,False,True,False,True,False
train,Art. 725 Abs. 1 OR,1,True,law,statute_article,statute_article,True,False,False,True,True,True,True,False
train,Art. 725 Abs. 3 OR,1,True,law,statute_article,statute_article,True,False,False,True,True,True,True,False
train,Art. 50 Abs. 1 AIG,1,True,law,statute_article,statute_article,True,False,False,True,True,True,True,False
train,Art. 50 Abs. 2 AIG,1,True,law,statute_article,statute_article,True,False,False,True,True,True,True,False
train,Art. 48 VwVG,1,True,law,statute_article,statute_article,False,False,False,True,False,True,True,True
train,Art. 5 Abs. 1 EBG,1,True,law,statute_article,statute_article,True,False,False,True,True,True,True,False
train,Art. 6 Abs. 1 EBG,1,True,law,statute_article,statute_article,True,False,False,True,True,True,True,False
train,Art. 5 Abs. 4 EBG,1,True,law,statute_article,statute_article,True,False,False,True,True,True,True,False
train,Art. 8a Abs. 1 EBG,1,True,law,statute_article,statute_article,True,False,False,False,True,False,True,False
train,Art. 6 Abs. 4 EBG,1,True,law,statute_article,statute_article,True,False,False,False,True,False,True,False
train,Art. 18 EBG,1,True,law,statute_article,statute_article,False,True,False,True,False,True,True,True
train,Art. 18w EBG,1,True,law,statute_article,statute_article,False,True,False,True,False,True,True,True
train,Art. 8 Abs. 2 EBV,1,True,law,statute_article,statute_article,True,False,False,False,True,False,True,False
train,BGE 138 III 570 E. 4.2.2,1,True,court,bge,court_bge,False,False,True,True,True,True,True,False
train,Art. 121 Abs. 5 BV,1,True,law,statute_article,statute_article,True,False,False,True,True,True,True,False
train,Art. 121 Abs. 3 BV,1,True,law,statute_article,statute_article,True,True,False,True,True,True,True,False
train,Art. 61 Abs. 1 AIG,1,True,law,statute_article,statute_article,True,False,False,False,True,False,True,False
train,Art. 4 BGFA,1,True,law,statute_article,statute_article,True,False,False,True,True,True,True,False
train,Art. 8 Abs. 1 BGFA,1,True,law,statute_article,statute_article,True,False,False,True,True,True,True,False
train,BGE 136 IV 1 E. 2.6.2,1,True,court,bge,court_bge,False,False,True,True,True,True,True,False
train,Art. 36 ZPO,1,True,law,statute_article,statute_article,True,False,False,True,True,True,True,False
train,Art. 50 OR,1,True,law,statute_article,statute_article,False,True,False,True,False,True,True,True
train,Art. 62 URG,1,True,law,statute_article,statute_article,False,False,False,True,False,True,True,True
train,Art. 793 Abs. 2 ZGB,1,True,law,statute_article,statute_article,True,False,False,False,True,False,True,False
train,Art. 857 Abs. 1 ZGB,1,True,law,statute_article,statute_article,True,False,False,True,True,True,True,False
train,Art. 857 Abs. 2 ZGB,1,True,law,statute_article,statute_article,True,False,False,False,True,False,True,False
train,Art. 861 Abs. 1 ZGB,1,True,law,statute_article,statute_article,True,False,False,False,True,False,True,False
train,Art. 144 GBV,1,True,law,statute_article,statute_article,False,True,False,True,False,True,True,True
train,Art. 967 OR,1,True,law,statute_article,statute_article,False,True,False,True,False,True,True,True
train,Art. 864 Abs. 1 ZGB,1,True,law,statute_article,statute_article,True,False,False,False,True,False,True,False
train,Art. 967 Abs. 2 OR,1,True,law,statute_article,statute_article,True,False,False,True,True,True,True,False
train,Art. 801 ZGB,1,True,law,statute_article,statute_article,False,False,False,True,False,True,True,True
train,Art. 152 GBV,1,True,law,statute_article,statute_article,False,True,False,False,False,True,True,True
train,Art. 854 Abs. 2 ZGB,1,True,law,statute_article,statute_article,True,False,False,False,True,False,True,False
train,Art. 814 Abs. 2 ZGB,1,True,law,statute_article,statute_article,True,False,False,False,True,False,True,False
train,Art. 734 ZGB,1,True,law,statute_article,statute_article,True,False,False,True,True,True,True,False
train,Art. 131 Abs. 1 GBV,1,True,law,statute_article,statute_article,True,False,False,True,True,True,True,False
train,Art. 964 Abs. 2 ZGB,1,True,law,statute_article,statute_article,True,False,False,False,True,False,True,False
train,Art. 972 ZGB,1,True,law,statute_article,statute_article,False,False,False,True,False,True,True,True
train,Art. 91 Abs. 1 GBV,1,True,law,statute_article,statute_article,True,False,False,False,True,False,True,False
train,Art. 948 Abs. 2 ZGB,1,True,law,statute_article,statute_article,True,False,False,True,True,True,True,False
train,Art. 37 Abs. 2 GBV,1,True,law,statute_article,statute_article,True,False,False,False,True,False,True,False
train,Art. 131 GBV,1,True,law,statute_article,statute_article,False,False,False,True,False,True,True,True
train,Art. 132 Abs. 3 GBV,1,True,law,statute_article,statute_article,True,False,False,False,True,False,True,False
train,Art. 91 Abs. 3 GBV,1,True,law,statute_article,statute_article,True,False,False,True,True,True,True,False
train,BGE 129 III 216 E. 3.3.2,1,True,court,bge,court_bge,False,False,True,True,True,True,True,False
train,Art. 6 Abs. 3 JStPO,1,True,law,statute_article,statute_article,True,False,False,False,True,False,True,False
train,Art. 7 Abs. 1 IRSG,1,True,law,statute_article,statute_article,True,False,False,True,True,True,True,False
train,Art. 20a IRSG,1,True,law,statute_article,statute_article,False,False,False,False,False,False,False,False
train,Art. 7 Abs. 2 IRSG,1,True,law,statute_article,statute_article,True,False,False,False,True,False,True,False
train,Art. 70 IRSG,1,True,law,statute_article,statute_article,False,True,False,False,False,True,True,True
train,Art. 70 Abs. 2 IRSG,1,True,law,statute_article,statute_article,True,False,False,False,True,False,True,False
train,Art. 58 Abs. 2 IRSG,1,True,law,statute_article,statute_article,True,False,False,True,True,True,True,False
train,Art. 712g Abs. 4 ZGB,1,True,law,statute_article,statute_article,True,False,False,True,True,True,True,False
train,Art. 80 Abs. 1 GBV,1,True,law,statute_article,statute_article,True,False,False,False,True,False,True,False
train,Art. 712h Abs. 3 ZGB,1,True,law,statute_article,statute_article,True,False,False,True,True,True,True,False
train,Art. 741 Abs. 1 ZGB,1,True,law,statute_article,statute_article,True,False,False,True,True,True,True,False
train,Art. 741 Abs. 2 ZGB,1,True,law,statute_article,statute_article,True,False,False,True,True,True,True,False
train,Art. 741 ZGB,1,True,law,statute_article,statute_article,False,False,False,True,False,True,True,True
train,Art. 765 Abs. 1 ZGB,1,True,law,statute_article,statute_article,True,False,False,True,True,True,True,False
train,Art. 5 Abs. 1 URG,1,True,law,statute_article,statute_article,True,False,False,False,True,False,True,False
train,Art. 24a URG,1,True,law,statute_article,statute_article,True,False,False,True,True,True,True,False
train,Art. 350 Abs. 2 StPO,1,True,law,statute_article,statute_article,True,False,False,True,True,True,True,False
train,Art. 341 Abs. 3 StPO,1,True,law,statute_article,statute_article,True,False,False,True,True,True,True,False
train,Art. 474 ZGB,1,True,law,statute_article,statute_article,False,False,False,True,False,True,True,True
train,Art. 113 Abs. 3 BV,1,True,law,statute_article,statute_article,True,False,False,True,True,True,True,False
train,Art. 522 ZGB,1,True,law,statute_article,statute_article,False,False,False,True,False,True,True,True
train,Art. 82 ZGB,1,True,law,statute_article,statute_article,True,False,False,False,True,False,True,False
train,Art. 52 Abs. 2 ZGB,1,True,law,statute_article,statute_article,True,False,False,True,True,True,True,False
train,Art. 18 Abs. 1 SchKG,1,True,law,statute_article,statute_article,True,False,False,True,True,True,True,False
train,Art. 72 Abs. 2 BGG,1,True,law,statute_article,statute_article,True,True,False,True,True,True,True,False
train,Art. 19 SchKG,1,True,law,statute_article,statute_article,True,True,False,True,True,True,True,False
train,Art. 100 Abs. 2 BGG,1,True,law,statute_article,statute_article,True,False,False,True,True,True,True,False
train,Art. 11 Abs. 2 StGB,1,True,law,statute_article,statute_article,True,False,False,True,True,True,True,False
train,Art. 12 Abs. 3 StGB,1,True,law,statute_article,statute_article,True,False,False,True,True,True,True,False
train,Art. 418d Abs. 1 OR,1,True,law,statute_article,statute_article,True,False,False,False,True,False,True,False
train,Art. 89 Abs. 1 StGB,1,True,law,statute_article,statute_article,True,True,False,True,True,True,True,False
train,Art. 95 Abs. 5 StGB,1,True,law,statute_article,statute_article,True,True,False,True,True,True,True,False
train,Art. 62a Abs. 1 StGB,1,True,law,statute_article,statute_article,True,False,False,True,True,True,True,False
train,Art. 204 ZGB,1,True,law,statute_article,statute_article,False,False,False,True,False,True,True,True
train,Art. 70 Abs. 1 StPO,1,True,law,statute_article,statute_article,True,False,False,True,True,True,True,False
train,Art. 69 Abs. 1 StPO,1,True,law,statute_article,statute_article,True,False,False,True,True,True,True,False
train,Art. 70 StPO,1,True,law,statute_article,statute_article,False,False,False,True,False,True,True,True
train,Art. 30 Abs. 3 BV,1,True,law,statute_article,statute_article,True,False,False,True,True,True,True,False
train,Art. 183 ZPO,1,True,law,statute_article,statute_article,False,False,False,True,False,True,True,True
train,Art. 169 ZPO,1,True,law,statute_article,statute_article,True,False,False,True,True,True,True,False
train,Art. 190 Abs. 2 ZPO,1,True,law,statute_article,statute_article,False,False,False,True,False,True,True,True
train,Art. 177 Abs. 1 ZPO,1,True,law,statute_article,statute_article,False,False,False,False,False,False,False,False
train,Art. 158 ZPO,1,True,law,statute_article,statute_article,False,False,False,True,False,True,True,True
train,Art. 158 Abs. 1 ZPO,1,True,law,statute_article,statute_article,True,False,False,True,True,True,True,False
train,Art. 158 Abs. 2 ZPO,1,True,law,statute_article,statute_article,True,False,False,True,True,True,True,False
train,Art. 26 Abs. 3 RPG,1,True,law,statute_article,statute_article,True,False,False,True,True,True,True,False
train,Art. 108 SchKG,1,True,law,statute_article,statute_article,False,True,False,True,False,True,True,True
train,Art. 36 SchKG,1,True,law,statute_article,statute_article,True,False,False,True,True,True,True,False
train,Art. 17 Abs. 4 SchKG,1,True,law,statute_article,statute_article,True,False,False,True,True,True,True,False
train,Art. 28a Abs. 3 ZGB,1,True,law,statute_article,statute_article,True,False,False,True,True,True,True,False
train,Art. 3 Abs. 1 ATSG,1,True,law,statute_article,statute_article,True,False,False,True,True,True,True,False
train,Art. 3 ATSG,1,True,law,statute_article,statute_article,False,True,False,True,False,True,True,True
train,Art. 15 DSG,1,True,law,statute_article,statute_article,False,False,False,True,False,True,True,True
train,Art. 91 Abs. 1 UVG,1,True,law,statute_article,statute_article,True,False,False,True,True,True,True,False
train,Art. 321a Abs. 1 OR,1,True,law,statute_article,statute_article,True,False,False,True,True,True,True,False
train,Art. 321b Abs. 1 OR,1,True,law,statute_article,statute_article,True,False,False,True,True,True,True,False
train,Art. 55 Abs. 2 VwVG,1,True,law,statute_article,statute_article,True,False,False,True,True,True,True,False
train,Art. 139 StGB,1,True,law,statute_article,statute_article,False,True,False,True,False,True,True,True
train,Art. 126 Abs. 1 StGB,1,True,law,statute_article,statute_article,True,False,False,True,True,True,True,False
train,Art. 17 Abs. 1 FIDLEG,1,True,law,statute_article,statute_article,True,False,False,False,True,False,True,False
train,Art. 41 FINIG,1,True,law,statute_article,statute_article,True,True,False,True,True,True,True,False
train,Art. 93 BGG,1,True,law,statute_article,statute_article,False,False,False,True,False,True,True,True
train,Art. 42 Abs. 2 BGG,1,True,law,statute_article,statute_article,True,True,False,True,True,True,True,False
train,Art. 38 Abs. 3 SchKG,1,True,law,statute_article,statute_article,True,False,False,True,True,True,True,False
train,Art. 24 Abs. 1 FINMAG,1,True,law,statute_article,statute_article,True,False,False,True,True,True,True,False
train,Art. 18 Abs. 1 BankG,1,True,law,statute_article,statute_article,True,False,False,False,True,False,True,False
train,Art. 23 BankG,1,True,law,statute_article,statute_article,True,False,False,True,True,True,True,False
train,Art. 182 Abs. 1 ZGB,1,True,law,statute_article,statute_article,True,False,False,True,True,True,True,False
train,Art. 483 ZGB,1,True,law,statute_article,statute_article,False,False,False,True,False,True,True,True
train,Art. 608 ZGB,1,True,law,statute_article,statute_article,False,False,False,True,False,True,True,True
train,Art. 517 ZGB,1,True,law,statute_article,statute_article,False,False,False,True,False,True,True,True
train,Art. 484 ZGB,1,True,law,statute_article,statute_article,False,False,False,True,False,True,True,True
train,Art. 477 Abs. 1 ZGB,1,True,law,statute_article,statute_article,False,False,False,False,False,False,False,False
train,Art. 477 Abs. 2 ZGB,1,True,law,statute_article,statute_article,False,False,False,False,False,False,False,False
train,Art. 272 ZGB,1,True,law,statute_article,statute_article,True,False,False,True,True,True,True,False
train,Art. 301 Abs. 2 ZGB,1,True,law,statute_article,statute_article,True,False,False,True,True,True,True,False
train,Art. 479 ZGB,1,True,law,statute_article,statute_article,False,False,False,True,False,True,True,True
train,Art. 489 ZGB,1,True,law,statute_article,statute_article,False,False,False,True,False,True,True,True
train,Art. 76 Abs. 1 VVG,1,True,law,statute_article,statute_article,True,False,False,False,True,False,True,False
train,Art. 529 ZGB,1,True,law,statute_article,statute_article,False,False,False,True,False,True,True,True
train,Art. 21 Abs. 4 ATSG,1,True,law,statute_article,statute_article,True,True,False,True,True,True,True,False
train,Art. 86 Abs. 1 StGB,1,True,law,statute_article,statute_article,True,True,False,True,True,True,True,False
train,Art. 22 Abs. 1 VStG,1,True,law,statute_article,statute_article,True,False,False,True,True,True,True,False
train,Art. 4 Abs. 1 JStPO,1,True,law,statute_article,statute_article,True,False,False,True,True,True,True,False
train,Art. 1 BV,1,True,law,statute_article,statute_article,True,False,False,True,True,True,True,False
train,Art. 84 OR,1,True,law,statute_article,statute_article,False,False,False,True,False,True,True,True
train,Art. 87 Abs. 4 GBV,1,True,law,statute_article,statute_article,True,False,False,False,True,False,True,False
train,Art. 2 Abs. 1 UVV,1,True,law,statute_article,statute_article,True,True,False,True,True,True,True,False
train,Art. 19 DSG,1,True,law,statute_article,statute_article,False,True,False,True,False,True,True,True
train,Art. 22 DSG,1,True,law,statute_article,statute_article,False,True,False,True,False,True,True,True
train,Art. 18a DSG,1,True,law,statute_article,statute_article,False,False,False,True,False,True,True,True
train,Art. 17 Abs. 2 DSG,1,True,law,statute_article,statute_article,True,False,False,True,True,True,True,False
train,Art. 718b OR,1,True,law,statute_article,statute_article,True,False,False,True,True,True,True,False
train,Art. 55 ZPO,1,True,law,statute_article,statute_article,False,False,False,True,False,True,True,True
train,Art. 625 OR,1,True,law,statute_article,statute_article,False,False,False,True,False,True,True,True
train,BGE 127 III 332 E. 2,1,True,court,bge,court_bge,False,False,True,True,True,True,True,False
train,BGE 126 III 361 E. 3a,1,True,court,bge,court_bge,False,False,True,True,True,True,True,False
train,BGE 126 III 361 E. 5a,1,True,court,bge,court_bge,False,False,True,True,True,True,True,False
train,Art. 317 StGB,1,True,law,statute_article,statute_article,False,False,False,True,False,True,True,True
train,Art. 208 Abs. 3 OR,1,True,law,statute_article,statute_article,True,False,False,True,True,True,True,False
train,Art. 236 Abs. 1 ZPO,1,True,law,statute_article,statute_article,True,False,False,True,True,True,True,False
train,Art. 13 KFG,1,True,law,statute_article,statute_article,False,False,False,False,False,False,False,False
train,Art. 340b Abs. 3 OR,1,True,law,statute_article,statute_article,True,False,False,True,True,True,True,False
train,Art. 58b AIG,1,True,law,statute_article,statute_article,False,True,False,True,False,True,True,True
train,Art. 322d OR,1,True,law,statute_article,statute_article,False,False,False,True,False,True,True,True
train,Art. 336 Abs. 2 OR,1,True,law,statute_article,statute_article,True,False,False,True,True,True,True,False
train,Art. 336a Abs. 3 OR,1,True,law,statute_article,statute_article,True,False,False,True,True,True,True,False
train,Art. 335g Abs. 4 OR,1,True,law,statute_article,statute_article,True,False,False,True,True,True,True,False
train,Art. 11 Abs. 1 LSV,1,True,law,statute_article,statute_article,True,False,False,False,True,False,True,False
train,Art. 354 Abs. 2 StPO,1,True,law,statute_article,statute_article,True,False,False,True,True,True,True,False
train,Art. 355 Abs. 1 StPO,1,True,law,statute_article,statute_article,True,False,False,True,True,True,True,False
train,Art. 355 Abs. 3 StPO,1,True,law,statute_article,statute_article,True,False,False,True,True,True,True,False
train,Art. 34 Abs. 2 JStPO,1,True,law,statute_article,statute_article,True,False,False,False,True,False,True,False
train,Art. 40 Abs. 1 JStPO,1,True,law,statute_article,statute_article,True,False,False,False,True,False,True,False
train,Art. 282 StPO,1,True,law,statute_article,statute_article,False,False,False,True,False,True,True,True
train,Art. 285a StPO,1,True,law,statute_article,statute_article,True,True,False,True,True,True,True,False
train,Art. 298a Abs. 1 StPO,1,True,law,statute_article,statute_article,True,False,False,True,True,True,True,False
train,Art. 298b Abs. 1 StPO,1,True,law,statute_article,statute_article,True,False,False,True,True,True,True,False
train,BGE 143 IV 27 E. 4.1.3,1,True,court,bge,court_bge,False,False,True,True,True,True,True,False
train,Art. 679 Abs. 2 ZGB,1,True,law,statute_article,statute_article,True,False,False,True,True,True,True,False
train,Art. 7 Abs. 1 OBG,1,True,law,statute_article,statute_article,True,False,False,False,True,False,True,False
train,Art. 7 OBV,1,True,law,statute_article,statute_article,False,False,False,False,False,False,False,False
train,Art. 7 OBG,1,True,law,statute_article,statute_article,False,True,False,True,False,True,True,True
train,Art. 90 Abs. 3 SVG,1,True,law,statute_article,statute_article,True,False,False,True,True,True,True,False
train,Art. 57 Abs. 3 ZGB,1,True,law,statute_article,statute_article,True,False,False,False,True,False,True,False
train,Art. 54 Abs. 1 ArG,1,True,law,statute_article,statute_article,True,False,False,False,True,False,True,False
train,Art. 971 ZGB,1,True,law,statute_article,statute_article,False,False,False,True,False,True,True,True
train,Art. 17 GeoIG,1,True,law,statute_article,statute_article,True,True,False,False,True,True,True,False
train,Art. 10 GeoIG,1,True,law,statute_article,statute_article,True,False,False,False,True,False,True,False
val,Art. 221 Abs. 1 StPO,2,True,law,statute_article,statute_article,True,False,False,True,True,True,True,False
val,Art. 140 Abs. 1 StGB,1,True,law,statute_article,statute_article,True,False,False,True,True,True,True,False
val,Art. 396 Abs. 1 StPO,2,True,law,statute_article,statute_article,True,False,False,True,True,True,True,False
val,Art. 222 StPO,2,True,law,statute_article,statute_article,True,True,False,True,True,True,True,False
val,Art. 393 Abs. 1 StPO,2,True,law,statute_article,statute_article,True,False,False,True,True,True,True,False
val,Art. 382 Abs. 1 StPO,2,True,law,statute_article,statute_article,True,False,False,True,True,True,True,False
val,Art. 385 Abs. 1 StPO,2,True,law,statute_article,statute_article,True,False,False,True,True,True,True,False
val,Art. 221 Abs. 2 StPO,1,True,law,statute_article,statute_article,True,False,False,True,True,True,True,False
val,Art. 227 Abs. 1 StPO,1,True,law,statute_article,statute_article,True,False,False,True,True,True,True,False
val,Art. 212 Abs. 3 StPO,1,True,law,statute_article,statute_article,True,False,False,True,True,True,True,False
val,Art. 390 Abs. 2 StPO,2,True,law,statute_article,statute_article,True,True,False,True,True,True,True,False
val,Art. 422 Abs. 1 StPO,2,True,law,statute_article,statute_article,True,False,False,True,True,True,True,False
val,Art. 422 Abs. 2 StPO,2,True,law,statute_article,statute_article,True,False,False,True,True,True,True,False
val,Art. 428 Abs. 1 StPO,3,True,law,statute_article,statute_article,True,False,False,True,True,True,True,False
val,Art. 135 Abs. 4 StPO,2,True,law,statute_article,statute_article,True,True,False,True,True,True,True,False
val,Art. 100 Abs. 1 BGG,9,True,law,statute_article,statute_article,True,False,False,True,True,True,True,False
val,Art. 135 Abs. 3 StPO,2,True,law,statute_article,statute_article,True,False,False,True,True,True,True,False
val,Art. 37 Abs. 1 StBOG,2,True,law,statute_article,statute_article,True,False,False,True,True,True,True,False
val,Art. 39 Abs. 1 StBOG,2,True,law,statute_article,statute_article,True,False,False,True,True,True,True,False
val,BGE 137 IV 122 E. 6.2,1,True,court,bge,court_bge,False,False,True,True,True,True,True,False
val,BGE 137 IV 122 E. 6.4,1,True,court,bge,court_bge,False,False,True,False,True,False,True,False
val,BGE 137 IV 122 E. 4.2,1,True,court,bge,court_bge,False,False,True,True,True,True,True,False
val,BGE 132 I 21 E. 3.2,1,True,court,bge,court_bge,False,False,True,True,True,True,True,False
val,1B_210/2023 E. 4.1,1,True,court,federal_tribunal_modern_docket,court_case,False,False,True,False,True,False,True,False
val,BGE 132 I 21 E. 3.2.2,1,True,court,bge,court_bge,False,False,True,True,True,True,True,False
val,1B_536/2018 E. 5.1,1,True,court,federal_tribunal_modern_docket,court_case,False,False,True,False,True,False,True,False
val,BGE 139 IV 270 E. 3.1,1,True,court,bge,court_bge,False,False,True,True,True,True,True,False
val,BGE 133 I 168 E. 4.1,1,True,court,bge,court_bge,False,False,True,True,True,True,True,False
val,BGE 143 IV 168 E. 5.1,1,True,court,bge,court_bge,False,False,True,True,True,True,True,False
val,BGE 133 I 270 E. 3.4.2,1,True,court,bge,court_bge,False,False,True,True,True,True,True,False
val,BGE 137 IV 122 E. 4.1,1,True,court,bge,court_bge,False,False,True,False,True,False,True,False
val,BGE 132 I 21 E. 3.2.1,1,True,court,bge,court_bge,False,False,True,True,True,True,True,False
val,1B_90/2021 E. 2.1,1,True,court,federal_tribunal_modern_docket,court_case,False,False,True,False,True,False,True,False
val,1B_90/2021 E. 2.4,1,True,court,federal_tribunal_modern_docket,court_case,False,False,True,False,True,False,True,False
val,7B_496/2025 E. 3.2,1,True,court,federal_tribunal_modern_docket,court_case,False,False,True,False,True,False,True,False
val,7B_231/2025 E. 4.1,1,True,court,federal_tribunal_modern_docket,court_case,False,False,True,True,True,True,True,False
val,7B_69/2024 E. 3.3.2,1,True,court,federal_tribunal_modern_docket,court_case,False,False,True,False,True,False,True,False
val,7B_301/2024 E. 2.4,1,True,court,federal_tribunal_modern_docket,court_case,False,False,True,False,True,False,True,False
val,7B_12/2025 E. 2.2,1,True,court,federal_tribunal_modern_docket,court_case,False,False,True,False,True,False,True,False
val,1B_357/2022 E. 3.1,1,True,court,federal_tribunal_modern_docket,court_case,False,False,True,False,True,False,True,False
val,1B_15/2023 E. 3.1,1,True,court,federal_tribunal_modern_docket,court_case,False,False,True,True,True,True,True,False
val,1B_28/2022 E. 4.1,1,True,court,federal_tribunal_modern_docket,court_case,False,False,True,True,True,True,True,False
val,Art. 8 Abs. 1 ATSG,1,True,law,statute_article,statute_article,True,False,False,True,True,True,True,False
val,Art. 8 Abs. 1 IVG,1,True,law,statute_article,statute_article,True,False,False,True,True,True,True,False
val,Art. 17 Abs. 1 IVG,1,True,law,statute_article,statute_article,True,False,False,True,True,True,True,False
val,Art. 1 Abs. 1 IVG,1,True,law,statute_article,statute_article,True,False,False,True,True,True,True,False
val,Art. 56 Abs. 1 ATSG,1,True,law,statute_article,statute_article,True,False,False,True,True,True,True,False
val,Art. 69 Abs. 1 IVG,1,True,law,statute_article,statute_article,True,False,False,True,True,True,True,False
val,Art. 60 Abs. 1 ATSG,1,True,law,statute_article,statute_article,True,False,False,True,True,True,True,False
val,Art. 61 ATSG,1,True,law,statute_article,statute_article,True,False,False,True,True,True,True,False
val,Art. 29 Abs. 1 IVG,1,True,law,statute_article,statute_article,True,False,False,True,True,True,True,False
val,Art. 4 Abs. 1 IVG,1,True,law,statute_article,statute_article,True,False,False,True,True,True,True,False
val,Art. 6 ATSG,1,True,law,statute_article,statute_article,True,True,False,True,True,True,True,False
val,Art. 8 Abs. 3 IVG,1,True,law,statute_article,statute_article,True,True,False,True,True,True,True,False
val,Art. 18d IVG,1,True,law,statute_article,statute_article,True,True,False,True,True,True,True,False
val,Art. 28 Abs. 1 IVG,1,True,law,statute_article,statute_article,True,False,False,True,True,True,True,False
val,Art. 69 Abs. 1bis IVG,1,True,law,statute_article,statute_article,True,False,False,True,True,True,True,False
val,Art. 82 BGG,1,True,law,statute_article,statute_article,True,False,False,True,True,True,True,False
val,Art. 113 BGG,1,True,law,statute_article,statute_article,True,False,False,True,True,True,True,False
val,BGE 148 V 21 E. 5.3,1,True,court,bge,court_bge,False,False,True,True,True,True,True,False
val,BGE 144 V 427 E. 3.2,1,True,court,bge,court_bge,False,False,True,True,True,True,True,False
val,BGE 139 V 176 E. 5.3,1,True,court,bge,court_bge,False,False,True,True,True,True,True,False
val,BGE 135 V 39 E. 6.1,1,True,court,bge,court_bge,False,False,True,True,True,True,True,False
val,BGE 132 V 93 E. 4,1,True,court,bge,court_bge,False,False,True,True,True,True,True,False
val,8C_160/2016 E. 4.1,1,True,court,federal_tribunal_modern_docket,court_case,False,False,True,False,True,False,True,False
val,BGE 134 V 231 E. 5.1,1,True,court,bge,court_bge,False,False,True,True,True,True,True,False
val,8C_510/2020 E. 2.4,1,True,court,federal_tribunal_modern_docket,court_case,False,False,True,False,True,False,True,False
val,BGE 139 V 399 E. 5.3,1,True,court,bge,court_bge,False,False,True,True,True,True,True,False
val,BGE 139 V 399 E. 5.4,1,True,court,bge,court_bge,False,False,True,True,True,True,True,False
val,BGE 139 V 399 E. 5.5,1,True,court,bge,court_bge,False,False,True,False,True,False,True,False
val,BGE 127 V 205 E. 4b,1,True,court,bge,court_bge,False,False,True,True,True,True,True,False
val,Art. 16 ATSG,1,True,law,statute_article,statute_article,True,True,False,True,True,True,True,False
val,Art. 21 Abs. 4 ATSG,1,True,law,statute_article,statute_article,True,True,False,True,True,True,True,False
val,BGE 124 V 108 E. 2b,1,True,court,bge,court_bge,False,False,True,True,True,True,True,False
val,9C_623/2020 E. 4.2,1,True,court,federal_tribunal_modern_docket,court_case,False,False,True,True,True,True,True,False
val,8C_421/2023 E. 2.2,1,True,court,federal_tribunal_modern_docket,court_case,False,False,True,False,True,False,True,False
val,BGE 140 V 193 E. 3.2,1,True,court,bge,court_bge,False,False,True,True,True,True,True,False
val,Art. 29 Abs. 2 BV,2,True,law,statute_article,statute_article,True,False,False,True,True,True,True,False
val,Art. 384 StPO,1,True,law,statute_article,statute_article,True,False,False,True,True,True,True,False
val,Art. 3 Abs. 2 StPO,1,True,law,statute_article,statute_article,True,False,False,True,True,True,True,False
val,Art. 214 Abs. 4 StPO,1,True,law,statute_article,statute_article,True,False,False,True,True,True,True,False
val,1B_192/2022 E. 4.1.2,1,True,court,federal_tribunal_modern_docket,court_case,False,False,True,False,True,False,True,False
val,1B_195/2022 E. 2.2.1,1,True,court,federal_tribunal_modern_docket,court_case,False,False,True,False,True,False,True,False
val,BGE 145 I 167 E. 4.1,1,True,court,bge,court_bge,False,False,True,True,True,True,True,False
val,BGE 142 III 48 E. 4.1.1,1,True,court,bge,court_bge,False,False,True,True,True,True,True,False
val,BGE 140 I 285 E. 6.3.1,1,True,court,bge,court_bge,False,False,True,True,True,True,True,False
val,2C_501/2020 E. 5.1,1,True,court,federal_tribunal_modern_docket,court_case,False,False,True,False,True,False,True,False
val,BGE 145 IV 99 E. 3.1,1,True,court,bge,court_bge,False,False,True,True,True,True,True,False
val,BGE 143 IV 40 E. 3.4.3,1,True,court,bge,court_bge,False,False,True,True,True,True,True,False
val,BGE 139 IV 179 E. 2.2,1,True,court,bge,court_bge,False,False,True,True,True,True,True,False
val,BGE 139 IV 186 E. 2,1,True,court,bge,court_bge,False,False,True,True,True,True,True,False
val,BGE 143 IV 330 E. 2.1,1,True,court,bge,court_bge,False,False,True,True,True,True,True,False
val,BGE 143 IV 316 E. 3.1,1,True,court,bge,court_bge,False,False,True,True,True,True,True,False
val,BGE 143 IV 316 E. 3.2,1,True,court,bge,court_bge,False,False,True,True,True,True,True,False
val,1B_88/2022 E. 2.1,1,True,court,federal_tribunal_modern_docket,court_case,False,False,True,False,True,False,True,False
val,1B_572/2021 E. 2.1,1,True,court,federal_tribunal_modern_docket,court_case,False,False,True,True,True,True,True,False
val,BGE 141 IV 360 E. 3.2,1,True,court,bge,court_bge,False,False,True,True,True,True,True,False
val,1B_211/2017 E. 2.1,1,True,court,federal_tribunal_modern_docket,court_case,False,False,True,True,True,True,True,False
val,BGE 137 IV 122 E. 3.2,1,True,court,bge,court_bge,False,False,True,True,True,True,True,False
val,BGE 124 I 208 E. 3,1,True,court,bge,court_bge,False,False,True,True,True,True,True,False
val,1B_581/2022 E. 2.1.2,1,True,court,federal_tribunal_modern_docket,court_case,False,False,True,False,True,False,True,False
val,Art. 505 Abs. 1 ZGB,2,True,law,statute_article,statute_article,True,False,False,True,True,True,True,False
val,Art. 520 Abs. 1 ZGB,1,True,law,statute_article,statute_article,True,False,False,True,True,True,True,False
val,BGE 131 III 601 E. 3.1,2,True,court,bge,court_bge,False,False,True,True,True,True,True,False
val,Art. 467 ZGB,2,True,law,statute_article,statute_article,True,False,False,True,True,True,True,False
val,Art. 16 ZGB,2,True,law,statute_article,statute_article,True,False,False,True,True,True,True,False
val,Art. 519 Abs. 1 ZGB,1,True,law,statute_article,statute_article,True,False,False,True,True,True,True,False
val,BGE 124 III 5 E. 4,1,True,court,bge,court_bge,False,False,True,True,True,True,True,False
val,BGE 131 III 106 E. 1.1,1,True,court,bge,court_bge,False,False,True,True,True,True,True,False
val,Art. 469 Abs. 1 ZGB,1,True,law,statute_article,statute_article,True,False,False,True,True,True,True,False
val,Art. 471 ZGB,1,True,law,statute_article,statute_article,True,False,False,True,True,True,True,False
val,Art. 20 Abs. 2 OR,1,True,law,statute_article,statute_article,True,False,False,True,True,True,True,False
val,Art. 520a ZGB,1,True,law,statute_article,statute_article,True,False,False,True,True,True,True,False
val,Art. 469 Abs. 2 ZGB,1,True,law,statute_article,statute_article,True,False,False,True,True,True,True,False
val,Art. 458 Abs. 3 ZGB,1,True,law,statute_article,statute_article,True,False,False,True,True,True,True,False
val,Art. 133 Abs. 1 ZGB,1,True,law,statute_article,statute_article,True,False,False,True,True,True,True,False
val,Art. 133 Abs. 2 ZGB,1,True,law,statute_article,statute_article,True,False,False,True,True,True,True,False
val,Art. 285 Abs. 1 ZGB,2,True,law,statute_article,statute_article,True,False,False,True,True,True,True,False
val,BGE 131 III 209 E. 5,1,True,court,bge,court_bge,False,False,True,True,True,True,True,False
val,BGE 128 III 411 E. 3.2.1,1,True,court,bge,court_bge,False,False,True,True,True,True,True,False
val,Art. 274 Abs. 2 ZGB,1,True,law,statute_article,statute_article,True,False,False,True,True,True,True,False
val,BGE 130 III 585 E. 2.1,1,True,court,bge,court_bge,False,False,True,True,True,True,True,False
val,BGE 130 III 585 E. 2.2.1,1,True,court,bge,court_bge,False,False,True,True,True,True,True,False
val,Art. 273 Abs. 1 ZGB,1,True,law,statute_article,statute_article,True,False,False,True,True,True,True,False
val,BGE 126 III 219 E. 2,1,True,court,bge,court_bge,False,False,True,False,True,False,True,False
val,Art. 1 Abs. 1 OR,1,True,law,statute_article,statute_article,True,True,False,True,True,True,True,False
val,Art. 18 Abs. 1 OR,1,True,law,statute_article,statute_article,True,False,False,True,True,True,True,False
val,Art. 363 OR,1,True,law,statute_article,statute_article,True,False,False,True,True,True,True,False
val,Art. 364 Abs. 1 OR,1,True,law,statute_article,statute_article,True,False,False,True,True,True,True,False
val,Art. 97 Abs. 1 OR,1,True,law,statute_article,statute_article,True,False,False,True,True,True,True,False
val,Art. 248 Abs. 1 OR,1,True,law,statute_article,statute_article,True,False,False,False,True,False,True,False
val,Art. 93 Abs. 1 BGG,1,True,law,statute_article,statute_article,True,False,False,True,True,True,True,False
val,BGE 128 III 419 E. 2.2,1,True,court,bge,court_bge,False,False,True,True,True,True,True,False
val,BGE 130 III 417 E. 3.2,1,True,court,bge,court_bge,False,False,True,True,True,True,True,False
val,BGE 121 IV 207 E. 2a,1,True,court,bge,court_bge,False,False,True,True,True,True,True,False
val,Art. 398 Abs. 2 OR,1,True,law,statute_article,statute_article,True,False,False,True,True,True,True,False
val,Art. 41 Abs. 1 OR,1,True,law,statute_article,statute_article,True,False,False,True,True,True,True,False
val,Art. 99 Abs. 2 OR,1,True,law,statute_article,statute_article,True,False,False,True,True,True,True,False
val,BGE 137 III 539 E. 4.1,1,True,court,bge,court_bge,False,False,True,True,True,True,True,False
val,BGE 137 III 539 E. 5.1,1,True,court,bge,court_bge,False,False,True,False,True,False,True,False
val,BGE 137 III 539 E. 5.2,1,True,court,bge,court_bge,False,False,True,True,True,True,True,False
val,BGE 129 III 181 E. 3.2,1,True,court,bge,court_bge,False,False,True,True,True,True,True,False
val,Art. 98 Abs. 2 IPRG,1,True,law,statute_article,statute_article,True,False,False,False,True,False,True,False
val,Art. 100 Abs. 1 IPRG,1,True,law,statute_article,statute_article,True,False,False,True,True,True,True,False
val,Art. 641 Abs. 2 ZGB,1,True,law,statute_article,statute_article,True,False,False,True,True,True,True,False
val,Art. 292 StGB,1,True,law,statute_article,statute_article,True,True,False,True,True,True,True,False
val,Art. 197 Abs. 1 ZGB,1,True,law,statute_article,statute_article,True,False,False,True,True,True,True,False
val,Art. 3 Abs. 2 ZGB,1,True,law,statute_article,statute_article,True,False,False,True,True,True,True,False
val,Art. 933 ZGB,1,True,law,statute_article,statute_article,True,False,False,True,True,True,True,False
val,Art. 940 Abs. 1 ZGB,1,True,law,statute_article,statute_article,True,False,False,True,True,True,True,False
val,Art. 934 Abs. 1 ZGB,1,True,law,statute_article,statute_article,True,False,False,True,True,True,True,False
val,Art. 934 Abs. 1bis ZGB,1,True,law,statute_article,statute_article,True,False,False,True,True,True,True,False
val,Art. 934 Abs. 2 ZGB,1,True,law,statute_article,statute_article,True,True,False,True,True,True,True,False
val,Art. 8 ZGB,1,True,law,statute_article,statute_article,True,False,False,True,True,True,True,False
val,Art. 245 Abs. 2 OR,1,True,law,statute_article,statute_article,True,False,False,True,True,True,True,False
val,Art. 15 OR,1,True,law,statute_article,statute_article,True,False,False,True,True,True,True,False
val,BGE 139 III 305 E. 5,1,True,court,bge,court_bge,False,False,True,False,True,False,True,False
val,BGE 132 III 155 E. 4,1,True,court,bge,court_bge,False,False,True,False,True,False,True,False
val,BGE 144 III 264 E. 5.1,1,True,court,bge,court_bge,False,False,True,False,True,False,True,False
val,BGE 141 III 433 E. 2.5.1,1,True,court,bge,court_bge,False,False,True,True,True,True,True,False
val,Art. 107 Abs. 2 BGG,1,True,law,statute_article,statute_article,True,False,False,True,True,True,True,False
val,Art. 333 Abs. 1 StGB,1,True,law,statute_article,statute_article,True,False,False,True,True,True,True,False
val,Art. 333 Abs. 1 StPO,1,True,law,statute_article,statute_article,True,False,False,True,True,True,True,False
val,Art. 314 StGB,1,True,law,statute_article,statute_article,True,False,False,True,True,True,True,False
val,Art. 429 Abs. 1 StPO,1,True,law,statute_article,statute_article,True,False,False,True,True,True,True,False
val,Art. 436 Abs. 1 StPO,1,True,law,statute_article,statute_article,True,False,False,True,True,True,True,False
val,Art. 436 Abs. 2 StPO,1,True,law,statute_article,statute_article,True,False,False,True,True,True,True,False
val,Art. 42 Abs. 1 StGB,1,True,law,statute_article,statute_article,True,False,False,True,True,True,True,False
val,Art. 44 Abs. 1 StGB,1,True,law,statute_article,statute_article,True,False,False,True,True,True,True,False
val,Art. 49 Abs. 2 StGB,1,True,law,statute_article,statute_article,True,True,False,True,True,True,True,False
val,Art. 50 StGB,1,True,law,statute_article,statute_article,True,True,False,True,True,True,True,False
val,BGE 131 III 91 E. 5.2,1,True,court,bge,court_bge,False,False,True,True,True,True,True,False
val,6B_1233/2016 E. 1,1,True,court,federal_tribunal_modern_docket,court_case,False,False,True,True,True,True,True,False
val,BGE 135 III 334 E. 2,1,True,court,bge,court_bge,False,False,True,True,True,True,True,False
val,6B_904/2020 E. 1.1,1,True,court,federal_tribunal_modern_docket,court_case,False,False,True,False,True,False,True,False
val,BGE 149 IV 42 E. 3.5,1,True,court,bge,court_bge,False,False,True,False,True,False,True,False
val,Art. 110 Abs. 3 StGB,1,True,law,statute_article,statute_article,True,True,False,True,True,True,True,False
val,Art. 12 Abs. 1 StGB,1,True,law,statute_article,statute_article,True,True,False,True,True,True,True,False
val,Art. 25 StGB,1,True,law,statute_article,statute_article,True,False,False,True,True,True,True,False
val,Art. 26 StGB,1,True,law,statute_article,statute_article,True,False,False,True,True,True,True,False
val,Art. 32 Abs. 2 BV,1,True,law,statute_article,statute_article,True,False,False,True,True,True,True,False
val,Art. 9 Abs. 1 StPO,1,True,law,statute_article,statute_article,True,False,False,True,True,True,True,False
val,6B_128/2014 E. 5.2.2,1,True,court,federal_tribunal_modern_docket,court_case,False,False,True,False,True,False,True,False
val,6B_1110/2014 E. 2.3,1,True,court,federal_tribunal_modern_docket,court_case,False,False,True,True,True,True,True,False
val,BGE 143 IV 63 E. 2.2,1,True,court,bge,court_bge,False,False,True,True,True,True,True,False
val,BGE 141 IV 132 E. 3.4.1,1,True,court,bge,court_bge,False,False,True,True,True,True,True,False
val,Art. 308 Abs. 1 ZGB,1,True,law,statute_article,statute_article,True,False,False,True,True,True,True,False
val,Art. 129 Abs. 3 ZGB,1,True,law,statute_article,statute_article,True,False,False,True,True,True,True,False
val,Art. 277 Abs. 2 ZGB,1,True,law,statute_article,statute_article,True,False,False,True,True,True,True,False
val,Art. 288 Abs. 1 ZGB,1,True,law,statute_article,statute_article,True,False,False,True,True,True,True,False
val,Art. 291 ZGB,1,True,law,statute_article,statute_article,True,True,False,True,True,True,True,False
val,Art. 292 ZGB,1,True,law,statute_article,statute_article,True,True,False,True,True,True,True,False
val,Art. 277 Abs. 1 ZGB,1,True,law,statute_article,statute_article,True,False,False,True,True,True,True,False
val,Art. 286 Abs. 1 ZGB,1,True,law,statute_article,statute_article,True,False,False,True,True,True,True,False
val,Art. 286 Abs. 2 ZGB,1,True,law,statute_article,statute_article,True,False,False,True,True,True,True,False
val,5A_561/2020 E. 5.1.1,1,True,court,federal_tribunal_modern_docket,court_case,False,False,True,False,True,False,True,False
val,5A_954/2015 E. 3.3,1,True,court,federal_tribunal_modern_docket,court_case,False,False,True,False,True,False,True,False
val,BGE 137 III 193 E. 2.1,1,True,court,bge,court_bge,False,False,True,True,True,True,True,False
val,Art. 405 Abs. 1 ZPO,1,True,law,statute_article,statute_article,True,False,False,True,True,True,True,False
val,Art. 300 ZPO,1,True,law,statute_article,statute_article,True,True,False,True,True,True,True,False
val,Art. 397 Abs. 1 OR,1,True,law,statute_article,statute_article,True,False,False,True,True,True,True,False
val,Art. 100 Abs. 1 OR,1,True,law,statute_article,statute_article,True,False,False,True,True,True,True,False
val,Art. 100 Abs. 2 OR,1,True,law,statute_article,statute_article,True,False,False,True,True,True,True,False
val,Art. 101 Abs. 3 OR,1,True,law,statute_article,statute_article,True,False,False,False,True,False,True,False
val,Art. 4 ZGB,1,True,law,statute_article,statute_article,True,False,False,True,True,True,True,False
val,Art. 2 Abs. 2 ZGB,1,True,law,statute_article,statute_article,True,False,False,True,True,True,True,False
val,Art. 84 Abs. 1 OR,1,True,law,statute_article,statute_article,True,False,False,True,True,True,True,False
val,Art. 84 Abs. 2 OR,1,True,law,statute_article,statute_article,True,False,False,True,True,True,True,False
val,Art. 67 Abs. 1 SchKG,1,True,law,statute_article,statute_article,True,False,False,True,True,True,True,False
val,Art. 176 Abs. 1 ZPO,1,True,law,statute_article,statute_article,True,False,False,True,True,True,True,False
val,Art. 181 Abs. 3 ZPO,1,True,law,statute_article,statute_article,True,False,False,True,True,True,True,False
val,BGE 132 III 449 E. 2,1,True,court,bge,court_bge,False,False,True,True,True,True,True,False
val,BGE 128 III 76 E. 1b,1,True,court,bge,court_bge,False,False,True,True,True,True,True,False
val,BGE 127 III 147 E. 2c,1,True,court,bge,court_bge,False,False,True,True,True,True,True,False
val,BGE 134 III 151 E. 2.4,1,True,court,bge,court_bge,False,False,True,True,True,True,True,False
val,BGE 134 III 151 E. 2.5,1,True,court,bge,court_bge,False,False,True,False,True,False,True,False
val,BGE 146 III 326 E. 5.2,1,True,court,bge,court_bge,False,False,True,False,True,False,True,False
val,BGE 146 III 326 E. 6.1,1,True,court,bge,court_bge,False,False,True,True,True,True,True,False
val,4A_379/2016 E. 3.3.1,1,True,court,federal_tribunal_modern_docket,court_case,False,False,True,True,True,True,True,False
val,4A_42/2015 E. 5.5,1,True,court,federal_tribunal_modern_docket,court_case,False,False,True,True,True,True,True,False
val,4A_42/2015 E. 6.3,1,True,court,federal_tribunal_modern_docket,court_case,False,False,True,True,True,True,True,False
val,4A_42/2015 E. 6.6,1,True,court,federal_tribunal_modern_docket,court_case,False,False,True,False,True,False,True,False
